age,income,debt,loan_amount,term_months,balance,credit_limit,dependents,monthly_payment,education,purpose,housing,employment_type,default
24,4903000.0,4918000.0,23578000.0,12,9972000.0,12560000.0,1,2200600.0,S1,modal_usaha,milik,kontrak,yes
55,13622000.0,25515000.0,63574000.0,48,26094000.0,36720000.0,1,1483400.0,D3,modal_usaha,milik,wiraswasta,no
49,11624000.0,15075000.0,63868000.0,48,10598000.0,15327000.0,2,1490300.0,S2,pendidikan,milik,tetap,no
40,4965000.0,3999000.0,15315000.0,24,5285000.0,8690000.0,0,714700.0,S1,konsumtif,milik,,no
40,5901000.0,16900000.0,20287000.0,24,2906000.0,12859000.0,3,946700.0,SMA,pendidikan,sewa,wiraswasta,yes
58,26170000.0,47084000.0,138895000.0,24,14928000.0,54391000.0,1,6481800.0,S1,konsumtif,milik,kontrak,no
24,7720000.0,4215000.0,15848000.0,36,2384000.0,23144000.0,0,493000.0,D3,konsumtif,keluarga,wiraswasta,no
51,20298000.0,12664000.0,37603000.0,24,1211000.0,28576000.0,0,1754800.0,SMA,kendaraan,milik,wiraswasta,no
29,5967000.0,3928000.0,3283000.0,24,2957000.0,5710000.0,0,153200.0,SMA,pendidikan,keluarga,wiraswasta,no
25,23951000.0,6501000.0,109256000.0,24,17375000.0,39598000.0,2,5098600.0,S1,pendidikan,keluarga,wiraswasta,no
44,7818000.0,8928000.0,33474000.0,60,4177000.0,15164000.0,2,624800.0,SMA,modal_usaha,milik,kontrak,no
63,,5527000.0,20753000.0,36,5813000.0,16955000.0,3,645600.0,SMA,modal_usaha,keluarga,,no
53,4772000.0,5619000.0,5796000.0,24,169000.0,7170000.0,3,270500.0,SMA,renovasi,sewa,wiraswasta,no
54,17747000.0,6368000.0,13025000.0,36,14305000.0,24242000.0,1,405200.0,D3,renovasi,milik,wiraswasta,no
52,8286000.0,24329000.0,26376000.0,48,10474000.0,14421000.0,0,615400.0,D3,modal_usaha,sewa,,yes
55,8193000.0,16120000.0,12815000.0,48,6309000.0,18977000.0,1,299000.0,D3,modal_usaha,sewa,kontrak,no
43,12617000.0,25326000.0,61365000.0,60,7061000.0,14226000.0,2,1145500.0,SMA,kendaraan,milik,tetap,no
26,8791000.0,8174000.0,50330000.0,36,14893000.0,23772000.0,0,1565800.0,SMA,renovasi,milik,wiraswasta,no
57,23569000.0,29117000.0,112488000.0,36,7634000.0,52099000.0,0,3499600.0,S1,pendidikan,sewa,tetap,no
40,7110000.0,16536000.0,36857000.0,24,6055000.0,7367000.0,3,1720000.0,D3,renovasi,milik,tetap,yes
43,10757000.0,28742000.0,63997000.0,48,3518000.0,9162000.0,2,1493300.0,S1,renovasi,sewa,tetap,no
37,6194000.0,12820000.0,28334000.0,36,1636000.0,5655000.0,1,881500.0,SMA,renovasi,keluarga,kontrak,no
29,7835000.0,27132000.0,28365000.0,24,5000000.0,7826000.0,2,1323700.0,SMA,pendidikan,milik,wiraswasta,yes
61,,40225000.0,97709000.0,36,10169000.0,43693000.0,1,3039800.0,SMA,modal_usaha,sewa,kontrak,no
55,12938000.0,12349000.0,46592000.0,24,13427000.0,37131000.0,2,2174300.0,D3,konsumtif,keluarga,tetap,no
49,,22511000.0,68893000.0,36,8749000.0,26163000.0,3,2143300.0,D3,pendidikan,milik,tetap,no
38,15063000.0,9305000.0,10224000.0,24,2988000.0,21473000.0,0,477100.0,S1,kendaraan,milik,tetap,no
57,10225000.0,11548000.0,41272000.0,24,3449000.0,27657000.0,2,1926000.0,D3,renovasi,sewa,wiraswasta,no
44,,14432000.0,70988000.0,12,6946000.0,24973000.0,2,6625500.0,D3,konsumtif,keluarga,tetap,no
40,22470000.0,14997000.0,96898000.0,24,16711000.0,39091000.0,1,4521900.0,S1,renovasi,sewa,wiraswasta,no
40,16506000.0,24387000.0,44943000.0,24,10839000.0,30389000.0,2,2097300.0,SMA,kendaraan,milik,tetap,no
30,11924000.0,17732000.0,46419000.0,48,7474000.0,12192000.0,4,1083100.0,D3,modal_usaha,milik,kontrak,no
25,5186000.0,5551000.0,25781000.0,36,4160000.0,6654000.0,1,802100.0,SMA,kendaraan,sewa,wiraswasta,no
45,,6495000.0,39066000.0,36,11753000.0,24224000.0,1,1215400.0,D3,konsumtif,milik,tetap,no
60,12475000.0,22733000.0,39938000.0,24,15290000.0,27639000.0,0,1863800.0,SMA,modal_usaha,milik,,no
23,16310000.0,4107000.0,40599000.0,48,3608000.0,23320000.0,0,947300.0,S1,modal_usaha,keluarga,tetap,no
58,21839000.0,68655000.0,58589000.0,48,33693000.0,62969000.0,1,1367100.0,S2,kendaraan,sewa,,no
57,11190000.0,17795000.0,61472000.0,36,11735000.0,18738000.0,2,1912500.0,SMA,pendidikan,sewa,wiraswasta,yes
33,9409000.0,5884000.0,13494000.0,36,3683000.0,10443000.0,2,419800.0,S1,modal_usaha,milik,tetap,no
48,10391000.0,5629000.0,54515000.0,48,9295000.0,30380000.0,0,1272000.0,S1,pendidikan,milik,wiraswasta,no
28,5031000.0,3915000.0,7919000.0,48,3849000.0,11395000.0,1,184800.0,SMA,konsumtif,milik,tetap,no
54,14260000.0,18353000.0,84061000.0,24,16753000.0,35025000.0,2,3922800.0,S1,konsumtif,sewa,kontrak,yes
51,27540000.0,32464000.0,81681000.0,36,8635000.0,23396000.0,3,2541200.0,S1,renovasi,keluarga,tetap,no
36,10855000.0,11813000.0,49215000.0,24,9436000.0,15446000.0,0,2296700.0,S2,kendaraan,keluarga,tetap,no
23,9798000.0,3571000.0,44204000.0,48,20570000.0,28218000.0,3,1031400.0,S2,pendidikan,milik,kontrak,no
63,6883000.0,11747000.0,32687000.0,36,3291000.0,7861000.0,2,1016900.0,SMA,renovasi,milik,kontrak,no
40,11553000.0,26820000.0,55936000.0,60,15679000.0,31443000.0,0,1044100.0,D3,modal_usaha,milik,kontrak,no
60,,37540000.0,15862000.0,12,7144000.0,55357000.0,2,1480500.0,D3,modal_usaha,milik,wiraswasta,no
50,16702000.0,38949000.0,33460000.0,36,21088000.0,27270000.0,2,1041000.0,SMA,modal_usaha,sewa,tetap,no
55,9641000.0,5703000.0,17001000.0,48,3945000.0,26520000.0,0,396700.0,SMA,pendidikan,milik,tetap,no
54,21649000.0,5337000.0,94006000.0,48,18503000.0,61266000.0,0,2193500.0,S2,modal_usaha,keluarga,wiraswasta,no
29,5142000.0,11325000.0,21896000.0,48,4029000.0,13920000.0,1,510900.0,SMA,pendidikan,sewa,wiraswasta,yes
37,10055000.0,26371000.0,21454000.0,24,7971000.0,17058000.0,0,1001200.0,D3,kendaraan,milik,kontrak,yes
41,12229000.0,11200000.0,59488000.0,60,17851000.0,25579000.0,0,1110400.0,S1,modal_usaha,sewa,kontrak,no
42,7147000.0,15324000.0,15823000.0,60,4082000.0,10531000.0,3,295400.0,SMA,renovasi,keluarga,kontrak,no
22,6440000.0,6380000.0,15367000.0,60,416000.0,6993000.0,2,286900.0,D3,modal_usaha,keluarga,kontrak,no
45,17424000.0,4444000.0,46935000.0,36,30287000.0,48520000.0,2,1460200.0,S2,pendidikan,milik,tetap,no
27,5802000.0,3748000.0,26662000.0,48,1497000.0,17165000.0,2,622100.0,D3,modal_usaha,milik,wiraswasta,no
53,7609000.0,6331000.0,4297000.0,12,3816000.0,7068000.0,2,401100.0,SMA,pendidikan,milik,kontrak,no
51,17651000.0,20643000.0,96826000.0,24,18818000.0,40827000.0,0,4518500.0,SMA,pendidikan,keluarga,kontrak,yes
61,64215000.0,76122000.0,276529000.0,12,154440000.0,185475000.0,2,25809400.0,S2,pendidikan,milik,wiraswasta,no
53,4936000.0,1917000.0,18393000.0,36,5883000.0,10550000.0,2,572200.0,SMA,modal_usaha,sewa,kontrak,no
37,4498000.0,9874000.0,8120000.0,60,1267000.0,4064000.0,1,151600.0,D3,konsumtif,milik,wiraswasta,no
63,6605000.0,6368000.0,31838000.0,36,1814000.0,5501000.0,4,990500.0,SMA,renovasi,milik,tetap,no
39,7846000.0,5831000.0,41586000.0,36,4261000.0,14978000.0,2,1293800.0,D3,renovasi,milik,wiraswasta,no
35,,12592000.0,57907000.0,48,21452000.0,50965000.0,1,1351200.0,S2,kendaraan,sewa,kontrak,no
60,15651000.0,4846000.0,33001000.0,36,8865000.0,22123000.0,1,1026700.0,D3,konsumtif,milik,kontrak,no
37,13302000.0,28787000.0,34493000.0,36,12415000.0,20894000.0,1,1073100.0,S2,kendaraan,milik,wiraswasta,no
24,6389000.0,2677000.0,17821000.0,36,1166000.0,16300000.0,1,554400.0,SMA,kendaraan,milik,wiraswasta,no
41,6240000.0,6533000.0,13619000.0,36,10024000.0,15997000.0,0,423700.0,D3,kendaraan,milik,tetap,yes
56,12461000.0,24774000.0,55041000.0,36,29203000.0,35838000.0,0,1712400.0,S1,kendaraan,milik,tetap,yes
29,6804000.0,2219000.0,16207000.0,48,9353000.0,17997000.0,1,378200.0,D3,pendidikan,sewa,wiraswasta,no
41,3352000.0,3660000.0,16816000.0,36,4527000.0,7061000.0,1,523200.0,SMA,pendidikan,keluarga,tetap,no
26,4806000.0,6112000.0,14660000.0,36,10243000.0,13770000.0,2,456100.0,S1,renovasi,sewa,tetap,no
51,6158000.0,6385000.0,24381000.0,36,9835000.0,13250000.0,2,758500.0,D3,kendaraan,milik,tetap,no
41,12017000.0,17872000.0,68662000.0,60,5400000.0,25518000.0,0,1281700.0,D3,renovasi,milik,tetap,no
35,13262000.0,8562000.0,39167000.0,36,5614000.0,11062000.0,2,1218500.0,S2,modal_usaha,milik,wiraswasta,no
30,7385000.0,7226000.0,10612000.0,48,1944000.0,13308000.0,1,247600.0,SMA,renovasi,milik,tetap,no
45,3211000.0,5388000.0,11317000.0,36,1070000.0,2872000.0,1,352100.0,SMA,pendidikan,milik,kontrak,no
50,4124000.0,6347000.0,13328000.0,12,1032000.0,11454000.0,2,1243900.0,SMA,pendidikan,milik,tetap,no
62,,16666000.0,80514000.0,36,4921000.0,13793000.0,0,2504900.0,D3,pendidikan,milik,kontrak,no
40,1923000.0,2649000.0,10059000.0,24,2665000.0,2837000.0,1,469400.0,SMA,renovasi,sewa,wiraswasta,no
28,14579000.0,7285000.0,64431000.0,24,21154000.0,43579000.0,0,3006800.0,S1,modal_usaha,milik,tetap,no
57,4015000.0,5094000.0,23460000.0,24,4968000.0,10235000.0,1,1094800.0,SMA,kendaraan,milik,wiraswasta,no
48,17602000.0,20116000.0,34862000.0,48,25948000.0,43422000.0,1,813400.0,S1,modal_usaha,milik,wiraswasta,no
51,5488000.0,18434000.0,9964000.0,36,7529000.0,12997000.0,2,310000.0,SMA,modal_usaha,milik,tetap,yes
25,10242000.0,3823000.0,21529000.0,36,2697000.0,9348000.0,1,669800.0,D3,konsumtif,keluarga,tetap,no
34,25538000.0,49277000.0,107004000.0,36,4905000.0,36622000.0,0,3329000.0,SMA,renovasi,keluarga,tetap,no
54,4824000.0,8046000.0,8582000.0,24,3596000.0,12333000.0,3,400500.0,S1,renovasi,milik,wiraswasta,no
57,15540000.0,3214000.0,15327000.0,48,7000000.0,43049000.0,2,357600.0,D3,modal_usaha,milik,tetap,no
40,3709000.0,4488000.0,21800000.0,60,1928000.0,5824000.0,0,406900.0,D3,modal_usaha,milik,tetap,no
56,16853000.0,36745000.0,37588000.0,48,10219000.0,23101000.0,1,877100.0,S1,renovasi,sewa,tetap,no
58,13137000.0,17466000.0,22637000.0,24,1798000.0,17327000.0,1,1056400.0,S1,modal_usaha,milik,tetap,no
38,6868000.0,15995000.0,16985000.0,60,7509000.0,13775000.0,1,317100.0,SMA,modal_usaha,keluarga,wiraswasta,yes
60,12357000.0,20428000.0,16946000.0,48,4967000.0,17810000.0,0,395400.0,S2,konsumtif,milik,wiraswasta,no
33,8413000.0,8989000.0,5862000.0,12,1835000.0,7125000.0,0,547100.0,SMA,pendidikan,milik,tetap,no
31,2976000.0,297000.0,6487000.0,24,2263000.0,4939000.0,1,302700.0,SMA,modal_usaha,keluarga,kontrak,no
51,17836000.0,32601000.0,42062000.0,24,7151000.0,35997000.0,2,1962900.0,D3,konsumtif,sewa,kontrak,no
49,6569000.0,11121000.0,32586000.0,48,4526000.0,14421000.0,2,760300.0,SMA,kendaraan,milik,tetap,no
27,2827000.0,8178000.0,8187000.0,36,1199000.0,4395000.0,2,254700.0,SMA,modal_usaha,milik,kontrak,yes
57,29027000.0,69466000.0,132135000.0,24,14928000.0,43267000.0,0,6166300.0,S1,modal_usaha,keluarga,wiraswasta,no
29,5345000.0,4594000.0,24301000.0,24,2432000.0,7614000.0,0,1134000.0,SMA,modal_usaha,keluarga,wiraswasta,no
56,32816000.0,60395000.0,158812000.0,36,43212000.0,71254000.0,0,4940800.0,S1,kendaraan,sewa,kontrak,no
21,15992000.0,21741000.0,88784000.0,36,5492000.0,22772000.0,1,2762200.0,S2,pendidikan,milik,kontrak,no
56,9712000.0,7639000.0,31491000.0,36,10686000.0,27359000.0,4,979700.0,S1,kendaraan,milik,wiraswasta,no
55,13148000.0,15666000.0,14091000.0,24,6313000.0,18666000.0,0,657600.0,S1,pendidikan,sewa,wiraswasta,no
55,14425000.0,21466000.0,10280000.0,36,13190000.0,36640000.0,1,319800.0,S1,renovasi,milik,wiraswasta,no
50,30918000.0,24793000.0,47243000.0,60,24827000.0,46482000.0,1,881900.0,S2,modal_usaha,milik,wiraswasta,no
41,8326000.0,14833000.0,42135000.0,24,4914000.0,18287000.0,1,1966300.0,SMA,kendaraan,milik,tetap,yes
52,9023000.0,11371000.0,33014000.0,36,3041000.0,21094000.0,2,1027100.0,SMA,renovasi,sewa,kontrak,no
33,6743000.0,16294000.0,8568000.0,24,2792000.0,7981000.0,2,399800.0,D3,renovasi,sewa,tetap,no
55,,12358000.0,13175000.0,24,4678000.0,17531000.0,2,614800.0,D3,modal_usaha,keluarga,wiraswasta,no
45,13218000.0,5350000.0,71420000.0,48,5621000.0,14284000.0,0,1666500.0,SMA,kendaraan,milik,tetap,no
41,10635000.0,15540000.0,35735000.0,60,3530000.0,20456000.0,2,667100.0,S1,pendidikan,keluarga,tetap,no
43,5934000.0,10181000.0,8577000.0,24,4322000.0,16620000.0,0,400300.0,SMA,modal_usaha,milik,tetap,yes
46,11229000.0,9842000.0,60997000.0,24,11695000.0,23712000.0,1,2846500.0,S2,renovasi,keluarga,wiraswasta,no
22,3786000.0,5139000.0,16901000.0,12,3943000.0,8873000.0,0,1577400.0,SMA,kendaraan,sewa,wiraswasta,yes
27,2828000.0,1462000.0,8845000.0,36,464000.0,4023000.0,1,275200.0,SMA,kendaraan,milik,kontrak,no
31,4075000.0,3932000.0,12461000.0,12,2889000.0,7458000.0,2,1163000.0,SMA,renovasi,keluarga,kontrak,no
26,10245000.0,7765000.0,43025000.0,36,8673000.0,24892000.0,0,1338600.0,SMA,kendaraan,sewa,kontrak,no
40,6120000.0,6903000.0,14447000.0,24,421000.0,6664000.0,0,674200.0,SMA,pendidikan,sewa,kontrak,no
50,11039000.0,16664000.0,66229000.0,36,5827000.0,11787000.0,2,2060500.0,SMA,modal_usaha,keluarga,,no
49,2588000.0,7224000.0,12461000.0,60,211000.0,3348000.0,2,232600.0,SMA,pendidikan,milik,tetap,no
41,8831000.0,3058000.0,35547000.0,12,3533000.0,11665000.0,1,3317700.0,SMA,modal_usaha,milik,kontrak,no
58,10760000.0,32501000.0,46063000.0,48,8015000.0,31390000.0,2,1074800.0,D3,kendaraan,milik,tetap,no
45,7373000.0,7969000.0,44079000.0,48,2454000.0,8471000.0,1,1028500.0,D3,kendaraan,milik,kontrak,no
24,5463000.0,3943000.0,3055000.0,24,4875000.0,5634000.0,3,142600.0,SMA,modal_usaha,keluarga,wiraswasta,no
54,6913000.0,15385000.0,4324000.0,60,2427000.0,7624000.0,2,80700.0,SMA,renovasi,keluarga,wiraswasta,no
46,,7083000.0,13860000.0,36,1456000.0,3586000.0,1,431200.0,SMA,kendaraan,sewa,kontrak,no
48,11746000.0,32084000.0,19400000.0,36,4718000.0,18925000.0,0,603600.0,SMA,kendaraan,sewa,tetap,no
45,8198000.0,22197000.0,34992000.0,36,5284000.0,10114000.0,1,1088600.0,SMA,renovasi,milik,tetap,no
45,9907000.0,2663000.0,32380000.0,24,2850000.0,9839000.0,0,1511100.0,S1,modal_usaha,keluarga,tetap,no
24,6307000.0,9779000.0,14208000.0,12,6384000.0,6941000.0,2,1326100.0,S2,renovasi,milik,tetap,yes
45,7338000.0,9918000.0,13006000.0,36,7047000.0,18618000.0,0,404600.0,S2,modal_usaha,milik,wiraswasta,no
55,12125000.0,25316000.0,57862000.0,48,8157000.0,23573000.0,1,1350100.0,D3,konsumtif,keluarga,wiraswasta,no
34,15526000.0,18085000.0,22364000.0,60,33180000.0,37898000.0,0,417500.0,D3,kendaraan,sewa,kontrak,no
47,8347000.0,13327000.0,11460000.0,36,1366000.0,9922000.0,0,356500.0,SMA,pendidikan,sewa,kontrak,no
22,4048000.0,2592000.0,11863000.0,24,2464000.0,5956000.0,0,553600.0,S1,konsumtif,milik,tetap,no
36,,21633000.0,12413000.0,12,3235000.0,31796000.0,1,1158500.0,S1,renovasi,milik,tetap,no
40,,769000.0,41012000.0,60,6147000.0,10064000.0,4,765600.0,S1,konsumtif,milik,tetap,no
64,23696000.0,19825000.0,141130000.0,24,15603000.0,41825000.0,0,6586100.0,S1,konsumtif,milik,wiraswasta,no
30,9185000.0,5080000.0,42375000.0,60,6260000.0,13325000.0,0,791000.0,D3,modal_usaha,sewa,wiraswasta,no
33,2399000.0,3459000.0,9159000.0,24,861000.0,1958000.0,2,427400.0,S1,konsumtif,sewa,tetap,no
38,12856000.0,4243000.0,34332000.0,12,12965000.0,25910000.0,1,3204300.0,S1,kendaraan,keluarga,tetap,no
64,6586000.0,3071000.0,39081000.0,24,4257000.0,13238000.0,1,1823800.0,SMA,renovasi,milik,tetap,no
58,9476000.0,7051000.0,50599000.0,36,1389000.0,14262000.0,0,1574200.0,S2,renovasi,milik,tetap,no
22,4462000.0,7526000.0,22369000.0,24,1122000.0,8205000.0,3,1043900.0,SMA,modal_usaha,keluarga,,no
31,13296000.0,19674000.0,23468000.0,60,11347000.0,22102000.0,1,438100.0,S2,kendaraan,milik,tetap,no
57,6768000.0,9236000.0,7984000.0,36,3427000.0,12326000.0,0,248400.0,S1,renovasi,milik,wiraswasta,no
23,6791000.0,7404000.0,10042000.0,12,12111000.0,18103000.0,1,937300.0,SMA,renovasi,sewa,tetap,no
58,20328000.0,50433000.0,39086000.0,36,20007000.0,48192000.0,1,1216000.0,S1,pendidikan,milik,kontrak,no
33,6047000.0,6104000.0,5741000.0,24,3028000.0,8566000.0,1,267900.0,SMA,pendidikan,milik,tetap,no
61,10299000.0,22887000.0,55474000.0,36,8226000.0,13667000.0,1,1725900.0,S1,modal_usaha,sewa,tetap,no
33,5917000.0,4449000.0,8986000.0,48,7990000.0,14174000.0,2,209700.0,S1,modal_usaha,milik,tetap,no
40,16546000.0,25767000.0,28895000.0,60,8495000.0,21409000.0,0,539400.0,S1,kendaraan,keluarga,wiraswasta,no
50,6325000.0,5093000.0,34059000.0,36,7410000.0,17689000.0,1,1059600.0,S1,renovasi,milik,tetap,no
26,8428000.0,17749000.0,48628000.0,24,2457000.0,22184000.0,0,2269300.0,SMA,kendaraan,milik,,yes
45,6822000.0,11941000.0,11732000.0,36,5171000.0,9248000.0,0,365000.0,SMA,renovasi,keluarga,tetap,no
43,8460000.0,19531000.0,17918000.0,36,12435000.0,21686000.0,0,557400.0,D3,renovasi,milik,wiraswasta,no
55,,2459000.0,19989000.0,36,2118000.0,4980000.0,1,621900.0,SMA,konsumtif,milik,tetap,no
64,12067000.0,10525000.0,70428000.0,12,6310000.0,10314000.0,1,6573300.0,D3,modal_usaha,sewa,wiraswasta,yes
50,10597000.0,7314000.0,43164000.0,24,19755000.0,30885000.0,0,2014300.0,SMA,renovasi,milik,wiraswasta,no
39,4505000.0,1375000.0,13219000.0,60,6355000.0,11150000.0,4,246800.0,D3,renovasi,milik,wiraswasta,no
38,10103000.0,4570000.0,42536000.0,60,6978000.0,18952000.0,1,794000.0,D3,modal_usaha,sewa,wiraswasta,no
39,10660000.0,13277000.0,51078000.0,12,13488000.0,28303000.0,1,4767300.0,S1,modal_usaha,keluarga,kontrak,yes
56,6705000.0,5357000.0,7507000.0,60,2274000.0,6482000.0,0,140100.0,SMA,konsumtif,milik,wiraswasta,no
35,,17256000.0,40518000.0,48,9047000.0,33982000.0,4,945400.0,S1,modal_usaha,sewa,kontrak,no
28,2503000.0,2196000.0,13054000.0,12,3155000.0,7269000.0,1,1218400.0,D3,kendaraan,sewa,wiraswasta,yes
35,7174000.0,5331000.0,31421000.0,60,13245000.0,18659000.0,1,586500.0,SMA,modal_usaha,milik,kontrak,no
21,12320000.0,17258000.0,16580000.0,60,11026000.0,21556000.0,1,309500.0,D3,modal_usaha,milik,wiraswasta,no
25,12213000.0,8902000.0,56835000.0,36,4223000.0,19075000.0,0,1768200.0,D3,kendaraan,milik,tetap,no
24,6001000.0,4957000.0,25030000.0,48,3262000.0,16583000.0,2,584000.0,SMA,pendidikan,sewa,tetap,no
54,9400000.0,3480000.0,18382000.0,24,4636000.0,13548000.0,3,857800.0,D3,renovasi,milik,tetap,no
52,6261000.0,4384000.0,14976000.0,36,5493000.0,17921000.0,0,465900.0,SMA,modal_usaha,milik,kontrak,no
51,8901000.0,14080000.0,19842000.0,48,8249000.0,13384000.0,2,463000.0,D3,renovasi,sewa,wiraswasta,no
41,13561000.0,25884000.0,80862000.0,36,421000.0,14579000.0,1,2515700.0,S1,konsumtif,sewa,tetap,no
52,7223000.0,11752000.0,10910000.0,24,1927000.0,9527000.0,1,509100.0,D3,kendaraan,keluarga,kontrak,yes
28,11815000.0,24889000.0,59805000.0,36,3934000.0,22955000.0,1,1860600.0,S1,konsumtif,sewa,kontrak,yes
60,25139000.0,5288000.0,85938000.0,48,9582000.0,27362000.0,0,2005200.0,SMA,renovasi,sewa,kontrak,no
43,13338000.0,11768000.0,71263000.0,48,12409000.0,21820000.0,1,1662800.0,S2,renovasi,sewa,tetap,no
62,8461000.0,4344000.0,49922000.0,12,7870000.0,23631000.0,1,4659400.0,S1,kendaraan,keluarga,tetap,yes
27,5615000.0,4206000.0,32488000.0,36,1048000.0,5652000.0,2,1010700.0,S2,konsumtif,sewa,wiraswasta,no
42,15332000.0,2222000.0,79702000.0,12,20978000.0,32994000.0,0,7438900.0,S1,pendidikan,milik,tetap,yes
51,7969000.0,5351000.0,22111000.0,36,4462000.0,13454000.0,0,687900.0,SMA,modal_usaha,sewa,kontrak,no
42,12872000.0,13701000.0,25641000.0,24,13213000.0,28632000.0,1,1196600.0,D3,renovasi,milik,tetap,no
40,5282000.0,7284000.0,11923000.0,60,1990000.0,9915000.0,0,222600.0,SMA,konsumtif,keluarga,tetap,no
28,12210000.0,20128000.0,49966000.0,36,7128000.0,33318000.0,2,1554500.0,S1,kendaraan,keluarga,tetap,no
37,9200000.0,5893000.0,21898000.0,36,12806000.0,15507000.0,0,681300.0,S1,konsumtif,milik,tetap,yes
31,4108000.0,9145000.0,11880000.0,48,5003000.0,7881000.0,2,277200.0,SMA,kendaraan,milik,wiraswasta,yes
34,9738000.0,24745000.0,9140000.0,24,6692000.0,10578000.0,2,426500.0,S2,modal_usaha,sewa,tetap,no
51,4777000.0,13287000.0,22646000.0,12,341000.0,8974000.0,4,2113600.0,SMA,modal_usaha,sewa,tetap,no
48,29480000.0,74517000.0,32814000.0,12,7663000.0,31025000.0,2,3062600.0,S1,renovasi,sewa,wiraswasta,no
47,,12771000.0,26657000.0,36,7032000.0,23591000.0,2,829300.0,S1,modal_usaha,milik,tetap,no
36,8352000.0,8549000.0,31298000.0,48,7099000.0,14535000.0,1,730300.0,SMA,kendaraan,keluarga,kontrak,yes
63,12390000.0,5065000.0,42392000.0,24,14418000.0,31265000.0,3,1978300.0,S1,renovasi,sewa,kontrak,no
24,4870000.0,8677000.0,26358000.0,48,363000.0,8380000.0,4,615000.0,S1,modal_usaha,keluarga,wiraswasta,yes
36,5625000.0,7013000.0,23191000.0,12,6115000.0,12304000.0,0,2164500.0,SMA,modal_usaha,milik,tetap,yes
26,10676000.0,28179000.0,51669000.0,24,3720000.0,9926000.0,1,2411200.0,D3,konsumtif,milik,,yes
35,4856000.0,3384000.0,10532000.0,36,4075000.0,11470000.0,3,327700.0,SMA,kendaraan,sewa,tetap,no
63,10663000.0,14208000.0,13088000.0,48,8058000.0,30990000.0,2,305400.0,S1,renovasi,sewa,tetap,no
37,6824000.0,6776000.0,31311000.0,60,11507000.0,12182000.0,0,584500.0,SMA,kendaraan,milik,,no
60,23314000.0,25574000.0,31350000.0,36,12732000.0,19156000.0,1,975300.0,S2,konsumtif,milik,wiraswasta,no
42,22641000.0,62741000.0,115195000.0,36,21033000.0,48181000.0,2,3583800.0,S1,kendaraan,keluarga,wiraswasta,no
51,,4663000.0,54586000.0,12,4759000.0,10745000.0,2,5094700.0,SMA,renovasi,sewa,kontrak,yes
41,,8343000.0,18787000.0,24,7481000.0,16716000.0,0,876700.0,SMA,modal_usaha,milik,tetap,no
32,12480000.0,13490000.0,58475000.0,60,2959000.0,10875000.0,0,1091500.0,S1,kendaraan,milik,tetap,no
54,7986000.0,11422000.0,23202000.0,36,4541000.0,14169000.0,1,721800.0,S1,modal_usaha,keluarga,tetap,no
63,8207000.0,5129000.0,17600000.0,24,14023000.0,22355000.0,0,821300.0,D3,renovasi,milik,tetap,no
32,3571000.0,6046000.0,10253000.0,24,1778000.0,3920000.0,1,478500.0,SMA,modal_usaha,sewa,tetap,yes
55,4831000.0,4702000.0,19600000.0,12,3726000.0,9161000.0,1,1829300.0,SMA,modal_usaha,sewa,tetap,yes
32,16094000.0,32820000.0,95508000.0,48,19082000.0,21864000.0,2,2228500.0,S2,renovasi,keluarga,tetap,no
52,11834000.0,4323000.0,25446000.0,36,7329000.0,16263000.0,2,791700.0,D3,renovasi,sewa,wiraswasta,no
55,14158000.0,1569000.0,62050000.0,60,10118000.0,31364000.0,3,1158300.0,S1,modal_usaha,sewa,kontrak,no
40,2606000.0,2454000.0,6103000.0,36,370000.0,6375000.0,0,189900.0,D3,pendidikan,sewa,wiraswasta,no
53,41407000.0,56184000.0,77956000.0,48,43394000.0,112678000.0,1,1819000.0,S2,konsumtif,keluarga,wiraswasta,no
32,3889000.0,1750000.0,15459000.0,12,1795000.0,5492000.0,2,1442800.0,SMA,modal_usaha,milik,tetap,yes
24,12677000.0,23967000.0,59418000.0,24,1125000.0,12116000.0,1,2772800.0,SMA,kendaraan,milik,wiraswasta,no
25,5167000.0,9809000.0,22971000.0,24,1803000.0,9161000.0,3,1072000.0,S2,modal_usaha,milik,kontrak,no
40,,4501000.0,51243000.0,24,7934000.0,18806000.0,0,2391300.0,S2,pendidikan,keluarga,wiraswasta,yes
60,3572000.0,3911000.0,3895000.0,60,2887000.0,8670000.0,3,72700.0,SMA,modal_usaha,sewa,wiraswasta,no
26,7656000.0,3917000.0,26594000.0,48,13244000.0,18859000.0,2,620500.0,D3,konsumtif,milik,wiraswasta,no
41,5191000.0,8427000.0,10899000.0,24,462000.0,14015000.0,1,508600.0,D3,modal_usaha,milik,kontrak,yes
51,6294000.0,1967000.0,31428000.0,36,1313000.0,5467000.0,0,977800.0,D3,modal_usaha,sewa,tetap,no
29,2971000.0,1146000.0,2499000.0,36,4903000.0,8789000.0,2,77700.0,SMA,kendaraan,milik,kontrak,no
52,18362000.0,10014000.0,26936000.0,36,5440000.0,53745000.0,0,838000.0,S1,kendaraan,sewa,wiraswasta,no
34,8303000.0,9871000.0,39407000.0,12,4525000.0,7292000.0,0,3678000.0,SMA,renovasi,milik,tetap,yes
56,31434000.0,16029000.0,77030000.0,24,23099000.0,46813000.0,3,3594700.0,S1,modal_usaha,sewa,tetap,no
46,5495000.0,9061000.0,23353000.0,12,4999000.0,13651000.0,3,2179600.0,SMA,pendidikan,milik,tetap,yes
45,8109000.0,13580000.0,48587000.0,60,5773000.0,15024000.0,0,907000.0,SMA,konsumtif,milik,tetap,no
28,4703000.0,12206000.0,14246000.0,36,1117000.0,3810000.0,1,443200.0,S1,pendidikan,milik,kontrak,no
41,,5165000.0,20180000.0,48,4390000.0,9294000.0,2,470900.0,SMA,modal_usaha,sewa,wiraswasta,no
58,11416000.0,12096000.0,66947000.0,60,17818000.0,23673000.0,0,1249700.0,S1,konsumtif,sewa,tetap,no
21,5880000.0,13861000.0,27078000.0,24,11157000.0,16082000.0,2,1263600.0,SMA,kendaraan,keluarga,tetap,yes
54,26421000.0,6715000.0,41802000.0,12,25434000.0,69338000.0,4,3901500.0,S2,pendidikan,sewa,tetap,no
42,16886000.0,11553000.0,83141000.0,24,34582000.0,48664000.0,0,3879900.0,S1,modal_usaha,sewa,wiraswasta,no
52,8857000.0,19985000.0,29558000.0,36,9242000.0,16203000.0,2,919600.0,S1,renovasi,milik,tetap,no
50,12601000.0,16980000.0,60870000.0,36,6583000.0,32211000.0,1,1893700.0,SMA,renovasi,milik,tetap,no
40,6584000.0,5896000.0,24967000.0,12,4313000.0,6726000.0,0,2330300.0,SMA,pendidikan,sewa,tetap,yes
34,6491000.0,2526000.0,11361000.0,12,6757000.0,12596000.0,2,1060400.0,D3,renovasi,milik,kontrak,yes
48,7026000.0,6021000.0,34985000.0,36,7079000.0,19789000.0,2,1088400.0,D3,pendidikan,sewa,tetap,no
27,4131000.0,1920000.0,2112000.0,48,211000.0,10928000.0,1,49300.0,SMA,modal_usaha,milik,kontrak,no
46,16388000.0,32439000.0,88236000.0,12,13951000.0,36747000.0,1,8235400.0,SMA,kendaraan,milik,wiraswasta,yes
25,7336000.0,9065000.0,36697000.0,48,4418000.0,8277000.0,2,856300.0,D3,modal_usaha,sewa,tetap,no
49,8543000.0,8430000.0,49855000.0,24,2141000.0,10257000.0,0,2326600.0,SMA,konsumtif,keluarga,tetap,yes
48,8589000.0,12400000.0,5973000.0,12,9762000.0,19695000.0,1,557500.0,D3,kendaraan,sewa,wiraswasta,no
24,15138000.0,7929000.0,44006000.0,24,15971000.0,22953000.0,1,2053600.0,SMA,kendaraan,sewa,wiraswasta,no
54,15545000.0,20691000.0,22233000.0,48,9022000.0,23703000.0,1,518800.0,SMA,renovasi,sewa,wiraswasta,no
39,7404000.0,7005000.0,18932000.0,36,13097000.0,19730000.0,2,589000.0,S1,renovasi,milik,tetap,no
55,9693000.0,17341000.0,24028000.0,36,2188000.0,8191000.0,3,747500.0,D3,kendaraan,sewa,tetap,no
22,4411000.0,5144000.0,16703000.0,24,1628000.0,7338000.0,1,779500.0,SMA,kendaraan,milik,,no
28,7200000.0,9820000.0,20922000.0,36,4175000.0,9533000.0,1,650900.0,D3,pendidikan,keluarga,,no
42,,20708000.0,45817000.0,24,2276000.0,6778000.0,3,2138100.0,S1,renovasi,sewa,tetap,no
29,8364000.0,623000.0,16960000.0,24,3890000.0,10676000.0,0,791500.0,D3,pendidikan,milik,tetap,no
35,18319000.0,5507000.0,51350000.0,36,6557000.0,22081000.0,4,1597600.0,S1,kendaraan,milik,tetap,no
50,8614000.0,4716000.0,37502000.0,36,10074000.0,16451000.0,5,1166700.0,S2,kendaraan,sewa,tetap,no
27,3986000.0,1065000.0,8056000.0,12,4372000.0,7005000.0,0,751900.0,D3,renovasi,milik,kontrak,no
50,12517000.0,8478000.0,56088000.0,24,8203000.0,23003000.0,0,2617400.0,S2,kendaraan,milik,tetap,no
25,6540000.0,988000.0,28762000.0,12,5103000.0,17863000.0,3,2684500.0,S1,pendidikan,sewa,tetap,no
28,13300000.0,7174000.0,58750000.0,36,4161000.0,25107000.0,1,1827800.0,SMA,kendaraan,sewa,tetap,no
46,14633000.0,30284000.0,61648000.0,36,23243000.0,32278000.0,3,1917900.0,D3,kendaraan,milik,,no
55,20893000.0,10406000.0,104382000.0,36,7148000.0,46476000.0,1,3247400.0,S1,renovasi,milik,wiraswasta,no
28,,14618000.0,55511000.0,12,13357000.0,18006000.0,1,5181000.0,S2,kendaraan,sewa,tetap,yes
34,,15889000.0,5312000.0,24,4477000.0,9711000.0,0,247900.0,D3,pendidikan,milik,tetap,no
61,5100000.0,6142000.0,16495000.0,24,2157000.0,14213000.0,1,769800.0,SMA,kendaraan,keluarga,wiraswasta,no
64,22834000.0,6654000.0,113529000.0,12,18977000.0,40279000.0,1,10596000.0,S1,modal_usaha,sewa,tetap,yes
46,9332000.0,15987000.0,4668000.0,48,5493000.0,19191000.0,4,108900.0,SMA,kendaraan,milik,tetap,no
40,18600000.0,8421000.0,65069000.0,12,26464000.0,37760000.0,3,6073100.0,S1,modal_usaha,keluarga,tetap,no
36,7082000.0,6089000.0,29241000.0,24,2121000.0,18561000.0,2,1364600.0,D3,modal_usaha,sewa,tetap,no
47,11097000.0,28208000.0,17251000.0,24,15113000.0,21930000.0,1,805000.0,S1,renovasi,keluarga,wiraswasta,no
47,12769000.0,4033000.0,34534000.0,24,11077000.0,23050000.0,2,1611600.0,S1,kendaraan,keluarga,tetap,no
33,13734000.0,20619000.0,66500000.0,60,4329000.0,24888000.0,0,1241300.0,S1,renovasi,milik,tetap,no
22,3892000.0,4051000.0,3373000.0,60,811000.0,9792000.0,1,63000.0,S1,pendidikan,milik,kontrak,no
27,11493000.0,12804000.0,14272000.0,36,5645000.0,17538000.0,1,444000.0,S1,konsumtif,keluarga,tetap,no
63,15631000.0,10849000.0,78145000.0,24,13761000.0,44653000.0,3,3646800.0,S1,kendaraan,milik,wiraswasta,no
39,6360000.0,14182000.0,31486000.0,36,10776000.0,16934000.0,1,979600.0,S1,kendaraan,milik,,no
42,2725000.0,3572000.0,10211000.0,36,205000.0,3009000.0,2,317700.0,SMA,modal_usaha,sewa,tetap,yes
41,9985000.0,18592000.0,27848000.0,36,572000.0,14957000.0,0,866400.0,S1,modal_usaha,keluarga,wiraswasta,no
55,16877000.0,4691000.0,18245000.0,12,40344000.0,47127000.0,1,1702900.0,SMA,modal_usaha,sewa,tetap,yes
23,16315000.0,835000.0,80970000.0,12,11326000.0,23044000.0,3,7557200.0,S1,konsumtif,milik,tetap,yes
24,9174000.0,17151000.0,16785000.0,12,9869000.0,13750000.0,1,1566600.0,S1,kendaraan,sewa,kontrak,yes
33,17839000.0,22471000.0,98517000.0,24,13087000.0,22805000.0,2,4597500.0,D3,renovasi,sewa,tetap,yes
42,6829000.0,2052000.0,32555000.0,36,1114000.0,6280000.0,0,1012800.0,SMA,konsumtif,milik,tetap,no
50,12348000.0,20467000.0,11671000.0,48,9696000.0,22876000.0,2,272300.0,SMA,kendaraan,milik,kontrak,no
42,8824000.0,18730000.0,35254000.0,24,15020000.0,21713000.0,1,1645200.0,S1,kendaraan,milik,kontrak,yes
40,5328000.0,4496000.0,29642000.0,48,7942000.0,11999000.0,1,691600.0,SMA,modal_usaha,sewa,kontrak,yes
62,7357000.0,14568000.0,39253000.0,24,702000.0,6333000.0,2,1831800.0,SMA,kendaraan,sewa,tetap,no
28,3324000.0,7062000.0,12875000.0,12,3300000.0,6487000.0,3,1201700.0,S1,renovasi,sewa,kontrak,yes
46,20732000.0,16374000.0,29974000.0,36,9217000.0,31650000.0,4,932500.0,S1,modal_usaha,keluarga,wiraswasta,no
44,,11721000.0,22933000.0,24,459000.0,11960000.0,2,1070200.0,SMA,modal_usaha,sewa,wiraswasta,no
41,4768000.0,5449000.0,19853000.0,60,3822000.0,8064000.0,1,370600.0,SMA,pendidikan,milik,kontrak,no
56,10191000.0,20091000.0,38094000.0,60,6247000.0,30136000.0,5,711100.0,S2,pendidikan,sewa,kontrak,no
32,8236000.0,22190000.0,16156000.0,12,17661000.0,21600000.0,1,1507900.0,S1,modal_usaha,milik,wiraswasta,yes
62,34263000.0,16933000.0,186789000.0,24,27819000.0,80203000.0,1,8716800.0,S1,renovasi,milik,wiraswasta,no
35,15748000.0,11642000.0,51404000.0,24,14375000.0,30464000.0,4,2398900.0,SMA,renovasi,sewa,tetap,no
44,3418000.0,9762000.0,7294000.0,60,3358000.0,7179000.0,0,136200.0,SMA,modal_usaha,sewa,tetap,no
43,6044000.0,6448000.0,11506000.0,12,1439000.0,10714000.0,2,1073900.0,SMA,konsumtif,keluarga,tetap,no
58,9052000.0,12794000.0,18517000.0,48,12794000.0,23067000.0,2,432100.0,S1,kendaraan,sewa,wiraswasta,no
40,10478000.0,12782000.0,31811000.0,24,18783000.0,29319000.0,2,1484500.0,SMA,modal_usaha,sewa,wiraswasta,no
33,6736000.0,3677000.0,11921000.0,36,10901000.0,20195000.0,2,370900.0,SMA,kendaraan,milik,tetap,no
21,5562000.0,11069000.0,18609000.0,24,1655000.0,11777000.0,1,868400.0,S1,pendidikan,keluarga,wiraswasta,yes
37,12720000.0,19187000.0,19794000.0,48,14936000.0,29258000.0,1,461900.0,S2,modal_usaha,milik,kontrak,no
57,11423000.0,13963000.0,22734000.0,36,9791000.0,19187000.0,1,707300.0,S1,kendaraan,milik,wiraswasta,no
21,12291000.0,4850000.0,14235000.0,12,3378000.0,10062000.0,0,1328600.0,D3,modal_usaha,sewa,wiraswasta,no
60,15342000.0,8302000.0,37828000.0,24,8656000.0,36010000.0,0,1765300.0,D3,renovasi,keluarga,tetap,no
44,12157000.0,11208000.0,33223000.0,36,25556000.0,34707000.0,1,1033600.0,D3,kendaraan,milik,tetap,yes
27,1601000.0,3837000.0,4355000.0,36,964000.0,4309000.0,1,135500.0,SMA,konsumtif,sewa,tetap,yes
34,7289000.0,18613000.0,32705000.0,48,5690000.0,19921000.0,2,763100.0,D3,renovasi,sewa,kontrak,yes
45,23381000.0,23823000.0,73849000.0,24,28653000.0,39389000.0,4,3446300.0,D3,pendidikan,milik,kontrak,no
34,17001000.0,4824000.0,73300000.0,60,22554000.0,40289000.0,3,1368300.0,S1,kendaraan,milik,tetap,no
25,3467000.0,4593000.0,2365000.0,24,761000.0,7643000.0,0,110400.0,S1,konsumtif,milik,kontrak,no
50,13510000.0,14561000.0,39196000.0,48,13697000.0,26886000.0,1,914600.0,S2,modal_usaha,milik,tetap,no
50,4682000.0,8477000.0,4653000.0,60,2288000.0,5307000.0,1,86900.0,SMA,modal_usaha,milik,tetap,no
26,14048000.0,28939000.0,42728000.0,36,15331000.0,29023000.0,1,1329300.0,D3,modal_usaha,milik,wiraswasta,yes
33,6609000.0,3879000.0,25667000.0,60,940000.0,9629000.0,1,479100.0,SMA,modal_usaha,sewa,kontrak,no
31,5038000.0,1714000.0,24596000.0,36,3304000.0,11829000.0,0,765200.0,D3,konsumtif,milik,wiraswasta,no
50,8165000.0,15136000.0,28791000.0,36,4505000.0,23504000.0,4,895700.0,SMA,modal_usaha,milik,tetap,no
53,,4116000.0,6792000.0,12,2134000.0,6302000.0,1,633900.0,SMA,konsumtif,sewa,tetap,no
52,7943000.0,10516000.0,15525000.0,24,3734000.0,10890000.0,0,724500.0,S1,renovasi,milik,tetap,no
62,,2792000.0,72881000.0,36,7120000.0,23050000.0,1,2267400.0,D3,modal_usaha,milik,tetap,no
54,24460000.0,21081000.0,38905000.0,48,39215000.0,49965000.0,1,907800.0,S2,renovasi,sewa,kontrak,no
35,2562000.0,1565000.0,1879000.0,60,1764000.0,6142000.0,2,35100.0,SMA,kendaraan,sewa,kontrak,no
25,4319000.0,2927000.0,5150000.0,36,2495000.0,4860000.0,1,160200.0,SMA,modal_usaha,milik,tetap,no
48,15224000.0,9130000.0,91135000.0,48,16492000.0,29783000.0,0,2126500.0,D3,konsumtif,milik,tetap,no
61,5100000.0,7277000.0,27967000.0,48,4992000.0,13731000.0,1,652600.0,SMA,modal_usaha,keluarga,kontrak,yes
63,11264000.0,2344000.0,25473000.0,48,4766000.0,9695000.0,2,594400.0,SMA,konsumtif,keluarga,wiraswasta,no
31,11384000.0,17294000.0,5933000.0,12,10375000.0,27329000.0,3,553700.0,S2,modal_usaha,milik,tetap,no
31,12354000.0,7610000.0,58306000.0,36,23901000.0,33812000.0,3,1814000.0,SMA,kendaraan,sewa,kontrak,no
22,4379000.0,3733000.0,9428000.0,36,3993000.0,11169000.0,3,293300.0,SMA,renovasi,sewa,tetap,no
27,7639000.0,17129000.0,4750000.0,48,4330000.0,21772000.0,0,110800.0,S1,kendaraan,milik,kontrak,no
45,13453000.0,10314000.0,40511000.0,36,13793000.0,33928000.0,1,1260300.0,D3,kendaraan,milik,kontrak,no
45,6282000.0,5440000.0,17796000.0,48,1412000.0,12185000.0,1,415200.0,S1,modal_usaha,milik,kontrak,no
37,7179000.0,5918000.0,17873000.0,60,9763000.0,13276000.0,1,333600.0,D3,modal_usaha,milik,tetap,no
34,,18784000.0,31213000.0,36,2397000.0,6634000.0,0,971100.0,S1,renovasi,milik,tetap,no
57,8568000.0,5120000.0,38497000.0,48,2062000.0,7205000.0,0,898300.0,SMA,pendidikan,milik,wiraswasta,no
41,12482000.0,16525000.0,44630000.0,36,9143000.0,27546000.0,1,1388500.0,D3,kendaraan,milik,tetap,no
56,17847000.0,10942000.0,10296000.0,36,7868000.0,25091000.0,0,320300.0,S1,modal_usaha,sewa,tetap,no
63,11264000.0,6235000.0,7021000.0,36,1164000.0,16621000.0,0,218400.0,S1,renovasi,milik,tetap,no
34,7989000.0,2172000.0,42738000.0,60,5948000.0,20576000.0,0,797800.0,D3,renovasi,sewa,wiraswasta,no
29,16730000.0,11852000.0,25521000.0,48,491000.0,17479000.0,3,595500.0,S1,kendaraan,milik,tetap,no
62,6865000.0,1958000.0,18462000.0,48,2619000.0,9779000.0,2,430800.0,SMA,modal_usaha,sewa,tetap,no
48,8280000.0,5784000.0,8855000.0,24,5322000.0,19103000.0,1,413200.0,SMA,pendidikan,milik,tetap,no
33,5428000.0,1046000.0,9560000.0,36,3461000.0,4707000.0,2,297400.0,SMA,pendidikan,milik,tetap,no
48,11706000.0,15172000.0,37102000.0,48,10854000.0,22751000.0,2,865700.0,S1,pendidikan,keluarga,kontrak,no
43,3403000.0,5891000.0,6110000.0,60,842000.0,3362000.0,1,114100.0,SMA,pendidikan,milik,,no
60,28200000.0,32671000.0,116324000.0,60,30099000.0,69813000.0,1,2171400.0,S1,renovasi,milik,tetap,no
32,4104000.0,1064000.0,10343000.0,48,619000.0,9013000.0,1,241300.0,SMA,konsumtif,milik,tetap,no
64,,26231000.0,123274000.0,48,28721000.0,54514000.0,2,2876400.0,S1,renovasi,keluarga,wiraswasta,no
62,,2914000.0,44643000.0,12,2804000.0,15075000.0,4,4166700.0,S1,kendaraan,milik,kontrak,no
28,,1796000.0,7747000.0,48,6442000.0,9778000.0,1,180800.0,SMA,pendidikan,sewa,wiraswasta,no
28,9341000.0,16471000.0,46202000.0,24,9334000.0,13672000.0,1,2156100.0,SMA,pendidikan,sewa,tetap,yes
44,11288000.0,7174000.0,63512000.0,48,3029000.0,23206000.0,1,1481900.0,SMA,kendaraan,keluarga,tetap,no
22,8285000.0,7834000.0,9613000.0,12,2300000.0,8305000.0,0,897200.0,S1,konsumtif,keluarga,tetap,no
34,8491000.0,21123000.0,35519000.0,60,7784000.0,8588000.0,0,663000.0,SMA,modal_usaha,milik,tetap,no
40,7350000.0,968000.0,29175000.0,36,2389000.0,9017000.0,1,907700.0,D3,pendidikan,milik,tetap,no
63,12613000.0,26511000.0,52765000.0,12,9165000.0,16084000.0,2,4924700.0,D3,modal_usaha,keluarga,tetap,yes
64,11926000.0,21206000.0,8009000.0,36,6669000.0,12858000.0,0,249200.0,S1,modal_usaha,milik,wiraswasta,no
27,9947000.0,22893000.0,6512000.0,36,5790000.0,10545000.0,3,202600.0,D3,konsumtif,keluarga,tetap,no
60,8780000.0,8226000.0,18626000.0,48,6076000.0,24003000.0,1,434600.0,D3,konsumtif,milik,tetap,no
25,19352000.0,48595000.0,18216000.0,48,26460000.0,39095000.0,1,425000.0,S2,kendaraan,milik,tetap,no
53,7362000.0,3046000.0,18504000.0,36,9227000.0,15967000.0,0,575700.0,SMA,renovasi,milik,wiraswasta,no
58,14552000.0,25211000.0,77101000.0,12,2068000.0,20856000.0,3,7196100.0,S1,kendaraan,keluarga,wiraswasta,yes
60,13544000.0,18524000.0,33175000.0,48,2600000.0,12489000.0,2,774100.0,SMA,konsumtif,milik,tetap,no
30,7066000.0,293000.0,18800000.0,60,9514000.0,20705000.0,1,350900.0,D3,konsumtif,sewa,wiraswasta,no
60,13071000.0,7610000.0,25768000.0,48,2641000.0,12010000.0,1,601300.0,S1,konsumtif,sewa,tetap,no
26,7996000.0,11583000.0,22539000.0,12,6936000.0,20868000.0,2,2103600.0,S1,pendidikan,milik,kontrak,no
43,16456000.0,31498000.0,80409000.0,48,24507000.0,37243000.0,3,1876200.0,S1,modal_usaha,milik,wiraswasta,no
41,5074000.0,16889000.0,25725000.0,24,3219000.0,8608000.0,1,1200500.0,SMA,modal_usaha,milik,wiraswasta,yes
34,7097000.0,14303000.0,19984000.0,60,3522000.0,17335000.0,1,373000.0,D3,modal_usaha,milik,tetap,no
21,5972000.0,6550000.0,16021000.0,12,9278000.0,14825000.0,0,1495300.0,D3,renovasi,keluarga,wiraswasta,yes
54,15888000.0,4697000.0,24990000.0,12,7007000.0,43410000.0,1,2332400.0,D3,modal_usaha,milik,kontrak,no
35,7312000.0,1295000.0,42891000.0,24,4030000.0,14615000.0,0,2001600.0,D3,kendaraan,milik,tetap,yes
50,18142000.0,25173000.0,40102000.0,48,346000.0,23043000.0,2,935700.0,SMA,kendaraan,milik,wiraswasta,no
39,6148000.0,6919000.0,14660000.0,36,6629000.0,12663000.0,3,456100.0,SMA,kendaraan,sewa,wiraswasta,yes
37,,5922000.0,16378000.0,48,3343000.0,5824000.0,2,382200.0,SMA,modal_usaha,sewa,kontrak,yes
59,10908000.0,20974000.0,10280000.0,24,5455000.0,17755000.0,1,479700.0,D3,modal_usaha,milik,wiraswasta,no
25,2835000.0,5383000.0,6540000.0,48,4404000.0,6075000.0,2,152600.0,SMA,konsumtif,milik,kontrak,no
53,8264000.0,1205000.0,46429000.0,36,5914000.0,11191000.0,2,1444500.0,S1,konsumtif,sewa,wiraswasta,no
53,10378000.0,14031000.0,9437000.0,12,9510000.0,28054000.0,0,880800.0,S1,konsumtif,keluarga,kontrak,no
37,10608000.0,18227000.0,19335000.0,48,14977000.0,31265000.0,0,451200.0,SMA,konsumtif,sewa,kontrak,no
32,8896000.0,3578000.0,15102000.0,36,2296000.0,8602000.0,1,469800.0,S1,modal_usaha,milik,tetap,no
21,5956000.0,507000.0,10678000.0,36,1000000.0,7463000.0,0,332200.0,S1,kendaraan,keluarga,tetap,no
62,17330000.0,33698000.0,99654000.0,24,16033000.0,31898000.0,0,4650500.0,SMA,modal_usaha,milik,tetap,no
62,20056000.0,39998000.0,88187000.0,48,2687000.0,17719000.0,5,2057700.0,SMA,modal_usaha,sewa,wiraswasta,no
31,10048000.0,8100000.0,55855000.0,12,4421000.0,10093000.0,1,5213100.0,SMA,renovasi,milik,tetap,yes
22,3309000.0,1898000.0,17263000.0,36,1245000.0,9204000.0,3,537100.0,SMA,kendaraan,keluarga,tetap,no
26,6486000.0,9542000.0,25530000.0,36,1638000.0,5838000.0,1,794300.0,S1,renovasi,milik,,yes
23,21643000.0,20001000.0,77459000.0,48,25557000.0,29098000.0,2,1807400.0,S2,modal_usaha,sewa,wiraswasta,no
57,10166000.0,11391000.0,33548000.0,24,9614000.0,17607000.0,1,1565600.0,SMA,konsumtif,milik,wiraswasta,no
60,13251000.0,2428000.0,56879000.0,24,2390000.0,11197000.0,1,2654400.0,S1,renovasi,milik,tetap,no
27,7343000.0,2583000.0,32016000.0,24,5863000.0,18969000.0,1,1494100.0,SMA,kendaraan,milik,kontrak,yes
53,20734000.0,25153000.0,78727000.0,36,15926000.0,54448000.0,0,2449300.0,S1,kendaraan,keluarga,kontrak,no
28,6497000.0,6851000.0,19291000.0,24,5414000.0,10839000.0,0,900200.0,S1,modal_usaha,milik,tetap,no
37,8752000.0,18202000.0,36885000.0,36,3145000.0,10887000.0,0,1147500.0,D3,renovasi,milik,tetap,yes
47,11559000.0,9061000.0,15741000.0,24,4864000.0,31940000.0,0,734600.0,SMA,modal_usaha,milik,tetap,no
52,7678000.0,2046000.0,27130000.0,36,4140000.0,17604000.0,0,844000.0,S1,kendaraan,milik,tetap,no
59,,17865000.0,61733000.0,36,19295000.0,35914000.0,1,1920600.0,S2,kendaraan,milik,tetap,no
22,2942000.0,4437000.0,10123000.0,24,1947000.0,4893000.0,3,472400.0,SMA,renovasi,milik,tetap,no
29,3539000.0,3516000.0,11712000.0,48,4782000.0,7030000.0,0,273300.0,SMA,kendaraan,sewa,wiraswasta,no
33,4596000.0,13244000.0,21263000.0,36,4254000.0,6200000.0,0,661500.0,SMA,renovasi,milik,kontrak,yes
34,11602000.0,34316000.0,54137000.0,48,12080000.0,20757000.0,0,1263200.0,S1,pendidikan,sewa,tetap,no
64,13896000.0,32727000.0,32137000.0,36,16883000.0,32086000.0,2,999800.0,S1,kendaraan,sewa,tetap,no
55,10203000.0,23145000.0,24785000.0,24,11277000.0,17396000.0,2,1156600.0,S1,kendaraan,milik,tetap,yes
35,9754000.0,21384000.0,5761000.0,24,11851000.0,22502000.0,1,268800.0,S1,renovasi,milik,tetap,no
63,,19558000.0,10574000.0,36,6011000.0,22833000.0,3,329000.0,S1,kendaraan,sewa,,no
42,13111000.0,8303000.0,25472000.0,48,21592000.0,32229000.0,2,594300.0,S1,modal_usaha,keluarga,tetap,no
43,11794000.0,9916000.0,55566000.0,12,6373000.0,24204000.0,1,5186200.0,SMA,renovasi,sewa,tetap,yes
40,10063000.0,14128000.0,49192000.0,24,8630000.0,12132000.0,1,2295600.0,S1,modal_usaha,sewa,kontrak,yes
27,4852000.0,7925000.0,9045000.0,36,3081000.0,11360000.0,1,281400.0,SMA,renovasi,milik,,no
62,,24704000.0,62374000.0,36,23393000.0,30722000.0,1,1940500.0,SMA,renovasi,milik,tetap,no
21,3705000.0,5483000.0,9508000.0,60,1161000.0,3733000.0,2,177500.0,S2,konsumtif,milik,tetap,no
28,10698000.0,10692000.0,52306000.0,12,17017000.0,29645000.0,2,4881900.0,S1,modal_usaha,milik,tetap,yes
31,44627000.0,30045000.0,136902000.0,48,96579000.0,128118000.0,2,3194400.0,S2,konsumtif,milik,tetap,no
33,6982000.0,8915000.0,30856000.0,48,3647000.0,15850000.0,3,720000.0,D3,modal_usaha,milik,tetap,no
26,6165000.0,5058000.0,15164000.0,48,3331000.0,6438000.0,1,353800.0,D3,pendidikan,sewa,tetap,no
21,8307000.0,5924000.0,7379000.0,24,14484000.0,18592000.0,1,344400.0,D3,renovasi,keluarga,wiraswasta,no
50,16859000.0,14769000.0,31986000.0,24,11959000.0,26694000.0,3,1492700.0,SMA,konsumtif,milik,kontrak,no
63,15756000.0,8485000.0,68286000.0,12,17400000.0,23130000.0,2,6373400.0,SMA,renovasi,milik,wiraswasta,yes
26,2466000.0,2227000.0,13683000.0,48,737000.0,2172000.0,1,319300.0,D3,modal_usaha,milik,kontrak,yes
34,7768000.0,10684000.0,30727000.0,24,9038000.0,18602000.0,0,1433900.0,SMA,modal_usaha,milik,wiraswasta,no
43,43635000.0,32894000.0,206361000.0,24,45833000.0,89308000.0,1,9630200.0,S2,kendaraan,milik,tetap,no
61,12969000.0,33556000.0,7492000.0,24,7830000.0,23237000.0,4,349600.0,SMA,konsumtif,sewa,tetap,no
51,4869000.0,8048000.0,22789000.0,48,4744000.0,8059000.0,3,531700.0,SMA,kendaraan,keluarga,kontrak,no
54,15231000.0,27058000.0,77609000.0,24,16339000.0,25985000.0,3,3621800.0,S1,pendidikan,keluarga,wiraswasta,no
46,4205000.0,5600000.0,11646000.0,36,572000.0,7556000.0,1,362300.0,SMA,konsumtif,sewa,wiraswasta,no
39,22226000.0,9312000.0,71488000.0,48,24081000.0,41129000.0,1,1668100.0,S2,pendidikan,milik,tetap,no
29,5564000.0,6904000.0,4385000.0,48,1228000.0,5647000.0,2,102300.0,S1,modal_usaha,milik,wiraswasta,no
59,9776000.0,21380000.0,14278000.0,48,12083000.0,16000000.0,1,333200.0,SMA,modal_usaha,milik,kontrak,yes
56,9454000.0,5464000.0,7664000.0,36,6568000.0,8895000.0,0,238400.0,S1,pendidikan,sewa,tetap,no
22,5898000.0,2264000.0,26674000.0,12,1979000.0,14787000.0,2,2489600.0,S1,kendaraan,keluarga,tetap,yes
52,25261000.0,24760000.0,123760000.0,24,4027000.0,49232000.0,1,5775500.0,S1,kendaraan,sewa,kontrak,no
24,8191000.0,5710000.0,8991000.0,24,2806000.0,20960000.0,2,419600.0,S1,modal_usaha,keluarga,kontrak,no
53,10246000.0,15509000.0,57058000.0,36,5680000.0,17874000.0,4,1775100.0,S1,renovasi,milik,wiraswasta,no
57,8458000.0,8613000.0,43283000.0,24,1896000.0,9615000.0,1,2019900.0,S1,modal_usaha,sewa,wiraswasta,no
26,2248000.0,4574000.0,8249000.0,36,847000.0,3280000.0,3,256600.0,SMA,konsumtif,milik,wiraswasta,no
40,5938000.0,1045000.0,34919000.0,36,4116000.0,7805000.0,1,1086400.0,S1,modal_usaha,sewa,tetap,no
26,10621000.0,25121000.0,56860000.0,48,4972000.0,18776000.0,0,1326700.0,S2,konsumtif,milik,tetap,no
45,17736000.0,16083000.0,30586000.0,12,7422000.0,44971000.0,1,2854700.0,S1,renovasi,sewa,kontrak,yes
61,11826000.0,13619000.0,67966000.0,60,7776000.0,12495000.0,1,1268700.0,S1,pendidikan,keluarga,tetap,no
24,12721000.0,16939000.0,37352000.0,48,6393000.0,21374000.0,1,871500.0,D3,kendaraan,milik,kontrak,no
38,7284000.0,2978000.0,9846000.0,24,3735000.0,7298000.0,1,459500.0,S1,kendaraan,keluarga,tetap,no
63,17661000.0,25042000.0,28266000.0,24,10538000.0,29339000.0,2,1319100.0,S2,kendaraan,milik,tetap,no
34,3709000.0,4223000.0,15812000.0,60,3581000.0,7720000.0,1,295200.0,SMA,pendidikan,sewa,tetap,no
26,8153000.0,11691000.0,48360000.0,60,510000.0,7760000.0,1,902700.0,SMA,modal_usaha,milik,wiraswasta,yes
42,22295000.0,16465000.0,65748000.0,24,15191000.0,21105000.0,1,3068200.0,D3,modal_usaha,milik,kontrak,no
43,3998000.0,2411000.0,14602000.0,12,1894000.0,9624000.0,1,1362900.0,D3,kendaraan,sewa,tetap,no
50,10684000.0,2671000.0,22985000.0,60,6486000.0,18125000.0,0,429100.0,S1,renovasi,milik,tetap,no
34,,10574000.0,54853000.0,36,5638000.0,16754000.0,0,1706500.0,SMA,kendaraan,milik,tetap,no
63,6602000.0,1368000.0,7482000.0,36,1518000.0,15250000.0,1,232800.0,D3,kendaraan,milik,wiraswasta,no
43,14204000.0,55924000.0,52588000.0,24,6979000.0,14012000.0,1,2454100.0,S1,modal_usaha,milik,tetap,yes
33,15929000.0,34913000.0,59323000.0,48,18136000.0,42871000.0,0,1384200.0,S1,modal_usaha,milik,tetap,no
63,16341000.0,12880000.0,8273000.0,36,20771000.0,40950000.0,5,257400.0,S1,renovasi,sewa,tetap,no
61,19494000.0,13793000.0,110591000.0,36,21934000.0,32306000.0,0,3440600.0,S1,renovasi,milik,tetap,no
42,23877000.0,32319000.0,139893000.0,48,1449000.0,43723000.0,0,3264200.0,S1,modal_usaha,milik,tetap,no
22,18125000.0,10506000.0,55664000.0,24,9972000.0,30359000.0,3,2597700.0,S1,renovasi,milik,wiraswasta,no
47,11503000.0,31646000.0,51660000.0,36,14966000.0,29074000.0,2,1607200.0,S1,renovasi,milik,wiraswasta,no
45,7206000.0,7930000.0,37240000.0,36,620000.0,6224000.0,0,1158600.0,D3,modal_usaha,milik,tetap,no
27,5455000.0,6380000.0,6229000.0,36,67000.0,12421000.0,1,193800.0,S1,renovasi,milik,tetap,no
48,12039000.0,12434000.0,11622000.0,60,13709000.0,17644000.0,2,216900.0,SMA,modal_usaha,sewa,tetap,no
57,4919000.0,4656000.0,21108000.0,36,10406000.0,12371000.0,3,656700.0,SMA,konsumtif,milik,tetap,no
25,5702000.0,6441000.0,20397000.0,24,2247000.0,16904000.0,1,951900.0,D3,kendaraan,milik,tetap,no
52,13554000.0,9845000.0,57424000.0,24,8166000.0,19162000.0,0,2679800.0,S1,modal_usaha,keluarga,tetap,no
27,6581000.0,8553000.0,23994000.0,36,7248000.0,11720000.0,2,746500.0,S1,pendidikan,keluarga,tetap,no
53,9625000.0,27358000.0,43266000.0,12,8189000.0,19295000.0,2,4038200.0,SMA,kendaraan,keluarga,tetap,yes
39,32477000.0,41792000.0,43909000.0,36,13569000.0,65354000.0,1,1366100.0,S1,pendidikan,sewa,tetap,no
21,4517000.0,8735000.0,7615000.0,24,3691000.0,5170000.0,0,355400.0,SMA,pendidikan,milik,wiraswasta,yes
63,12969000.0,5429000.0,23391000.0,24,10915000.0,27016000.0,0,1091600.0,S1,konsumtif,milik,kontrak,no
28,13268000.0,21651000.0,37029000.0,24,4070000.0,31745000.0,0,1728000.0,S1,konsumtif,milik,,no
47,13175000.0,19493000.0,61627000.0,36,8451000.0,37903000.0,0,1917300.0,S1,modal_usaha,milik,kontrak,no
28,16058000.0,37000000.0,81457000.0,12,26103000.0,38472000.0,1,7602700.0,S1,pendidikan,milik,tetap,yes
62,10747000.0,14321000.0,29094000.0,36,13858000.0,22862000.0,2,905100.0,SMA,renovasi,milik,tetap,no
53,9456000.0,6408000.0,36039000.0,24,6987000.0,12417000.0,1,1681800.0,D3,modal_usaha,milik,kontrak,no
56,6233000.0,6586000.0,13236000.0,60,2453000.0,6329000.0,1,247100.0,S1,konsumtif,keluarga,tetap,no
40,5031000.0,9086000.0,15680000.0,36,947000.0,11046000.0,2,487800.0,S1,konsumtif,milik,kontrak,no
41,3730000.0,5836000.0,21168000.0,48,1606000.0,8114000.0,1,493900.0,D3,kendaraan,milik,tetap,no
48,11464000.0,26499000.0,22711000.0,48,14605000.0,30341000.0,2,529900.0,D3,modal_usaha,milik,tetap,no
55,4766000.0,2318000.0,23037000.0,48,6701000.0,8490000.0,1,537500.0,SMA,modal_usaha,sewa,kontrak,no
58,16338000.0,10559000.0,11961000.0,48,3025000.0,19254000.0,2,279100.0,SMA,renovasi,milik,kontrak,no
21,4836000.0,1494000.0,11601000.0,24,3875000.0,6260000.0,0,541400.0,SMA,pendidikan,milik,wiraswasta,no
50,8976000.0,9175000.0,37011000.0,24,1998000.0,16588000.0,2,1727200.0,D3,renovasi,milik,tetap,no
25,6785000.0,2007000.0,32351000.0,48,6315000.0,10086000.0,0,754900.0,S2,kendaraan,keluarga,,no
33,,7671000.0,36676000.0,36,7908000.0,11681000.0,0,1141000.0,D3,konsumtif,milik,tetap,no
57,,8068000.0,33533000.0,36,3404000.0,6587000.0,2,1043200.0,SMA,modal_usaha,milik,wiraswasta,no
32,3732000.0,2650000.0,18713000.0,36,3635000.0,6371000.0,0,582200.0,SMA,konsumtif,sewa,tetap,no
56,15291000.0,3972000.0,59578000.0,12,9218000.0,23587000.0,1,5560600.0,SMA,renovasi,sewa,wiraswasta,no
41,12454000.0,11118000.0,30072000.0,24,9798000.0,36411000.0,0,1403400.0,S1,renovasi,sewa,wiraswasta,no
31,6403000.0,8487000.0,16010000.0,36,820000.0,17186000.0,1,498100.0,D3,modal_usaha,milik,tetap,no
35,12719000.0,8340000.0,49388000.0,36,8458000.0,15310000.0,2,1536500.0,S1,modal_usaha,keluarga,tetap,no
44,11252000.0,11313000.0,46257000.0,48,10856000.0,27650000.0,1,1079300.0,S1,kendaraan,milik,kontrak,no
54,10266000.0,6157000.0,27413000.0,36,11605000.0,19058000.0,1,852800.0,SMA,kendaraan,keluarga,tetap,no
47,8190000.0,16430000.0,22001000.0,24,17693000.0,23238000.0,0,1026700.0,S1,kendaraan,milik,tetap,no
62,49017000.0,66421000.0,72167000.0,12,92385000.0,104801000.0,0,6735600.0,S2,modal_usaha,milik,wiraswasta,no
59,,26807000.0,4552000.0,24,2492000.0,11334000.0,1,212400.0,D3,kendaraan,milik,wiraswasta,no
54,,34805000.0,52877000.0,24,16048000.0,21427000.0,2,2467600.0,SMA,pendidikan,sewa,wiraswasta,no
47,13538000.0,9058000.0,68633000.0,48,16551000.0,39640000.0,0,1601400.0,S2,renovasi,sewa,wiraswasta,no
33,13219000.0,7632000.0,62340000.0,36,7834000.0,37280000.0,0,1939500.0,S1,modal_usaha,milik,kontrak,no
39,11437000.0,35532000.0,68241000.0,48,12873000.0,21299000.0,3,1592300.0,D3,kendaraan,keluarga,kontrak,no
26,13580000.0,15751000.0,56788000.0,36,7712000.0,27712000.0,1,1766700.0,S1,konsumtif,keluarga,wiraswasta,no
37,4359000.0,6297000.0,7787000.0,24,4192000.0,8734000.0,1,363400.0,SMA,kendaraan,milik,tetap,yes
61,24693000.0,53806000.0,104338000.0,36,8674000.0,61230000.0,2,3246100.0,S1,konsumtif,milik,tetap,no
39,18866000.0,46457000.0,95398000.0,24,17515000.0,34786000.0,1,4451900.0,D3,modal_usaha,sewa,kontrak,yes
26,4646000.0,4354000.0,18702000.0,12,2051000.0,4970000.0,2,1745500.0,SMA,pendidikan,sewa,wiraswasta,yes
49,12455000.0,10325000.0,39227000.0,36,5689000.0,18850000.0,2,1220400.0,S1,renovasi,milik,tetap,no
63,,27972000.0,60607000.0,36,10698000.0,31846000.0,2,1885600.0,S2,renovasi,milik,tetap,no
59,12561000.0,3159000.0,8063000.0,12,7928000.0,19750000.0,0,752500.0,S1,renovasi,milik,wiraswasta,no
33,12790000.0,15063000.0,25044000.0,48,9296000.0,33124000.0,1,584400.0,SMA,kendaraan,keluarga,tetap,no
40,4274000.0,4984000.0,5845000.0,36,1503000.0,12332000.0,3,181800.0,SMA,kendaraan,milik,kontrak,no
44,9139000.0,17043000.0,25350000.0,12,970000.0,12177000.0,2,2366000.0,S2,pendidikan,milik,wiraswasta,yes
31,22814000.0,23829000.0,123463000.0,48,14842000.0,62878000.0,1,2880800.0,S2,kendaraan,keluarga,tetap,no
32,9598000.0,13485000.0,14721000.0,12,5825000.0,22791000.0,0,1374000.0,D3,renovasi,sewa,kontrak,no
31,,30106000.0,20504000.0,36,17324000.0,48156000.0,0,637900.0,S1,renovasi,sewa,kontrak,no
64,10525000.0,6784000.0,50237000.0,36,5218000.0,11439000.0,1,1562900.0,D3,modal_usaha,milik,tetap,no
53,11193000.0,8972000.0,59026000.0,36,2255000.0,19074000.0,4,1836400.0,D3,modal_usaha,keluarga,tetap,no
57,6775000.0,9823000.0,23189000.0,48,11582000.0,20256000.0,0,541100.0,SMA,renovasi,sewa,tetap,yes
56,9554000.0,26015000.0,24564000.0,24,3251000.0,21271000.0,1,1146300.0,SMA,konsumtif,milik,kontrak,no
63,4573000.0,4802000.0,13115000.0,24,1794000.0,9611000.0,1,612000.0,SMA,konsumtif,milik,tetap,no
25,10834000.0,9145000.0,44684000.0,36,6268000.0,9516000.0,1,1390200.0,S1,konsumtif,sewa,wiraswasta,no
59,,16879000.0,55466000.0,24,4325000.0,16469000.0,2,2588400.0,SMA,renovasi,milik,wiraswasta,no
23,4819000.0,3252000.0,7431000.0,24,1476000.0,9031000.0,2,346800.0,SMA,kendaraan,milik,wiraswasta,no
41,7148000.0,10311000.0,39045000.0,36,1756000.0,15809000.0,2,1214700.0,D3,konsumtif,sewa,kontrak,yes
47,5093000.0,6445000.0,20961000.0,24,6669000.0,13678000.0,0,978200.0,SMA,modal_usaha,keluarga,wiraswasta,no
36,8671000.0,16937000.0,39545000.0,36,14290000.0,15675000.0,0,1230300.0,SMA,renovasi,milik,wiraswasta,no
27,4872000.0,3422000.0,4765000.0,36,3357000.0,6839000.0,2,148200.0,S1,renovasi,milik,wiraswasta,no
29,8644000.0,8937000.0,47982000.0,48,2989000.0,12264000.0,3,1119600.0,D3,kendaraan,milik,wiraswasta,no
57,36017000.0,86290000.0,122640000.0,48,14822000.0,39733000.0,1,2861600.0,S1,pendidikan,sewa,tetap,no
35,23173000.0,59723000.0,57738000.0,36,16106000.0,25958000.0,0,1796300.0,S2,konsumtif,milik,tetap,no
34,3062000.0,1754000.0,8250000.0,48,634000.0,4506000.0,3,192500.0,SMA,modal_usaha,sewa,kontrak,no
61,14894000.0,22313000.0,31451000.0,36,17670000.0,37034000.0,0,978500.0,S2,renovasi,keluarga,kontrak,no
27,12430000.0,39996000.0,17357000.0,48,10483000.0,21244000.0,0,405000.0,S2,pendidikan,milik,wiraswasta,no
61,14744000.0,37013000.0,10183000.0,48,6224000.0,39677000.0,0,237600.0,S1,modal_usaha,sewa,tetap,yes
61,8107000.0,13149000.0,15843000.0,48,1858000.0,23414000.0,1,369700.0,S1,konsumtif,milik,tetap,no
47,14068000.0,16464000.0,45459000.0,48,7736000.0,13589000.0,2,1060700.0,S1,kendaraan,milik,tetap,no
28,8364000.0,10735000.0,34854000.0,60,8451000.0,19771000.0,2,650600.0,S1,pendidikan,milik,kontrak,no
27,19530000.0,3178000.0,88537000.0,36,7966000.0,19288000.0,1,2754500.0,S1,modal_usaha,sewa,kontrak,no
33,5283000.0,2771000.0,19948000.0,60,2100000.0,5060000.0,4,372400.0,SMA,kendaraan,milik,wiraswasta,no
46,24486000.0,48520000.0,27873000.0,36,14653000.0,34444000.0,3,867200.0,S2,konsumtif,sewa,kontrak,yes
27,4666000.0,3864000.0,13408000.0,12,1369000.0,4776000.0,3,1251400.0,S1,kendaraan,sewa,tetap,no
41,6685000.0,6366000.0,27881000.0,24,3861000.0,15098000.0,0,1301100.0,S1,pendidikan,milik,tetap,no
26,9000000.0,6203000.0,41287000.0,36,9346000.0,21379000.0,1,1284500.0,D3,kendaraan,keluarga,kontrak,no
44,11754000.0,4946000.0,26855000.0,12,13722000.0,25934000.0,0,2506500.0,SMA,pendidikan,sewa,tetap,no
21,3864000.0,1843000.0,21663000.0,24,433000.0,7982000.0,0,1010900.0,D3,modal_usaha,keluarga,kontrak,no
52,10499000.0,13578000.0,51178000.0,24,3627000.0,26444000.0,3,2388300.0,D3,konsumtif,sewa,tetap,yes
23,3309000.0,4932000.0,17156000.0,36,4575000.0,8271000.0,1,533700.0,D3,modal_usaha,sewa,tetap,no
29,5078000.0,2046000.0,21155000.0,24,5230000.0,13785000.0,0,987200.0,SMA,renovasi,milik,tetap,no
28,7886000.0,6464000.0,21889000.0,36,3107000.0,18335000.0,1,681000.0,SMA,konsumtif,milik,kontrak,no
57,9344000.0,7592000.0,52681000.0,36,10666000.0,14791000.0,0,1639000.0,D3,kendaraan,milik,wiraswasta,no
23,5509000.0,3520000.0,30068000.0,48,814000.0,10766000.0,0,701600.0,D3,pendidikan,sewa,kontrak,no
39,7676000.0,7962000.0,38815000.0,36,12274000.0,14426000.0,2,1207600.0,S2,modal_usaha,sewa,tetap,no
47,5690000.0,10838000.0,30733000.0,24,196000.0,5902000.0,0,1434200.0,SMA,kendaraan,sewa,wiraswasta,no
43,15637000.0,22101000.0,86650000.0,60,9989000.0,40435000.0,2,1617500.0,SMA,pendidikan,milik,tetap,no
50,8309000.0,8039000.0,38263000.0,48,6276000.0,23334000.0,1,892800.0,SMA,pendidikan,milik,tetap,no
56,7110000.0,8829000.0,11389000.0,24,11309000.0,21086000.0,3,531500.0,D3,modal_usaha,milik,tetap,no
38,7007000.0,15038000.0,24258000.0,12,2614000.0,9428000.0,2,2264100.0,D3,renovasi,sewa,kontrak,yes
57,,9006000.0,26831000.0,36,365000.0,6973000.0,1,834700.0,S1,renovasi,milik,kontrak,no
34,7390000.0,11341000.0,35129000.0,48,4316000.0,7717000.0,0,819700.0,S2,renovasi,milik,wiraswasta,no
64,,14993000.0,61501000.0,48,23342000.0,49025000.0,3,1435000.0,SMA,renovasi,milik,kontrak,no
43,10323000.0,4040000.0,34281000.0,48,10675000.0,22606000.0,0,799900.0,S1,kendaraan,keluarga,tetap,no
53,,2217000.0,118747000.0,60,11982000.0,48954000.0,0,2216600.0,SMA,renovasi,milik,wiraswasta,no
59,9057000.0,7087000.0,27054000.0,48,6428000.0,25282000.0,1,631300.0,SMA,modal_usaha,keluarga,tetap,no
55,10787000.0,13594000.0,13107000.0,24,7476000.0,13999000.0,0,611700.0,D3,konsumtif,milik,kontrak,no
58,12390000.0,14662000.0,54556000.0,12,8836000.0,19836000.0,2,5091900.0,SMA,kendaraan,milik,kontrak,no
44,3366000.0,984000.0,8395000.0,24,4253000.0,8560000.0,3,391800.0,S1,pendidikan,milik,tetap,no
22,8271000.0,4442000.0,15442000.0,24,1210000.0,11337000.0,0,720600.0,S1,kendaraan,milik,wiraswasta,no
42,10575000.0,17093000.0,41840000.0,12,6403000.0,20233000.0,1,3905100.0,S1,modal_usaha,milik,tetap,no
28,13160000.0,14392000.0,75657000.0,36,11524000.0,23367000.0,1,2353800.0,D3,kendaraan,keluarga,tetap,no
60,23071000.0,36021000.0,51228000.0,48,21856000.0,48672000.0,1,1195300.0,S1,konsumtif,keluarga,wiraswasta,no
31,4273000.0,13511000.0,10885000.0,12,8900000.0,12708000.0,1,1015900.0,D3,renovasi,sewa,tetap,yes
31,9989000.0,11663000.0,30568000.0,48,1382000.0,10270000.0,2,713300.0,SMA,kendaraan,milik,,no
31,5076000.0,4377000.0,21745000.0,60,6088000.0,9473000.0,0,405900.0,SMA,pendidikan,milik,kontrak,no
49,8162000.0,9158000.0,21856000.0,24,17493000.0,23750000.0,2,1019900.0,S1,modal_usaha,milik,,no
46,15819000.0,18712000.0,44894000.0,12,13105000.0,24762000.0,1,4190100.0,S2,modal_usaha,keluarga,tetap,no
62,9109000.0,13219000.0,39670000.0,36,8610000.0,22129000.0,2,1234200.0,SMA,modal_usaha,sewa,wiraswasta,no
39,20467000.0,23714000.0,121129000.0,48,28334000.0,58216000.0,1,2826300.0,S1,konsumtif,milik,kontrak,no
33,10716000.0,30068000.0,24012000.0,48,6659000.0,14245000.0,3,560300.0,S1,konsumtif,sewa,tetap,yes
23,8424000.0,8272000.0,31331000.0,12,3546000.0,8247000.0,1,2924200.0,S1,modal_usaha,sewa,tetap,yes
21,8915000.0,29170000.0,43409000.0,36,5463000.0,8617000.0,1,1350500.0,D3,renovasi,milik,wiraswasta,no
37,16156000.0,19560000.0,26927000.0,48,10549000.0,15519000.0,1,628300.0,S1,konsumtif,milik,tetap,no
61,21652000.0,11937000.0,108276000.0,24,18354000.0,34018000.0,2,5052900.0,S1,pendidikan,milik,tetap,no
44,21226000.0,11435000.0,52049000.0,36,1872000.0,22875000.0,0,1619300.0,S1,kendaraan,keluarga,tetap,no
60,12659000.0,19232000.0,14059000.0,36,5919000.0,21407000.0,2,437400.0,SMA,modal_usaha,milik,tetap,no
25,10697000.0,7689000.0,6814000.0,24,8924000.0,26305000.0,2,318000.0,S2,modal_usaha,milik,tetap,no
25,8954000.0,18024000.0,6106000.0,60,2504000.0,13038000.0,3,114000.0,SMA,renovasi,keluarga,kontrak,yes
57,13593000.0,7336000.0,66429000.0,24,15684000.0,25211000.0,3,3100000.0,S1,kendaraan,keluarga,tetap,no
25,,1682000.0,21920000.0,48,2671000.0,5621000.0,5,511500.0,SMA,konsumtif,sewa,wiraswasta,no
23,10732000.0,4273000.0,52203000.0,48,7525000.0,25072000.0,1,1218100.0,SMA,kendaraan,keluarga,wiraswasta,no
38,13442000.0,29159000.0,62387000.0,24,14906000.0,20148000.0,0,2911400.0,SMA,renovasi,milik,tetap,yes
61,12168000.0,4481000.0,31580000.0,48,3944000.0,13354000.0,1,736900.0,D3,renovasi,sewa,tetap,no
51,6675000.0,12338000.0,37591000.0,12,11800000.0,19359000.0,1,3508500.0,SMA,konsumtif,sewa,tetap,yes
25,9904000.0,15893000.0,52775000.0,24,12984000.0,24692000.0,1,2462800.0,SMA,pendidikan,sewa,kontrak,yes
57,16292000.0,36233000.0,39360000.0,24,10894000.0,36415000.0,2,1836800.0,D3,renovasi,milik,tetap,yes
58,13336000.0,28689000.0,63362000.0,48,6007000.0,31881000.0,0,1478400.0,D3,renovasi,milik,,no
56,12033000.0,9483000.0,60263000.0,60,830000.0,20890000.0,1,1124900.0,S1,kendaraan,sewa,kontrak,no
60,,25757000.0,55296000.0,24,14201000.0,25272000.0,0,2580500.0,S1,modal_usaha,milik,wiraswasta,no
31,8782000.0,14639000.0,10207000.0,36,7187000.0,16686000.0,1,317600.0,S1,renovasi,milik,kontrak,yes
64,7672000.0,17237000.0,17932000.0,60,3809000.0,20067000.0,1,334700.0,SMA,kendaraan,keluarga,tetap,no
35,6505000.0,1262000.0,38630000.0,36,16766000.0,18997000.0,1,1201800.0,SMA,kendaraan,sewa,tetap,no
56,19530000.0,9547000.0,86667000.0,12,25281000.0,41631000.0,1,8088900.0,S2,modal_usaha,milik,tetap,no
46,6319000.0,4720000.0,30084000.0,24,5625000.0,10287000.0,3,1403900.0,SMA,renovasi,milik,tetap,yes
55,16465000.0,17717000.0,90814000.0,36,8772000.0,39188000.0,1,2825300.0,D3,renovasi,milik,tetap,no
48,,69295000.0,43290000.0,24,12423000.0,62544000.0,1,2020200.0,S2,modal_usaha,sewa,tetap,no
49,23640000.0,37421000.0,137732000.0,36,5377000.0,31782000.0,2,4285000.0,S2,modal_usaha,sewa,tetap,no
48,8535000.0,8515000.0,28590000.0,48,11857000.0,15006000.0,0,667100.0,D3,pendidikan,milik,tetap,no
55,19194000.0,27981000.0,88210000.0,36,5925000.0,21014000.0,0,2744300.0,S1,renovasi,keluarga,tetap,no
53,10953000.0,17532000.0,24646000.0,24,11491000.0,18456000.0,1,1150100.0,D3,pendidikan,milik,tetap,no
26,4648000.0,5904000.0,10745000.0,48,650000.0,11518000.0,1,250700.0,S1,pendidikan,keluarga,kontrak,no
57,12345000.0,23241000.0,30588000.0,36,11390000.0,18401000.0,1,951600.0,SMA,konsumtif,sewa,wiraswasta,no
44,7708000.0,6236000.0,18610000.0,48,13511000.0,16901000.0,0,434200.0,SMA,pendidikan,sewa,kontrak,no
35,30618000.0,59528000.0,25834000.0,12,22859000.0,46565000.0,2,2411200.0,S1,kendaraan,sewa,wiraswasta,no
43,13657000.0,4242000.0,30082000.0,36,3963000.0,15345000.0,0,935900.0,SMA,konsumtif,keluarga,wiraswasta,no
63,21726000.0,17975000.0,88220000.0,24,37415000.0,52817000.0,2,4116900.0,S1,renovasi,milik,tetap,no
58,12944000.0,37670000.0,70685000.0,24,4931000.0,27137000.0,1,3298600.0,D3,modal_usaha,milik,tetap,yes
57,15244000.0,30802000.0,11115000.0,36,8442000.0,39878000.0,0,345800.0,S1,modal_usaha,milik,tetap,no
41,6759000.0,14323000.0,3998000.0,36,1929000.0,15503000.0,3,124400.0,S1,kendaraan,milik,tetap,no
55,,8181000.0,18840000.0,24,4976000.0,13023000.0,1,879200.0,D3,renovasi,keluarga,tetap,yes
37,6671000.0,12424000.0,29007000.0,36,2196000.0,7611000.0,2,902400.0,S1,modal_usaha,sewa,wiraswasta,no
51,8013000.0,17801000.0,30812000.0,48,7414000.0,17245000.0,0,718900.0,SMA,modal_usaha,milik,tetap,no
49,,4307000.0,22324000.0,36,3037000.0,6135000.0,3,694500.0,D3,renovasi,keluarga,wiraswasta,no
31,,3360000.0,7863000.0,48,2592000.0,10920000.0,1,183500.0,SMA,modal_usaha,milik,tetap,no
32,8077000.0,5680000.0,25417000.0,48,10979000.0,16769000.0,0,593100.0,S1,konsumtif,sewa,kontrak,no
23,6970000.0,12775000.0,38596000.0,48,2944000.0,6407000.0,2,900600.0,S1,modal_usaha,sewa,tetap,no
27,7635000.0,2537000.0,29748000.0,24,4487000.0,15070000.0,1,1388200.0,S2,modal_usaha,keluarga,wiraswasta,no
40,8942000.0,14808000.0,32854000.0,48,8028000.0,21796000.0,3,766600.0,S1,konsumtif,sewa,tetap,no
42,29261000.0,68106000.0,164758000.0,24,21794000.0,40326000.0,0,7688700.0,S2,kendaraan,milik,kontrak,yes
28,7290000.0,4971000.0,17233000.0,36,3902000.0,16329000.0,1,536100.0,SMA,konsumtif,milik,tetap,no
39,9918000.0,7331000.0,13533000.0,60,18386000.0,26283000.0,0,252600.0,S2,konsumtif,sewa,wiraswasta,yes
47,11470000.0,18186000.0,13888000.0,24,5685000.0,10820000.0,2,648100.0,S1,renovasi,milik,kontrak,no
31,7027000.0,3076000.0,35278000.0,24,12931000.0,14557000.0,2,1646300.0,D3,modal_usaha,sewa,,no
35,6746000.0,8867000.0,35168000.0,24,11827000.0,18570000.0,0,1641200.0,S1,kendaraan,milik,tetap,yes
37,4501000.0,7268000.0,8040000.0,60,682000.0,4853000.0,0,150100.0,SMA,renovasi,sewa,kontrak,no
43,11170000.0,12204000.0,33665000.0,36,7670000.0,15552000.0,2,1047400.0,SMA,modal_usaha,milik,tetap,no
37,5268000.0,9107000.0,19579000.0,48,1600000.0,11469000.0,2,456800.0,SMA,kendaraan,sewa,tetap,yes
53,5186000.0,11446000.0,6559000.0,12,4048000.0,10825000.0,0,612200.0,SMA,modal_usaha,sewa,tetap,yes
35,7501000.0,4188000.0,38769000.0,24,6579000.0,19094000.0,0,1809200.0,D3,modal_usaha,milik,wiraswasta,no
40,10997000.0,19769000.0,30834000.0,12,5866000.0,24017000.0,0,2877800.0,S1,kendaraan,sewa,tetap,yes
37,4066000.0,3845000.0,21343000.0,48,2330000.0,8404000.0,0,498000.0,S1,modal_usaha,milik,kontrak,no
29,6741000.0,9558000.0,31551000.0,12,3558000.0,12094000.0,0,2944800.0,D3,modal_usaha,keluarga,tetap,yes
51,,8474000.0,31995000.0,60,4634000.0,14656000.0,0,597200.0,D3,kendaraan,milik,wiraswasta,no
31,8719000.0,12153000.0,38722000.0,36,16505000.0,18313000.0,2,1204700.0,D3,renovasi,milik,tetap,no
34,16443000.0,14314000.0,75208000.0,60,7485000.0,18820000.0,0,1403900.0,SMA,konsumtif,milik,wiraswasta,no
55,,33108000.0,53056000.0,36,36658000.0,71739000.0,0,1650600.0,S1,modal_usaha,sewa,tetap,no
62,19154000.0,19958000.0,36307000.0,36,1224000.0,18631000.0,2,1129600.0,SMA,renovasi,milik,kontrak,no
50,44015000.0,60169000.0,221345000.0,12,7194000.0,42544000.0,1,20658900.0,S1,konsumtif,milik,wiraswasta,yes
61,21406000.0,44540000.0,90518000.0,36,27116000.0,54203000.0,1,2816100.0,S1,modal_usaha,sewa,wiraswasta,no
58,15516000.0,32160000.0,70872000.0,36,5684000.0,15866000.0,1,2204900.0,S1,konsumtif,keluarga,tetap,yes
42,16755000.0,30560000.0,37226000.0,12,10214000.0,28336000.0,2,3474400.0,S1,kendaraan,milik,wiraswasta,yes
54,6718000.0,7834000.0,30043000.0,60,2915000.0,19082000.0,2,560800.0,SMA,modal_usaha,milik,,no
35,10004000.0,11006000.0,44305000.0,12,4846000.0,25344000.0,1,4135100.0,S1,pendidikan,milik,kontrak,yes
41,7933000.0,1843000.0,18508000.0,24,3361000.0,10410000.0,1,863700.0,S1,modal_usaha,sewa,wiraswasta,no
44,13404000.0,12580000.0,26641000.0,36,11665000.0,18126000.0,2,828800.0,S1,konsumtif,milik,tetap,no
63,11765000.0,23162000.0,33797000.0,36,7931000.0,24742000.0,3,1051500.0,S1,konsumtif,sewa,wiraswasta,yes
58,10584000.0,25245000.0,48316000.0,24,6266000.0,19794000.0,2,2254700.0,S1,renovasi,milik,tetap,no
42,,31887000.0,25388000.0,60,10541000.0,17147000.0,1,473900.0,S2,konsumtif,milik,wiraswasta,no
49,9249000.0,3053000.0,49098000.0,24,1851000.0,10627000.0,4,2291200.0,D3,modal_usaha,milik,tetap,no
29,3593000.0,1639000.0,6841000.0,36,1896000.0,9221000.0,3,212800.0,S1,pendidikan,milik,wiraswasta,no
56,7225000.0,6286000.0,36977000.0,12,1905000.0,11260000.0,1,3451200.0,S1,modal_usaha,sewa,kontrak,yes
45,5464000.0,15838000.0,7414000.0,12,6265000.0,13976000.0,0,692000.0,D3,modal_usaha,sewa,tetap,yes
44,9385000.0,2902000.0,42861000.0,36,6881000.0,11427000.0,2,1333500.0,S2,renovasi,sewa,tetap,no
54,12974000.0,21349000.0,46546000.0,48,7103000.0,27489000.0,0,1086100.0,D3,renovasi,milik,tetap,no
48,13290000.0,14914000.0,54994000.0,36,9953000.0,25400000.0,3,1710900.0,S1,modal_usaha,milik,tetap,no
24,8132000.0,10554000.0,47635000.0,24,9917000.0,12345000.0,0,2223000.0,SMA,pendidikan,sewa,tetap,yes
33,,12480000.0,6556000.0,12,7594000.0,17770000.0,0,611900.0,SMA,konsumtif,sewa,kontrak,no
28,13611000.0,6239000.0,17969000.0,60,8629000.0,14618000.0,2,335400.0,S1,kendaraan,sewa,wiraswasta,no
53,13905000.0,9504000.0,13001000.0,24,11627000.0,37324000.0,0,606700.0,D3,renovasi,milik,tetap,no
22,6652000.0,9689000.0,22337000.0,36,1761000.0,16201000.0,0,694900.0,D3,renovasi,milik,wiraswasta,no
29,9036000.0,10346000.0,44416000.0,12,5179000.0,12934000.0,1,4145500.0,SMA,konsumtif,sewa,tetap,yes
47,14357000.0,26378000.0,11508000.0,12,9154000.0,29810000.0,0,1074100.0,D3,pendidikan,milik,kontrak,no
51,15055000.0,14442000.0,72064000.0,24,22336000.0,41925000.0,1,3363000.0,S1,renovasi,milik,wiraswasta,yes
43,19501000.0,54626000.0,56198000.0,12,21134000.0,33719000.0,1,5245100.0,S1,modal_usaha,sewa,tetap,yes
58,3231000.0,3658000.0,18345000.0,36,2749000.0,5168000.0,1,570700.0,SMA,konsumtif,milik,tetap,no
61,13354000.0,25216000.0,34785000.0,24,9057000.0,34155000.0,1,1623300.0,S1,renovasi,milik,tetap,no
26,5668000.0,3271000.0,33528000.0,48,254000.0,4549000.0,2,782300.0,D3,renovasi,milik,tetap,no
62,26029000.0,19849000.0,92686000.0,12,12304000.0,60128000.0,1,8650700.0,S1,konsumtif,sewa,wiraswasta,no
48,19602000.0,34247000.0,116533000.0,36,4227000.0,24988000.0,2,3625500.0,D3,kendaraan,milik,tetap,yes
48,5032000.0,5443000.0,20004000.0,36,3259000.0,11711000.0,0,622300.0,D3,konsumtif,sewa,wiraswasta,no
25,12055000.0,15933000.0,28990000.0,24,1495000.0,21258000.0,2,1352900.0,D3,renovasi,milik,kontrak,no
48,7109000.0,25622000.0,34967000.0,12,1385000.0,6005000.0,0,3263600.0,S1,konsumtif,sewa,wiraswasta,yes
52,,9293000.0,19753000.0,12,4344000.0,16926000.0,2,1843600.0,D3,konsumtif,milik,tetap,yes
46,8390000.0,8963000.0,18445000.0,12,3881000.0,16800000.0,0,1721500.0,D3,pendidikan,sewa,kontrak,no
24,6775000.0,13390000.0,21211000.0,24,3727000.0,10094000.0,1,989800.0,S1,konsumtif,milik,tetap,no
44,,8705000.0,29432000.0,12,6078000.0,13047000.0,0,2747000.0,S1,renovasi,sewa,tetap,yes
62,13369000.0,23245000.0,60531000.0,24,9950000.0,25282000.0,0,2824800.0,SMA,pendidikan,sewa,wiraswasta,no
52,17570000.0,16901000.0,25577000.0,36,4557000.0,15407000.0,1,795700.0,S1,pendidikan,sewa,tetap,no
27,13261000.0,11486000.0,67794000.0,36,13200000.0,29580000.0,2,2109100.0,S1,kendaraan,milik,wiraswasta,no
63,8360000.0,3342000.0,24017000.0,24,10923000.0,24520000.0,2,1120800.0,SMA,kendaraan,sewa,tetap,no
63,15497000.0,11432000.0,14812000.0,36,1674000.0,19966000.0,1,460800.0,S1,konsumtif,keluarga,tetap,no
28,5338000.0,7295000.0,6990000.0,24,4029000.0,14404000.0,1,326200.0,SMA,renovasi,milik,,yes
56,29728000.0,57523000.0,25682000.0,60,10460000.0,64396000.0,1,479400.0,S1,pendidikan,milik,wiraswasta,no
38,1810000.0,4303000.0,7640000.0,12,273000.0,1758000.0,0,713100.0,SMA,renovasi,sewa,wiraswasta,yes
47,7690000.0,707000.0,14739000.0,12,3365000.0,18502000.0,0,1375600.0,S1,kendaraan,sewa,kontrak,no
40,6733000.0,1647000.0,6934000.0,48,7539000.0,11926000.0,3,161800.0,SMA,kendaraan,milik,kontrak,no
55,6726000.0,1781000.0,16890000.0,24,12605000.0,17126000.0,4,788200.0,D3,konsumtif,milik,tetap,no
64,17819000.0,36180000.0,93876000.0,24,11088000.0,39178000.0,3,4380900.0,S2,konsumtif,milik,wiraswasta,yes
55,10358000.0,17035000.0,40997000.0,48,2114000.0,8350000.0,0,956600.0,D3,pendidikan,milik,kontrak,no
61,,13065000.0,35933000.0,36,7682000.0,12201000.0,3,1117900.0,S1,modal_usaha,milik,tetap,no
62,19876000.0,16924000.0,90089000.0,36,19955000.0,31312000.0,1,2802800.0,S2,pendidikan,milik,wiraswasta,no
24,10372000.0,14480000.0,9516000.0,12,6833000.0,19293000.0,2,888200.0,S1,pendidikan,keluarga,tetap,no
32,5229000.0,4214000.0,28003000.0,24,5850000.0,14906000.0,0,1306800.0,SMA,modal_usaha,keluarga,wiraswasta,no
52,10554000.0,3893000.0,15594000.0,24,15691000.0,27528000.0,1,727700.0,S1,modal_usaha,sewa,kontrak,no
46,6944000.0,19354000.0,4289000.0,48,11901000.0,17801000.0,2,100100.0,SMA,konsumtif,milik,,no
23,6142000.0,7384000.0,15312000.0,24,6470000.0,12205000.0,2,714600.0,D3,renovasi,keluarga,tetap,no
25,3638000.0,2128000.0,2988000.0,36,626000.0,3654000.0,1,93000.0,S1,konsumtif,sewa,kontrak,no
43,13547000.0,12786000.0,19222000.0,60,22359000.0,33065000.0,1,358800.0,S1,renovasi,milik,wiraswasta,no
48,7890000.0,14645000.0,36014000.0,60,972000.0,7814000.0,0,672300.0,D3,konsumtif,milik,tetap,no
28,11896000.0,20172000.0,32429000.0,12,7149000.0,11910000.0,0,3026700.0,D3,kendaraan,sewa,kontrak,yes
28,10962000.0,7081000.0,5897000.0,36,4592000.0,14921000.0,1,183500.0,S1,kendaraan,keluarga,tetap,no
26,13722000.0,10839000.0,55446000.0,36,6968000.0,38828000.0,2,1725000.0,S1,pendidikan,milik,tetap,no
45,5810000.0,13811000.0,25501000.0,48,5240000.0,14233000.0,1,595000.0,D3,pendidikan,milik,tetap,no
21,6267000.0,8974000.0,34223000.0,60,2825000.0,6070000.0,0,638800.0,S1,kendaraan,sewa,kontrak,yes
46,4278000.0,6951000.0,5777000.0,48,3941000.0,12071000.0,0,134800.0,SMA,modal_usaha,milik,tetap,no
41,4979000.0,3676000.0,25963000.0,36,8695000.0,12564000.0,2,807700.0,SMA,renovasi,milik,tetap,no
41,18652000.0,5556000.0,82030000.0,12,34895000.0,39692000.0,1,7656100.0,S1,konsumtif,sewa,tetap,no
50,30382000.0,29966000.0,109373000.0,36,14591000.0,32792000.0,2,3402700.0,S2,konsumtif,sewa,tetap,no
43,4228000.0,5469000.0,8201000.0,36,1309000.0,6360000.0,1,255100.0,SMA,konsumtif,milik,wiraswasta,no
53,6905000.0,11682000.0,20840000.0,36,2962000.0,10092000.0,3,648400.0,SMA,kendaraan,milik,kontrak,no
54,8349000.0,9076000.0,13279000.0,36,1822000.0,18435000.0,1,413100.0,SMA,kendaraan,milik,wiraswasta,no
61,19807000.0,2686000.0,88088000.0,36,22772000.0,41462000.0,0,2740500.0,S1,konsumtif,milik,wiraswasta,no
56,4058000.0,6110000.0,17732000.0,36,754000.0,5721000.0,2,551700.0,SMA,kendaraan,sewa,tetap,no
43,4294000.0,6178000.0,6670000.0,60,598000.0,6374000.0,0,124500.0,D3,modal_usaha,keluarga,kontrak,no
42,16791000.0,8268000.0,31725000.0,24,9146000.0,32584000.0,0,1480500.0,S2,pendidikan,sewa,tetap,no
31,2376000.0,3297000.0,12964000.0,48,1436000.0,6320000.0,3,302500.0,SMA,modal_usaha,milik,tetap,yes
47,9674000.0,28922000.0,29934000.0,36,1098000.0,10426000.0,1,931300.0,S1,modal_usaha,milik,tetap,yes
27,7124000.0,16376000.0,25156000.0,36,7579000.0,17074000.0,1,782600.0,D3,kendaraan,milik,tetap,no
61,18348000.0,45524000.0,105913000.0,36,18730000.0,54869000.0,0,3295100.0,S1,konsumtif,sewa,wiraswasta,yes
58,10856000.0,7402000.0,17789000.0,36,9687000.0,26591000.0,0,553400.0,D3,modal_usaha,milik,tetap,no
26,5517000.0,9264000.0,21788000.0,48,5393000.0,9773000.0,1,508400.0,D3,kendaraan,milik,tetap,yes
55,12865000.0,2330000.0,61200000.0,12,8605000.0,31001000.0,2,5712000.0,SMA,renovasi,milik,kontrak,no
26,9215000.0,9293000.0,20798000.0,60,9190000.0,24821000.0,0,388200.0,S1,kendaraan,sewa,kontrak,no
52,9673000.0,11424000.0,21266000.0,48,7335000.0,24093000.0,2,496200.0,S1,pendidikan,milik,tetap,no
24,5122000.0,7491000.0,27825000.0,24,733000.0,4241000.0,0,1298500.0,SMA,pendidikan,milik,tetap,yes
42,10308000.0,18446000.0,10790000.0,12,5041000.0,11228000.0,1,1007100.0,D3,renovasi,sewa,kontrak,no
49,26568000.0,40247000.0,36277000.0,12,17680000.0,27517000.0,1,3385900.0,S1,renovasi,sewa,wiraswasta,no
53,12089000.0,8638000.0,33369000.0,12,4825000.0,10518000.0,2,3114400.0,SMA,pendidikan,milik,tetap,yes
39,11393000.0,10837000.0,55725000.0,12,16791000.0,27024000.0,1,5201000.0,SMA,kendaraan,sewa,wiraswasta,yes
61,11562000.0,12412000.0,34714000.0,12,2759000.0,16051000.0,1,3240000.0,S1,renovasi,sewa,kontrak,yes
55,,8814000.0,13815000.0,60,5651000.0,16596000.0,2,257900.0,SMA,renovasi,milik,wiraswasta,no
30,5046000.0,17889000.0,14187000.0,36,3197000.0,11431000.0,0,441400.0,SMA,pendidikan,sewa,,yes
50,9392000.0,19710000.0,27707000.0,48,14708000.0,18333000.0,0,646500.0,D3,modal_usaha,milik,wiraswasta,no
53,5392000.0,4032000.0,24257000.0,36,1342000.0,5022000.0,2,754700.0,SMA,modal_usaha,sewa,kontrak,no
35,13520000.0,22879000.0,71360000.0,36,7129000.0,19897000.0,1,2220100.0,D3,modal_usaha,milik,,no
53,,3543000.0,44451000.0,48,9335000.0,16857000.0,1,1037200.0,S1,konsumtif,milik,wiraswasta,no
60,13026000.0,13564000.0,57275000.0,24,14908000.0,36499000.0,2,2672800.0,S1,konsumtif,sewa,kontrak,yes
56,11956000.0,7060000.0,52100000.0,36,4507000.0,17683000.0,1,1620900.0,SMA,modal_usaha,sewa,tetap,no
54,,17855000.0,69981000.0,48,4947000.0,14964000.0,0,1632900.0,S1,kendaraan,milik,wiraswasta,no
48,10723000.0,14460000.0,39288000.0,60,1082000.0,8638000.0,1,733400.0,SMA,renovasi,keluarga,wiraswasta,no
32,4931000.0,7546000.0,2864000.0,36,338000.0,10579000.0,2,89100.0,S1,pendidikan,milik,tetap,no
55,,16587000.0,42169000.0,48,6107000.0,22240000.0,2,983900.0,D3,renovasi,milik,kontrak,no
37,9625000.0,1111000.0,37226000.0,36,9467000.0,28768000.0,1,1158100.0,S1,renovasi,milik,tetap,no
44,9556000.0,2862000.0,36918000.0,24,2668000.0,13712000.0,0,1722800.0,SMA,kendaraan,milik,tetap,no
34,4543000.0,4180000.0,9300000.0,24,2582000.0,4099000.0,1,434000.0,SMA,renovasi,keluarga,tetap,no
34,2439000.0,3163000.0,2533000.0,36,2065000.0,6133000.0,2,78800.0,D3,modal_usaha,milik,tetap,no
27,3267000.0,3088000.0,5036000.0,24,389000.0,4803000.0,1,235000.0,SMA,pendidikan,milik,tetap,no
63,9885000.0,11488000.0,16697000.0,12,4114000.0,15099000.0,3,1558400.0,SMA,modal_usaha,sewa,tetap,yes
27,8493000.0,8043000.0,12356000.0,12,3430000.0,23755000.0,6,1153200.0,S1,konsumtif,milik,tetap,no
24,16679000.0,19473000.0,30772000.0,48,15870000.0,34456000.0,1,718000.0,S1,renovasi,sewa,wiraswasta,no
62,,13528000.0,11386000.0,48,13753000.0,21801000.0,1,265700.0,SMA,modal_usaha,milik,tetap,no
45,11836000.0,769000.0,23451000.0,48,6948000.0,34221000.0,2,547200.0,S1,renovasi,keluarga,tetap,no
40,10277000.0,25345000.0,61542000.0,36,4429000.0,14220000.0,1,1914600.0,S1,renovasi,milik,tetap,yes
53,21658000.0,15412000.0,71744000.0,60,6356000.0,18350000.0,1,1339200.0,S1,kendaraan,keluarga,kontrak,no
37,7576000.0,5438000.0,18139000.0,36,5479000.0,9909000.0,3,564300.0,S1,kendaraan,milik,tetap,no
26,7609000.0,18562000.0,33957000.0,36,2964000.0,6826000.0,1,1056400.0,S1,kendaraan,milik,kontrak,no
53,6477000.0,3151000.0,19962000.0,36,3764000.0,10992000.0,0,621000.0,D3,renovasi,sewa,tetap,no
28,15911000.0,7398000.0,10537000.0,24,10231000.0,41820000.0,0,491700.0,S1,konsumtif,milik,wiraswasta,no
45,16964000.0,26172000.0,59555000.0,36,13356000.0,49966000.0,3,1852800.0,S2,modal_usaha,milik,wiraswasta,no
62,7258000.0,5154000.0,15767000.0,36,3141000.0,16989000.0,1,490500.0,SMA,renovasi,milik,wiraswasta,no
62,,11225000.0,34514000.0,60,3671000.0,26893000.0,0,644300.0,SMA,konsumtif,milik,wiraswasta,no
36,7860000.0,8551000.0,11418000.0,24,4295000.0,13352000.0,1,532800.0,SMA,renovasi,sewa,tetap,no
55,15206000.0,30065000.0,47960000.0,12,18197000.0,22291000.0,2,4476300.0,S2,konsumtif,sewa,tetap,yes
47,7463000.0,3154000.0,11680000.0,24,7153000.0,8503000.0,1,545100.0,D3,kendaraan,keluarga,tetap,no
42,8053000.0,14472000.0,17261000.0,24,5538000.0,15316000.0,3,805500.0,S1,renovasi,milik,wiraswasta,yes
27,9612000.0,13002000.0,41134000.0,60,7777000.0,14603000.0,0,767800.0,S1,kendaraan,sewa,wiraswasta,yes
37,10479000.0,7563000.0,18360000.0,36,4507000.0,10862000.0,2,571200.0,S2,konsumtif,sewa,tetap,no
49,6439000.0,388000.0,17992000.0,24,12283000.0,18353000.0,1,839600.0,SMA,kendaraan,sewa,wiraswasta,no
64,,3812000.0,7944000.0,36,4148000.0,9439000.0,2,247100.0,S1,modal_usaha,milik,kontrak,no
21,7671000.0,1042000.0,32827000.0,36,3508000.0,18621000.0,0,1021300.0,S1,kendaraan,milik,wiraswasta,no
52,7682000.0,13500000.0,26612000.0,24,1737000.0,7296000.0,1,1241900.0,SMA,modal_usaha,milik,wiraswasta,no
58,12475000.0,17700000.0,62074000.0,24,4253000.0,24447000.0,1,2896800.0,S1,modal_usaha,milik,tetap,no
62,13598000.0,38629000.0,46817000.0,24,8002000.0,31066000.0,0,2184800.0,D3,renovasi,sewa,wiraswasta,yes
39,14341000.0,17114000.0,85590000.0,36,11966000.0,18872000.0,2,2662800.0,S1,pendidikan,sewa,tetap,yes
26,8919000.0,3980000.0,16288000.0,48,2672000.0,8620000.0,1,380100.0,D3,renovasi,milik,kontrak,no
32,7457000.0,10261000.0,34165000.0,24,11341000.0,15700000.0,0,1594400.0,SMA,kendaraan,keluarga,kontrak,yes
58,8333000.0,10821000.0,23981000.0,36,2946000.0,17719000.0,1,746100.0,SMA,renovasi,sewa,tetap,no
59,7325000.0,11553000.0,18809000.0,48,2725000.0,10888000.0,1,438900.0,SMA,modal_usaha,keluarga,wiraswasta,no
49,4937000.0,5575000.0,22332000.0,24,2941000.0,8036000.0,2,1042200.0,SMA,renovasi,milik,kontrak,no
26,6206000.0,11862000.0,35719000.0,36,3460000.0,5587000.0,3,1111300.0,S1,pendidikan,sewa,kontrak,yes
26,6562000.0,5297000.0,30551000.0,24,1809000.0,9520000.0,1,1425700.0,D3,modal_usaha,milik,kontrak,no
42,4887000.0,6758000.0,11317000.0,24,2679000.0,13399000.0,0,528100.0,SMA,konsumtif,keluarga,tetap,no
46,12130000.0,10114000.0,40082000.0,36,8113000.0,14275000.0,2,1247000.0,S1,modal_usaha,milik,tetap,no
22,4884000.0,5110000.0,8275000.0,24,2896000.0,8936000.0,1,386200.0,S1,pendidikan,milik,tetap,no
51,4831000.0,4137000.0,18896000.0,36,4273000.0,11058000.0,2,587900.0,D3,kendaraan,sewa,tetap,no
44,20191000.0,27172000.0,54803000.0,48,19787000.0,51817000.0,2,1278700.0,S2,kendaraan,milik,wiraswasta,no
21,4802000.0,7121000.0,8426000.0,24,2642000.0,4699000.0,0,393200.0,D3,kendaraan,keluarga,tetap,no
25,5462000.0,8637000.0,3365000.0,60,5680000.0,11481000.0,4,62800.0,S1,modal_usaha,milik,tetap,no
40,4105000.0,2979000.0,22944000.0,24,4318000.0,8949000.0,2,1070700.0,SMA,modal_usaha,milik,tetap,no
52,15656000.0,18440000.0,14615000.0,36,11761000.0,19323000.0,0,454700.0,S1,renovasi,milik,wiraswasta,no
57,32760000.0,29939000.0,75715000.0,36,13291000.0,28431000.0,2,2355600.0,S2,konsumtif,milik,wiraswasta,no
39,8543000.0,4655000.0,13220000.0,36,12290000.0,22704000.0,1,411300.0,S1,modal_usaha,keluarga,tetap,no
33,8344000.0,5733000.0,26848000.0,60,4816000.0,14753000.0,2,501200.0,S1,konsumtif,keluarga,tetap,no
63,25552000.0,37640000.0,40173000.0,24,3865000.0,23858000.0,1,1874700.0,S1,kendaraan,keluarga,tetap,no
41,3773000.0,8931000.0,17164000.0,24,1532000.0,7816000.0,6,801000.0,D3,konsumtif,keluarga,wiraswasta,yes
34,22682000.0,12500000.0,39387000.0,36,9685000.0,36954000.0,3,1225400.0,S1,modal_usaha,milik,kontrak,no
40,31322000.0,30006000.0,47610000.0,36,14018000.0,30584000.0,2,1481200.0,S1,modal_usaha,sewa,tetap,no
21,2731000.0,6146000.0,4623000.0,48,983000.0,3910000.0,1,107900.0,S2,renovasi,milik,tetap,no
34,7189000.0,3354000.0,15360000.0,48,2745000.0,10920000.0,0,358400.0,D3,pendidikan,sewa,wiraswasta,no
43,5129000.0,3798000.0,20670000.0,12,481000.0,10590000.0,1,1929200.0,SMA,konsumtif,keluarga,tetap,yes
61,13509000.0,19197000.0,22330000.0,48,5923000.0,22794000.0,0,521000.0,S1,konsumtif,milik,wiraswasta,no
53,7030000.0,9799000.0,30459000.0,48,2747000.0,7279000.0,1,710700.0,SMA,renovasi,milik,kontrak,yes
55,12677000.0,38564000.0,36332000.0,36,13922000.0,27861000.0,4,1130300.0,SMA,kendaraan,milik,kontrak,yes
44,6861000.0,7566000.0,10865000.0,24,6537000.0,16489000.0,0,507000.0,SMA,kendaraan,keluarga,wiraswasta,no
25,5283000.0,6411000.0,9616000.0,60,2593000.0,10123000.0,2,179500.0,S1,renovasi,keluarga,wiraswasta,no
38,5995000.0,7227000.0,20385000.0,48,3486000.0,5632000.0,2,475700.0,SMA,renovasi,keluarga,kontrak,no
64,13042000.0,17095000.0,33680000.0,24,11863000.0,13395000.0,1,1571700.0,SMA,konsumtif,sewa,tetap,no
22,2851000.0,557000.0,9481000.0,24,4912000.0,8206000.0,2,442400.0,SMA,konsumtif,keluarga,wiraswasta,yes
59,6998000.0,9346000.0,34774000.0,48,5169000.0,8514000.0,0,811400.0,S1,konsumtif,keluarga,wiraswasta,no
51,31163000.0,35133000.0,23437000.0,60,3633000.0,46012000.0,0,437500.0,S1,pendidikan,milik,wiraswasta,no
33,4434000.0,10443000.0,11816000.0,36,6046000.0,10254000.0,1,367600.0,SMA,renovasi,keluarga,tetap,no
55,8270000.0,6322000.0,23031000.0,48,6621000.0,21023000.0,1,537400.0,SMA,kendaraan,sewa,wiraswasta,no
57,11840000.0,10140000.0,22260000.0,24,13691000.0,33202000.0,1,1038800.0,S1,modal_usaha,milik,tetap,no
22,6216000.0,10843000.0,18215000.0,24,3496000.0,10377000.0,1,850000.0,SMA,konsumtif,sewa,tetap,no
25,17677000.0,32856000.0,63929000.0,36,29418000.0,52731000.0,0,1988900.0,S1,modal_usaha,milik,kontrak,no
50,13007000.0,30653000.0,48351000.0,12,6820000.0,13378000.0,1,4512800.0,D3,renovasi,sewa,wiraswasta,no
64,10107000.0,32941000.0,42289000.0,12,15450000.0,26464000.0,3,3947000.0,S2,kendaraan,milik,,yes
22,2606000.0,4337000.0,2403000.0,48,252000.0,3645000.0,3,56100.0,SMA,modal_usaha,sewa,tetap,no
50,10433000.0,5538000.0,31612000.0,24,11712000.0,29855000.0,0,1475200.0,S1,renovasi,sewa,tetap,no
27,4710000.0,5693000.0,21981000.0,24,3795000.0,12775000.0,2,1025800.0,SMA,renovasi,milik,wiraswasta,yes
49,7040000.0,2432000.0,21139000.0,12,7157000.0,17438000.0,1,1973000.0,S2,modal_usaha,sewa,tetap,no
48,21697000.0,7221000.0,89189000.0,24,21380000.0,46177000.0,2,4162200.0,S2,modal_usaha,sewa,wiraswasta,no
24,4795000.0,11409000.0,17969000.0,24,2075000.0,6098000.0,1,838600.0,S1,modal_usaha,keluarga,wiraswasta,yes
50,19619000.0,13231000.0,59955000.0,24,7582000.0,35633000.0,0,2797900.0,D3,kendaraan,sewa,,no
60,21841000.0,30157000.0,20402000.0,60,4346000.0,19144000.0,0,380800.0,SMA,renovasi,keluarga,tetap,no
58,12894000.0,16370000.0,51353000.0,36,14668000.0,30439000.0,2,1597600.0,S1,modal_usaha,sewa,kontrak,no
22,9189000.0,14473000.0,31609000.0,36,6798000.0,9694000.0,3,983400.0,S1,modal_usaha,milik,tetap,no
31,3281000.0,3305000.0,1743000.0,12,2649000.0,4489000.0,3,162700.0,SMA,kendaraan,milik,kontrak,no
31,9423000.0,9885000.0,15432000.0,24,5846000.0,12618000.0,0,720200.0,D3,modal_usaha,sewa,kontrak,no
40,6688000.0,15360000.0,5603000.0,48,11346000.0,16944000.0,1,130700.0,D3,renovasi,milik,wiraswasta,no
27,5059000.0,12256000.0,18396000.0,36,1528000.0,8506000.0,1,572300.0,S1,kendaraan,milik,wiraswasta,no
58,12658000.0,16538000.0,7384000.0,48,855000.0,25012000.0,0,172300.0,S1,konsumtif,keluarga,kontrak,no
55,,8150000.0,56862000.0,24,2940000.0,13946000.0,1,2653600.0,S1,modal_usaha,keluarga,wiraswasta,no
56,12015000.0,16948000.0,68618000.0,36,2869000.0,18443000.0,3,2134800.0,S1,modal_usaha,milik,wiraswasta,no
29,8447000.0,3728000.0,49547000.0,36,10300000.0,16270000.0,1,1541500.0,SMA,modal_usaha,milik,tetap,no
21,4175000.0,6113000.0,7290000.0,24,3151000.0,5124000.0,3,340200.0,D3,konsumtif,keluarga,kontrak,yes
61,21397000.0,53258000.0,68968000.0,48,22566000.0,49589000.0,1,1609300.0,SMA,pendidikan,milik,wiraswasta,no
33,5064000.0,4945000.0,27353000.0,24,4355000.0,9056000.0,1,1276500.0,S1,kendaraan,milik,wiraswasta,no
49,20357000.0,60701000.0,87135000.0,36,23883000.0,60339000.0,2,2710900.0,D3,renovasi,milik,wiraswasta,yes
61,7730000.0,10009000.0,16566000.0,12,5597000.0,10376000.0,3,1546200.0,D3,renovasi,milik,kontrak,yes
22,4855000.0,8462000.0,24696000.0,36,5138000.0,8114000.0,0,768300.0,SMA,konsumtif,sewa,tetap,no
21,3826000.0,7273000.0,13990000.0,48,4813000.0,10844000.0,2,326400.0,SMA,modal_usaha,keluarga,tetap,no
21,6346000.0,7393000.0,28652000.0,36,5392000.0,17446000.0,4,891400.0,S1,renovasi,sewa,tetap,yes
27,7622000.0,3122000.0,44450000.0,60,4748000.0,14216000.0,1,829700.0,SMA,konsumtif,milik,kontrak,no
23,9712000.0,9785000.0,58139000.0,24,2891000.0,10410000.0,1,2713200.0,SMA,modal_usaha,sewa,wiraswasta,no
57,24197000.0,34589000.0,79282000.0,48,12550000.0,41118000.0,1,1849900.0,S1,modal_usaha,sewa,tetap,no
47,7911000.0,19148000.0,10770000.0,48,10949000.0,16551000.0,2,251300.0,D3,renovasi,milik,kontrak,no
64,14005000.0,12457000.0,54726000.0,60,13200000.0,19037000.0,0,1021600.0,D3,kendaraan,milik,kontrak,no
56,7850000.0,10979000.0,31723000.0,48,7070000.0,9581000.0,0,740200.0,D3,konsumtif,milik,tetap,no
63,10098000.0,21990000.0,36825000.0,36,10813000.0,19885000.0,3,1145700.0,S1,pendidikan,sewa,tetap,yes
31,3410000.0,3844000.0,9621000.0,36,985000.0,4049000.0,3,299300.0,SMA,konsumtif,sewa,tetap,no
33,7550000.0,20477000.0,27924000.0,48,4052000.0,20566000.0,1,651600.0,S1,modal_usaha,keluarga,wiraswasta,yes
58,,18039000.0,69095000.0,48,6758000.0,19365000.0,0,1612200.0,S2,pendidikan,keluarga,kontrak,no
31,3752000.0,1283000.0,21371000.0,36,3987000.0,11152000.0,1,664900.0,S1,pendidikan,keluarga,tetap,no
23,6035000.0,7789000.0,30820000.0,48,7995000.0,11970000.0,2,719100.0,D3,modal_usaha,keluarga,wiraswasta,no
50,24697000.0,16602000.0,65825000.0,36,32959000.0,73198000.0,0,2047900.0,S1,pendidikan,sewa,tetap,no
56,18492000.0,10611000.0,67307000.0,24,13062000.0,45367000.0,1,3141000.0,D3,pendidikan,keluarga,wiraswasta,no
63,9729000.0,12704000.0,35154000.0,12,7349000.0,11056000.0,0,3281000.0,D3,kendaraan,milik,tetap,no
61,6514000.0,7106000.0,21555000.0,36,1597000.0,8471000.0,1,670600.0,D3,kendaraan,milik,tetap,no
26,6420000.0,17377000.0,5260000.0,36,4526000.0,6647000.0,1,163600.0,SMA,modal_usaha,keluarga,wiraswasta,no
54,3045000.0,1508000.0,13457000.0,36,2364000.0,7320000.0,2,418700.0,SMA,modal_usaha,milik,,no
58,19069000.0,10967000.0,86230000.0,36,17283000.0,22331000.0,2,2682700.0,D3,konsumtif,sewa,kontrak,no
51,7436000.0,15304000.0,23520000.0,24,3453000.0,17639000.0,3,1097600.0,SMA,kendaraan,keluarga,tetap,no
57,25909000.0,10695000.0,141428000.0,24,19840000.0,69718000.0,3,6600000.0,D3,renovasi,sewa,tetap,no
57,6510000.0,9681000.0,38484000.0,12,5040000.0,11105000.0,1,3591800.0,S1,pendidikan,milik,wiraswasta,yes
40,19642000.0,8860000.0,97641000.0,12,29151000.0,44279000.0,3,9113200.0,S2,kendaraan,milik,kontrak,yes
22,4643000.0,9242000.0,26016000.0,36,3180000.0,12858000.0,1,809400.0,SMA,modal_usaha,sewa,wiraswasta,yes
41,9148000.0,8264000.0,29102000.0,48,2653000.0,22476000.0,2,679000.0,S1,modal_usaha,sewa,wiraswasta,no
29,3706000.0,3251000.0,20488000.0,60,1741000.0,4031000.0,0,382400.0,D3,pendidikan,sewa,,no
26,6825000.0,6398000.0,38511000.0,12,1123000.0,9852000.0,1,3594400.0,SMA,modal_usaha,sewa,tetap,yes
26,7076000.0,8004000.0,27806000.0,48,2199000.0,13999000.0,0,648800.0,SMA,konsumtif,milik,kontrak,no
51,18280000.0,6754000.0,24294000.0,36,16353000.0,25252000.0,1,755800.0,SMA,modal_usaha,sewa,kontrak,no
43,,8387000.0,14926000.0,24,14797000.0,21346000.0,1,696500.0,SMA,kendaraan,sewa,tetap,no
44,5525000.0,1539000.0,17115000.0,48,2995000.0,16002000.0,2,399400.0,SMA,kendaraan,milik,,no
53,6731000.0,3226000.0,30597000.0,60,2256000.0,12095000.0,2,571100.0,D3,modal_usaha,keluarga,kontrak,no
45,,4654000.0,16112000.0,24,1621000.0,6804000.0,2,751900.0,D3,modal_usaha,milik,kontrak,no
48,15051000.0,14445000.0,73737000.0,36,12653000.0,16894000.0,0,2294000.0,SMA,modal_usaha,milik,tetap,no
24,3548000.0,9003000.0,16796000.0,24,5062000.0,9872000.0,0,783800.0,SMA,pendidikan,milik,kontrak,yes
58,18076000.0,7450000.0,29280000.0,24,6990000.0,23599000.0,2,1366400.0,SMA,modal_usaha,milik,tetap,no
40,10599000.0,27455000.0,13039000.0,12,8911000.0,12994000.0,1,1217000.0,D3,konsumtif,sewa,tetap,yes
27,6165000.0,7918000.0,27016000.0,12,7887000.0,12407000.0,3,2521500.0,SMA,kendaraan,keluarga,wiraswasta,yes
56,,20263000.0,21992000.0,48,4703000.0,17653000.0,2,513100.0,D3,modal_usaha,milik,tetap,no
53,11425000.0,13300000.0,64239000.0,12,16334000.0,18834000.0,1,5995600.0,SMA,modal_usaha,sewa,kontrak,yes
23,4911000.0,11324000.0,25914000.0,36,2357000.0,10181000.0,0,806200.0,SMA,modal_usaha,keluarga,tetap,no
29,9028000.0,17221000.0,26920000.0,48,7348000.0,18532000.0,2,628100.0,S2,kendaraan,sewa,kontrak,no
21,6525000.0,6079000.0,24095000.0,48,2182000.0,6202000.0,4,562200.0,SMA,konsumtif,keluarga,tetap,no
32,5450000.0,1848000.0,28117000.0,24,6109000.0,9335000.0,1,1312100.0,SMA,pendidikan,sewa,tetap,no
25,3580000.0,725000.0,18947000.0,12,2192000.0,8542000.0,2,1768400.0,SMA,pendidikan,keluarga,wiraswasta,yes
52,21124000.0,27152000.0,75272000.0,36,25234000.0,34637000.0,1,2341800.0,S2,renovasi,sewa,tetap,no
43,10694000.0,8875000.0,62512000.0,24,1680000.0,32027000.0,1,2917200.0,S1,kendaraan,milik,wiraswasta,no
64,20015000.0,32465000.0,67357000.0,24,12029000.0,26377000.0,3,3143300.0,S1,konsumtif,milik,kontrak,no
53,13387000.0,36539000.0,9720000.0,36,14180000.0,25328000.0,1,302400.0,S2,renovasi,milik,tetap,no
47,4421000.0,7298000.0,15893000.0,36,5282000.0,10092000.0,1,494400.0,SMA,konsumtif,keluarga,tetap,no
43,29942000.0,14926000.0,142929000.0,24,16332000.0,60043000.0,2,6670000.0,S2,modal_usaha,milik,tetap,no
23,9919000.0,6888000.0,58692000.0,24,1811000.0,8788000.0,1,2739000.0,SMA,modal_usaha,milik,kontrak,no
24,11637000.0,14166000.0,12562000.0,48,7287000.0,22460000.0,3,293100.0,S1,konsumtif,milik,tetap,no
48,8117000.0,17712000.0,23726000.0,60,14081000.0,23751000.0,2,442900.0,D3,pendidikan,milik,wiraswasta,yes
21,5193000.0,6330000.0,19352000.0,36,3692000.0,8800000.0,1,602100.0,D3,modal_usaha,milik,tetap,no
22,17506000.0,35670000.0,93623000.0,36,10044000.0,18479000.0,2,2912700.0,S2,modal_usaha,keluarga,tetap,no
30,4784000.0,2128000.0,21228000.0,36,1350000.0,4051000.0,0,660400.0,SMA,renovasi,keluarga,tetap,no
59,13761000.0,10635000.0,24382000.0,12,7880000.0,23490000.0,3,2275700.0,S2,modal_usaha,sewa,kontrak,no
41,19786000.0,44890000.0,103414000.0,48,4019000.0,23895000.0,4,2413000.0,D3,konsumtif,milik,tetap,no
52,12667000.0,10993000.0,52610000.0,24,24040000.0,33394000.0,3,2455100.0,S1,kendaraan,keluarga,kontrak,yes
39,28284000.0,38970000.0,153394000.0,36,57795000.0,81881000.0,1,4772300.0,S2,renovasi,milik,kontrak,no
28,2884000.0,6433000.0,14677000.0,24,7123000.0,8275000.0,1,684900.0,SMA,kendaraan,milik,wiraswasta,yes
37,15544000.0,11166000.0,18823000.0,48,16681000.0,25243000.0,2,439200.0,S2,renovasi,milik,tetap,no
25,20216000.0,18917000.0,116901000.0,48,11188000.0,36398000.0,0,2727700.0,S1,modal_usaha,milik,kontrak,no
54,13597000.0,7476000.0,40772000.0,48,9740000.0,20303000.0,1,951300.0,S1,renovasi,milik,tetap,no
29,4892000.0,5892000.0,28883000.0,36,1891000.0,5303000.0,2,898600.0,SMA,renovasi,milik,tetap,yes
37,4688000.0,3731000.0,7166000.0,36,5979000.0,9516000.0,3,222900.0,D3,modal_usaha,milik,wiraswasta,no
64,26142000.0,49629000.0,127135000.0,36,6302000.0,31623000.0,1,3955300.0,S1,pendidikan,keluarga,wiraswasta,no
47,,9297000.0,14611000.0,48,5289000.0,6247000.0,1,340900.0,D3,renovasi,keluarga,tetap,no
41,6552000.0,7903000.0,4891000.0,36,12574000.0,17486000.0,4,152200.0,SMA,renovasi,keluarga,kontrak,no
44,4141000.0,4089000.0,24710000.0,36,4829000.0,10587000.0,1,768800.0,SMA,pendidikan,sewa,wiraswasta,no
55,27525000.0,10261000.0,59714000.0,36,36305000.0,78111000.0,0,1857800.0,S1,kendaraan,sewa,tetap,no
32,9779000.0,18140000.0,9220000.0,24,5406000.0,14867000.0,1,430300.0,SMA,konsumtif,sewa,tetap,no
49,12089000.0,16524000.0,63259000.0,36,16517000.0,32829000.0,0,1968100.0,S1,konsumtif,keluarga,wiraswasta,no
59,10882000.0,10241000.0,31298000.0,12,9668000.0,18245000.0,0,2921100.0,S2,modal_usaha,milik,kontrak,yes
46,14934000.0,21631000.0,54815000.0,48,4608000.0,14338000.0,0,1279000.0,SMA,modal_usaha,sewa,tetap,no
40,5696000.0,3657000.0,33701000.0,24,2148000.0,10294000.0,1,1572700.0,SMA,pendidikan,milik,,no
27,5019000.0,7135000.0,15779000.0,48,3766000.0,10130000.0,0,368200.0,S1,renovasi,milik,wiraswasta,no
31,2585000.0,5680000.0,2246000.0,12,2180000.0,4525000.0,1,209600.0,SMA,konsumtif,sewa,tetap,no
62,11586000.0,14253000.0,49837000.0,36,10472000.0,29289000.0,0,1550500.0,S1,kendaraan,keluarga,kontrak,no
44,5824000.0,5594000.0,25674000.0,24,3654000.0,9167000.0,1,1198100.0,S1,pendidikan,keluarga,tetap,no
34,7073000.0,7283000.0,11091000.0,48,6072000.0,19991000.0,2,258800.0,S1,konsumtif,milik,tetap,no
39,11490000.0,26889000.0,40212000.0,12,1530000.0,11067000.0,3,3753100.0,D3,renovasi,milik,,yes
46,9812000.0,6955000.0,24831000.0,36,6119000.0,23401000.0,0,772500.0,S1,kendaraan,keluarga,tetap,no
44,13152000.0,13044000.0,10187000.0,12,11592000.0,37401000.0,1,950800.0,S1,kendaraan,sewa,tetap,no
51,5912000.0,7175000.0,13088000.0,48,5770000.0,11924000.0,1,305400.0,SMA,pendidikan,milik,tetap,no
32,9298000.0,2304000.0,51162000.0,24,6427000.0,25412000.0,0,2387600.0,S1,modal_usaha,milik,kontrak,no
49,29105000.0,29882000.0,62615000.0,36,23756000.0,67583000.0,2,1948000.0,S1,modal_usaha,sewa,,no
40,,19785000.0,15393000.0,24,4889000.0,7416000.0,1,718300.0,S1,modal_usaha,sewa,wiraswasta,yes
62,14783000.0,3904000.0,83894000.0,24,23591000.0,33657000.0,0,3915100.0,D3,renovasi,keluarga,wiraswasta,no
27,2627000.0,1796000.0,6838000.0,12,3679000.0,5896000.0,3,638200.0,SMA,kendaraan,milik,tetap,no
27,10533000.0,8070000.0,59754000.0,36,3004000.0,8427000.0,4,1859000.0,SMA,renovasi,milik,wiraswasta,no
41,5517000.0,3283000.0,29468000.0,12,1917000.0,9380000.0,0,2750300.0,SMA,konsumtif,milik,tetap,yes
43,11373000.0,6479000.0,35115000.0,60,5552000.0,10069000.0,1,655500.0,SMA,pendidikan,milik,tetap,no
51,14985000.0,12239000.0,39220000.0,36,2491000.0,21647000.0,1,1220200.0,S2,renovasi,milik,tetap,no
38,8531000.0,19567000.0,10727000.0,36,17605000.0,25341000.0,0,333700.0,SMA,renovasi,milik,wiraswasta,no
61,20583000.0,10244000.0,31871000.0,24,21612000.0,59045000.0,2,1487300.0,S1,modal_usaha,milik,,no
41,5578000.0,2872000.0,9920000.0,24,8606000.0,12867000.0,3,462900.0,SMA,pendidikan,milik,tetap,no
26,8532000.0,6283000.0,26338000.0,48,2273000.0,13712000.0,2,614600.0,SMA,renovasi,milik,kontrak,no
26,4623000.0,12832000.0,11773000.0,48,3235000.0,7731000.0,3,274700.0,D3,konsumtif,keluarga,kontrak,yes
63,14419000.0,21780000.0,70684000.0,36,7498000.0,12747000.0,1,2199100.0,SMA,kendaraan,sewa,tetap,no
26,6800000.0,9493000.0,14496000.0,48,2062000.0,10501000.0,2,338200.0,S1,modal_usaha,milik,wiraswasta,no
62,22596000.0,50103000.0,64056000.0,24,31343000.0,57069000.0,0,2989300.0,S2,pendidikan,milik,kontrak,no
33,7468000.0,5989000.0,8774000.0,60,2568000.0,14507000.0,1,163800.0,S1,konsumtif,milik,tetap,no
25,5243000.0,5290000.0,10443000.0,36,4696000.0,9693000.0,2,324900.0,SMA,konsumtif,sewa,tetap,no
34,5771000.0,1125000.0,27739000.0,48,555000.0,5773000.0,2,647200.0,S1,konsumtif,milik,kontrak,no
48,,10678000.0,38053000.0,48,13246000.0,24465000.0,0,887900.0,SMA,kendaraan,milik,kontrak,no
39,13019000.0,14150000.0,35310000.0,24,10272000.0,18523000.0,0,1647800.0,S2,modal_usaha,milik,tetap,no
55,8597000.0,16518000.0,31603000.0,36,3550000.0,14120000.0,1,983200.0,D3,pendidikan,keluarga,tetap,no
47,7431000.0,3938000.0,22448000.0,60,4027000.0,11351000.0,2,419000.0,SMA,kendaraan,milik,tetap,yes
38,6881000.0,18359000.0,37321000.0,12,2944000.0,10481000.0,1,3483300.0,SMA,kendaraan,milik,wiraswasta,yes
48,5877000.0,16671000.0,15696000.0,36,5187000.0,12450000.0,3,488300.0,SMA,konsumtif,sewa,tetap,yes
63,9588000.0,8115000.0,42874000.0,36,4421000.0,20897000.0,3,1333900.0,SMA,pendidikan,keluarga,,no
39,8117000.0,2369000.0,13814000.0,24,9985000.0,17182000.0,1,644700.0,S2,renovasi,sewa,tetap,no
27,23714000.0,23502000.0,68475000.0,24,10626000.0,22545000.0,2,3195500.0,S1,pendidikan,milik,tetap,no
38,20188000.0,41481000.0,68868000.0,48,39440000.0,59211000.0,2,1606900.0,S2,konsumtif,sewa,wiraswasta,no
57,10313000.0,24943000.0,11092000.0,60,5268000.0,24450000.0,1,207100.0,SMA,pendidikan,milik,wiraswasta,no
30,14760000.0,32054000.0,55067000.0,36,23551000.0,40472000.0,3,1713200.0,S1,modal_usaha,milik,tetap,no
62,4095000.0,9661000.0,14990000.0,60,1795000.0,4714000.0,1,279800.0,SMA,renovasi,milik,wiraswasta,no
46,2949000.0,1427000.0,4049000.0,12,4494000.0,8407000.0,0,377900.0,D3,kendaraan,milik,tetap,no
47,6365000.0,2317000.0,38143000.0,24,12935000.0,15198000.0,4,1780000.0,SMA,konsumtif,sewa,kontrak,yes
34,3242000.0,1940000.0,3270000.0,12,3690000.0,6165000.0,1,305200.0,SMA,renovasi,milik,tetap,no
61,13681000.0,26392000.0,74208000.0,36,1262000.0,11641000.0,1,2308700.0,S1,kendaraan,sewa,kontrak,no
22,5328000.0,10954000.0,17067000.0,36,339000.0,7230000.0,3,531000.0,SMA,modal_usaha,milik,kontrak,no
34,11367000.0,21608000.0,19607000.0,24,13987000.0,30068000.0,1,915000.0,D3,renovasi,sewa,tetap,no
39,,7426000.0,6876000.0,36,2928000.0,10029000.0,1,213900.0,S1,renovasi,milik,wiraswasta,no
42,8334000.0,2468000.0,36226000.0,36,2764000.0,19103000.0,1,1127000.0,SMA,kendaraan,sewa,tetap,yes
41,13316000.0,9728000.0,61912000.0,36,22202000.0,32062000.0,0,1926200.0,S2,konsumtif,sewa,wiraswasta,no
27,7744000.0,14130000.0,32555000.0,36,8493000.0,19410000.0,0,1012800.0,D3,kendaraan,sewa,wiraswasta,yes
30,6894000.0,4267000.0,19367000.0,36,3646000.0,11314000.0,0,602500.0,S1,pendidikan,milik,tetap,no
25,14834000.0,13292000.0,21497000.0,60,11594000.0,41559000.0,2,401300.0,S1,pendidikan,sewa,wiraswasta,no
46,11089000.0,19323000.0,53698000.0,48,2731000.0,16000000.0,1,1253000.0,S1,konsumtif,sewa,wiraswasta,no
36,21561000.0,32399000.0,114096000.0,60,22222000.0,56907000.0,1,2129800.0,S1,konsumtif,milik,wiraswasta,no
45,7995000.0,11877000.0,21229000.0,60,5212000.0,13867000.0,1,396300.0,S1,kendaraan,milik,tetap,no
46,16228000.0,24229000.0,83196000.0,48,13713000.0,21345000.0,2,1941200.0,S1,kendaraan,sewa,tetap,no
51,7970000.0,11476000.0,31847000.0,12,6198000.0,12398000.0,2,2972400.0,SMA,kendaraan,sewa,tetap,yes
45,6341000.0,11576000.0,21549000.0,36,10244000.0,16227000.0,5,670400.0,SMA,renovasi,sewa,wiraswasta,no
49,16298000.0,10961000.0,62883000.0,24,13148000.0,35085000.0,0,2934500.0,S1,renovasi,sewa,tetap,no
46,6540000.0,7358000.0,7146000.0,12,2935000.0,7199000.0,2,667000.0,SMA,konsumtif,milik,tetap,yes
49,2384000.0,1455000.0,2836000.0,36,759000.0,2557000.0,0,88200.0,SMA,pendidikan,milik,tetap,no
48,1955000.0,440000.0,8791000.0,24,929000.0,4520000.0,1,410200.0,SMA,pendidikan,milik,wiraswasta,no
34,13318000.0,15423000.0,77707000.0,36,2490000.0,17671000.0,2,2417600.0,D3,modal_usaha,keluarga,kontrak,yes
31,9935000.0,39269000.0,32715000.0,48,6555000.0,12509000.0,0,763400.0,SMA,pendidikan,sewa,tetap,yes
55,31938000.0,39459000.0,25455000.0,24,41406000.0,78213000.0,2,1187900.0,S1,renovasi,milik,wiraswasta,no
36,9627000.0,7725000.0,8418000.0,60,8930000.0,14535000.0,1,157100.0,S1,modal_usaha,sewa,tetap,no
45,6378000.0,4488000.0,19584000.0,48,2154000.0,6061000.0,0,457000.0,S1,konsumtif,sewa,wiraswasta,no
29,4562000.0,11837000.0,18782000.0,48,4156000.0,7913000.0,4,438200.0,SMA,konsumtif,sewa,kontrak,yes
39,8262000.0,7981000.0,11169000.0,12,10471000.0,16955000.0,3,1042400.0,D3,konsumtif,keluarga,tetap,no
44,7123000.0,14543000.0,4856000.0,60,3727000.0,15124000.0,3,90600.0,S1,renovasi,sewa,tetap,no
48,20294000.0,19573000.0,91568000.0,12,11327000.0,18847000.0,1,8546300.0,D3,kendaraan,keluarga,kontrak,yes
44,30700000.0,10678000.0,40024000.0,48,12103000.0,55193000.0,0,933900.0,S1,renovasi,sewa,wiraswasta,no
36,7750000.0,14448000.0,22552000.0,12,2937000.0,12331000.0,1,2104900.0,SMA,renovasi,sewa,tetap,no
63,,11464000.0,88767000.0,24,20355000.0,34970000.0,2,4142500.0,S2,modal_usaha,sewa,wiraswasta,no
43,3958000.0,1638000.0,4707000.0,24,1828000.0,3529000.0,2,219700.0,SMA,pendidikan,sewa,kontrak,no
56,27893000.0,35941000.0,81870000.0,48,11939000.0,40454000.0,1,1910300.0,S1,renovasi,milik,wiraswasta,no
53,13638000.0,17329000.0,15179000.0,48,4045000.0,30216000.0,1,354200.0,S1,renovasi,sewa,tetap,no
45,6452000.0,8162000.0,15558000.0,36,709000.0,6949000.0,2,484000.0,SMA,renovasi,milik,kontrak,no
60,18560000.0,26987000.0,102421000.0,48,25784000.0,54015000.0,2,2389800.0,S1,modal_usaha,sewa,wiraswasta,no
26,4011000.0,3754000.0,17142000.0,24,2661000.0,11979000.0,3,800000.0,SMA,konsumtif,sewa,tetap,no
61,16258000.0,25870000.0,10194000.0,60,8407000.0,25899000.0,2,190300.0,S1,modal_usaha,sewa,wiraswasta,yes
58,7534000.0,5404000.0,9339000.0,36,15422000.0,17314000.0,2,290500.0,S1,pendidikan,milik,kontrak,no
43,11561000.0,20654000.0,24463000.0,60,2928000.0,25408000.0,2,456600.0,SMA,modal_usaha,milik,tetap,no
53,8097000.0,18580000.0,43930000.0,48,2313000.0,9455000.0,1,1025000.0,SMA,renovasi,sewa,wiraswasta,no
43,18540000.0,21895000.0,85450000.0,24,15080000.0,30666000.0,1,3987700.0,S1,modal_usaha,milik,tetap,yes
32,5312000.0,10296000.0,20697000.0,24,7530000.0,15710000.0,1,965900.0,SMA,konsumtif,milik,tetap,yes
56,,14524000.0,17520000.0,36,4581000.0,14140000.0,0,545100.0,S1,konsumtif,milik,kontrak,no
31,5139000.0,7851000.0,28824000.0,60,987000.0,10614000.0,1,538000.0,S1,konsumtif,milik,tetap,no
34,13176000.0,22764000.0,65152000.0,36,10071000.0,27909000.0,0,2027000.0,S1,modal_usaha,milik,wiraswasta,no
43,4780000.0,1991000.0,8685000.0,48,3667000.0,5586000.0,1,202700.0,SMA,pendidikan,milik,tetap,no
57,11377000.0,24696000.0,30989000.0,60,8774000.0,22499000.0,2,578500.0,S1,konsumtif,keluarga,wiraswasta,no
37,12317000.0,20704000.0,35179000.0,24,4811000.0,34714000.0,1,1641700.0,S2,renovasi,milik,kontrak,no
42,7352000.0,3251000.0,27432000.0,36,1957000.0,7752000.0,0,853400.0,SMA,modal_usaha,sewa,kontrak,no
22,2254000.0,1264000.0,5774000.0,36,1803000.0,2744000.0,1,179600.0,SMA,renovasi,milik,wiraswasta,no
26,4705000.0,4854000.0,7787000.0,24,4948000.0,6410000.0,1,363400.0,SMA,konsumtif,milik,wiraswasta,yes
23,8814000.0,8076000.0,36741000.0,48,10530000.0,21613000.0,0,857300.0,D3,modal_usaha,sewa,wiraswasta,no
24,6595000.0,12726000.0,27874000.0,24,5046000.0,13651000.0,2,1300800.0,S1,modal_usaha,keluarga,wiraswasta,no
59,10648000.0,12757000.0,31232000.0,48,11687000.0,20314000.0,2,728700.0,D3,pendidikan,milik,kontrak,no
58,15511000.0,17348000.0,49272000.0,36,10419000.0,39437000.0,0,1532900.0,S1,modal_usaha,sewa,tetap,no
57,8618000.0,4579000.0,6711000.0,48,13707000.0,25442000.0,0,156600.0,SMA,renovasi,sewa,tetap,no
23,3110000.0,1404000.0,9357000.0,36,916000.0,3829000.0,2,291100.0,SMA,renovasi,sewa,kontrak,no
24,4954000.0,2860000.0,24285000.0,36,2824000.0,12814000.0,1,755500.0,SMA,kendaraan,sewa,tetap,no
33,14380000.0,10612000.0,53970000.0,24,2211000.0,23212000.0,0,2518600.0,S1,modal_usaha,keluarga,kontrak,no
45,7110000.0,4938000.0,39559000.0,48,4547000.0,7972000.0,0,923000.0,S1,kendaraan,milik,kontrak,no
35,6462000.0,8082000.0,28697000.0,36,3184000.0,8816000.0,1,892800.0,D3,renovasi,sewa,kontrak,no
42,5805000.0,7022000.0,27731000.0,36,4222000.0,9743000.0,2,862700.0,S1,pendidikan,keluarga,kontrak,yes
28,8266000.0,20347000.0,24974000.0,48,14503000.0,22964000.0,2,582700.0,SMA,kendaraan,milik,wiraswasta,no
53,8141000.0,906000.0,11837000.0,36,2885000.0,15081000.0,1,368300.0,SMA,pendidikan,sewa,tetap,no
34,4112000.0,595000.0,22686000.0,24,1364000.0,8847000.0,1,1058700.0,SMA,kendaraan,sewa,kontrak,no
23,9974000.0,6630000.0,41149000.0,24,6724000.0,8708000.0,1,1920300.0,S2,renovasi,milik,kontrak,yes
53,7667000.0,5117000.0,42185000.0,36,2544000.0,7213000.0,2,1312400.0,S1,konsumtif,milik,tetap,yes
60,9388000.0,24695000.0,36579000.0,24,11328000.0,26890000.0,2,1707000.0,S1,pendidikan,keluarga,kontrak,yes
21,2473000.0,3486000.0,7418000.0,24,2972000.0,6539000.0,1,346200.0,SMA,renovasi,milik,tetap,no
40,4156000.0,3661000.0,5158000.0,24,679000.0,7802000.0,3,240700.0,SMA,pendidikan,milik,wiraswasta,no
57,26083000.0,31342000.0,70095000.0,36,18077000.0,32366000.0,1,2180700.0,S1,modal_usaha,keluarga,wiraswasta,no
52,7468000.0,14403000.0,28278000.0,36,3950000.0,6634000.0,2,879800.0,D3,kendaraan,milik,tetap,no
58,22160000.0,23557000.0,124522000.0,36,16644000.0,65278000.0,1,3874000.0,S2,modal_usaha,milik,kontrak,no
39,7030000.0,13354000.0,35580000.0,36,2044000.0,5712000.0,2,1106900.0,S1,pendidikan,milik,wiraswasta,yes
37,11159000.0,11233000.0,37073000.0,36,7167000.0,14761000.0,2,1153400.0,D3,konsumtif,keluarga,kontrak,no
52,8156000.0,11606000.0,24174000.0,24,7733000.0,18796000.0,0,1128100.0,S1,pendidikan,milik,tetap,no
27,10466000.0,16963000.0,7148000.0,60,16469000.0,29968000.0,1,133400.0,S2,modal_usaha,keluarga,kontrak,no
31,7288000.0,10245000.0,17721000.0,36,3012000.0,7707000.0,0,551300.0,D3,konsumtif,keluarga,tetap,no
47,33717000.0,6676000.0,198838000.0,48,24062000.0,84379000.0,2,4639600.0,S1,pendidikan,milik,tetap,no
50,20660000.0,27810000.0,94533000.0,36,10425000.0,31608000.0,0,2941000.0,S2,modal_usaha,sewa,wiraswasta,no
26,3998000.0,2368000.0,13538000.0,24,3962000.0,9177000.0,1,631800.0,SMA,renovasi,sewa,tetap,no
43,14981000.0,9583000.0,78540000.0,48,5908000.0,15170000.0,2,1832600.0,S1,renovasi,sewa,wiraswasta,no
37,16654000.0,14059000.0,10439000.0,24,15045000.0,45009000.0,2,487200.0,SMA,renovasi,milik,wiraswasta,no
43,5286000.0,5238000.0,30484000.0,60,7655000.0,12453000.0,1,569000.0,S1,renovasi,milik,tetap,no
63,10798000.0,18037000.0,46952000.0,36,2323000.0,31339000.0,0,1460700.0,S1,kendaraan,milik,wiraswasta,no
24,7028000.0,2813000.0,4029000.0,12,4394000.0,13391000.0,2,376000.0,S1,modal_usaha,milik,tetap,no
64,10685000.0,23606000.0,46805000.0,36,9068000.0,29415000.0,0,1456200.0,D3,kendaraan,milik,wiraswasta,yes
40,8978000.0,11208000.0,8594000.0,48,7769000.0,17856000.0,1,200500.0,S1,kendaraan,sewa,kontrak,no
54,4805000.0,7862000.0,19305000.0,12,2358000.0,9265000.0,1,1801800.0,SMA,konsumtif,milik,kontrak,yes
39,12407000.0,4227000.0,26735000.0,24,3052000.0,12508000.0,0,1247600.0,SMA,renovasi,milik,,no
34,3178000.0,1274000.0,5296000.0,60,2458000.0,8235000.0,3,98900.0,SMA,modal_usaha,sewa,wiraswasta,no
54,12261000.0,14082000.0,48485000.0,24,6423000.0,20928000.0,2,2262600.0,S1,konsumtif,sewa,wiraswasta,yes
51,16332000.0,58555000.0,47154000.0,24,14872000.0,34625000.0,1,2200500.0,D3,konsumtif,keluarga,kontrak,yes
27,5243000.0,11228000.0,4482000.0,12,3440000.0,11700000.0,2,418300.0,SMA,kendaraan,milik,wiraswasta,no
52,8329000.0,24411000.0,41836000.0,36,7916000.0,20861000.0,1,1301600.0,S1,renovasi,sewa,kontrak,yes
54,5868000.0,7900000.0,11523000.0,36,4130000.0,12122000.0,2,358500.0,D3,konsumtif,milik,wiraswasta,no
38,7279000.0,1548000.0,28389000.0,36,12404000.0,15750000.0,3,883200.0,D3,pendidikan,sewa,kontrak,no
61,8687000.0,5910000.0,33458000.0,60,4749000.0,16902000.0,0,624500.0,D3,modal_usaha,keluarga,tetap,no
49,8661000.0,6019000.0,7006000.0,12,6339000.0,18627000.0,3,653900.0,SMA,kendaraan,milik,tetap,no
35,5073000.0,4952000.0,30363000.0,24,2129000.0,9016000.0,1,1416900.0,S1,renovasi,milik,wiraswasta,no
21,8571000.0,14374000.0,25388000.0,24,1744000.0,21497000.0,2,1184800.0,D3,modal_usaha,milik,tetap,no
50,8470000.0,6574000.0,13802000.0,36,1615000.0,21879000.0,0,429400.0,SMA,kendaraan,sewa,wiraswasta,no
30,11821000.0,10823000.0,34306000.0,12,8643000.0,22905000.0,0,3201900.0,S2,kendaraan,sewa,kontrak,no
54,25661000.0,56574000.0,97944000.0,36,8588000.0,28807000.0,3,3047100.0,S1,konsumtif,keluarga,tetap,no
44,9203000.0,18774000.0,4755000.0,48,10231000.0,14924000.0,4,111000.0,S1,modal_usaha,sewa,wiraswasta,no
41,7659000.0,11669000.0,16472000.0,24,3924000.0,20280000.0,0,768700.0,S1,renovasi,milik,wiraswasta,no
28,8182000.0,15466000.0,28226000.0,60,10617000.0,23047000.0,1,526900.0,S2,kendaraan,milik,kontrak,no
52,7643000.0,10340000.0,33015000.0,60,3342000.0,10605000.0,0,616300.0,SMA,kendaraan,milik,wiraswasta,no
28,8065000.0,20385000.0,17930000.0,36,4949000.0,23150000.0,0,557800.0,S1,konsumtif,sewa,wiraswasta,no
39,7048000.0,6203000.0,19181000.0,48,2536000.0,9929000.0,1,447600.0,S1,pendidikan,keluarga,wiraswasta,no
57,3670000.0,5667000.0,6300000.0,48,6473000.0,10355000.0,2,147000.0,SMA,renovasi,sewa,kontrak,no
61,7615000.0,10819000.0,16081000.0,24,5552000.0,21763000.0,2,750400.0,SMA,renovasi,milik,wiraswasta,no
64,12163000.0,15693000.0,52063000.0,36,19150000.0,23239000.0,3,1619700.0,SMA,renovasi,keluarga,tetap,no
63,,21178000.0,39502000.0,12,28251000.0,48497000.0,2,3686900.0,S1,pendidikan,keluarga,tetap,no
45,19576000.0,41573000.0,39894000.0,36,18003000.0,39316000.0,1,1241100.0,S1,renovasi,milik,kontrak,no
29,20624000.0,17869000.0,44178000.0,48,25982000.0,33691000.0,1,1030800.0,S1,pendidikan,sewa,wiraswasta,no
57,12835000.0,10967000.0,49666000.0,36,23909000.0,33144000.0,0,1545200.0,SMA,kendaraan,milik,tetap,no
56,,33747000.0,59814000.0,24,3360000.0,17334000.0,0,2791300.0,SMA,modal_usaha,keluarga,tetap,no
64,18202000.0,28420000.0,49836000.0,36,11400000.0,23237000.0,1,1550500.0,D3,konsumtif,milik,tetap,no
49,21241000.0,39687000.0,84491000.0,60,3643000.0,26958000.0,0,1577200.0,D3,modal_usaha,keluarga,kontrak,no
27,23650000.0,13470000.0,95436000.0,12,8186000.0,51286000.0,4,8907400.0,S2,modal_usaha,milik,tetap,yes
43,,7470000.0,9661000.0,24,8175000.0,39843000.0,2,450800.0,S1,modal_usaha,sewa,tetap,no
40,,29544000.0,42226000.0,24,7293000.0,47182000.0,2,1970500.0,S2,renovasi,milik,tetap,no
58,13146000.0,8478000.0,24236000.0,60,4349000.0,36542000.0,1,452400.0,S1,konsumtif,sewa,tetap,no
38,12304000.0,14870000.0,62260000.0,36,8187000.0,33530000.0,0,1937000.0,S2,kendaraan,sewa,wiraswasta,no
35,6570000.0,13968000.0,13238000.0,12,6241000.0,15114000.0,2,1235500.0,D3,renovasi,milik,tetap,yes
24,6660000.0,8218000.0,14953000.0,36,10163000.0,18732000.0,1,465200.0,SMA,renovasi,milik,tetap,no
57,,4920000.0,22804000.0,36,1834000.0,9274000.0,1,709500.0,SMA,modal_usaha,keluarga,tetap,no
54,,12109000.0,34686000.0,12,5765000.0,23669000.0,1,3237400.0,D3,renovasi,milik,kontrak,no
22,1683000.0,4057000.0,8348000.0,48,909000.0,1630000.0,1,194800.0,SMA,modal_usaha,milik,wiraswasta,no
40,14583000.0,19127000.0,38406000.0,48,6618000.0,15684000.0,1,896100.0,SMA,modal_usaha,milik,wiraswasta,no
42,,1612000.0,24962000.0,12,4660000.0,15827000.0,4,2329800.0,S2,kendaraan,keluarga,tetap,yes
41,8394000.0,8021000.0,32278000.0,60,1026000.0,8611000.0,3,602500.0,SMA,kendaraan,milik,kontrak,no
61,,43961000.0,164646000.0,24,21422000.0,106869000.0,1,7683500.0,S2,konsumtif,milik,wiraswasta,yes
27,9446000.0,18050000.0,56291000.0,12,4832000.0,17246000.0,1,5253800.0,S1,renovasi,milik,tetap,yes
34,17929000.0,26245000.0,69935000.0,36,6288000.0,50107000.0,1,2175800.0,S1,renovasi,milik,wiraswasta,yes
28,4805000.0,7597000.0,15371000.0,12,3797000.0,8882000.0,1,1434600.0,S1,pendidikan,milik,wiraswasta,no
31,,23872000.0,20694000.0,36,2140000.0,39298000.0,0,643800.0,SMA,konsumtif,milik,,no
60,24378000.0,12973000.0,144515000.0,24,2200000.0,36756000.0,1,6744000.0,S1,modal_usaha,milik,wiraswasta,no
62,,5765000.0,46788000.0,24,26116000.0,31702000.0,1,2183400.0,SMA,modal_usaha,milik,tetap,no
22,17846000.0,19286000.0,25120000.0,60,6151000.0,15647000.0,1,468900.0,S2,kendaraan,milik,kontrak,no
48,4584000.0,1243000.0,13881000.0,24,3629000.0,10700000.0,2,647800.0,SMA,pendidikan,milik,tetap,no
31,5016000.0,6835000.0,17966000.0,36,10943000.0,14500000.0,2,558900.0,SMA,pendidikan,sewa,tetap,no
29,16386000.0,12557000.0,27739000.0,24,17759000.0,41521000.0,2,1294500.0,S1,konsumtif,sewa,wiraswasta,no
33,,1485000.0,17970000.0,48,2852000.0,10399000.0,1,419300.0,S1,konsumtif,keluarga,wiraswasta,no
29,8835000.0,15829000.0,36019000.0,24,9827000.0,12883000.0,2,1680900.0,D3,renovasi,milik,tetap,no
42,13735000.0,6721000.0,24525000.0,12,18655000.0,24641000.0,0,2289000.0,S1,kendaraan,sewa,wiraswasta,no
64,25094000.0,41506000.0,149150000.0,48,14938000.0,27593000.0,1,3480200.0,SMA,renovasi,milik,tetap,no
46,5698000.0,14358000.0,32579000.0,24,5205000.0,9277000.0,1,1520400.0,S1,pendidikan,sewa,tetap,yes
52,17199000.0,10789000.0,33716000.0,48,6318000.0,14078000.0,2,786700.0,SMA,kendaraan,keluarga,tetap,no
42,5413000.0,4178000.0,15860000.0,36,4939000.0,13604000.0,2,493400.0,SMA,modal_usaha,keluarga,wiraswasta,no
21,3901000.0,2223000.0,21149000.0,48,5067000.0,11300000.0,0,493500.0,SMA,modal_usaha,sewa,tetap,no
24,2905000.0,5582000.0,7944000.0,12,3703000.0,6803000.0,5,741400.0,SMA,kendaraan,milik,tetap,yes
32,3564000.0,4705000.0,20498000.0,60,3880000.0,9205000.0,1,382600.0,SMA,renovasi,milik,,no
31,8534000.0,6359000.0,13674000.0,24,7417000.0,16467000.0,0,638100.0,D3,renovasi,milik,tetap,no
57,5529000.0,11367000.0,24782000.0,12,162000.0,6755000.0,1,2313000.0,SMA,modal_usaha,milik,kontrak,no
58,12957000.0,13011000.0,49201000.0,48,9053000.0,30913000.0,3,1148000.0,SMA,konsumtif,sewa,tetap,no
58,8586000.0,4878000.0,20641000.0,24,7997000.0,12522000.0,1,963200.0,D3,kendaraan,milik,tetap,no
49,4575000.0,4745000.0,20349000.0,24,780000.0,8285000.0,1,949600.0,SMA,kendaraan,milik,tetap,yes
45,8998000.0,8135000.0,5697000.0,36,10890000.0,25028000.0,0,177200.0,S1,pendidikan,sewa,wiraswasta,no
49,17779000.0,5365000.0,31465000.0,12,5764000.0,28810000.0,1,2936700.0,S2,modal_usaha,sewa,tetap,no
38,7126000.0,1709000.0,13804000.0,24,3269000.0,10237000.0,2,644200.0,D3,konsumtif,milik,tetap,no
50,15798000.0,4823000.0,18106000.0,36,4533000.0,13740000.0,2,563300.0,S2,modal_usaha,sewa,tetap,no
55,,4504000.0,8265000.0,36,10508000.0,28200000.0,1,257100.0,SMA,kendaraan,milik,wiraswasta,no
54,14063000.0,19960000.0,34331000.0,36,7260000.0,17909000.0,3,1068100.0,SMA,pendidikan,sewa,kontrak,yes
48,10475000.0,7275000.0,17813000.0,48,6037000.0,23115000.0,0,415600.0,S1,renovasi,keluarga,tetap,no
23,4800000.0,3167000.0,5908000.0,24,2907000.0,7711000.0,0,275700.0,S1,renovasi,sewa,kontrak,no
52,13393000.0,6828000.0,18284000.0,36,17881000.0,33923000.0,3,568800.0,S1,pendidikan,keluarga,wiraswasta,no
37,7864000.0,10474000.0,39670000.0,24,2337000.0,21687000.0,4,1851300.0,SMA,kendaraan,milik,kontrak,yes
53,6829000.0,10402000.0,6979000.0,24,5851000.0,9004000.0,1,325700.0,S1,kendaraan,milik,kontrak,no
44,6024000.0,10178000.0,27028000.0,12,5830000.0,15320000.0,0,2522600.0,D3,modal_usaha,sewa,tetap,yes
59,6840000.0,13252000.0,5450000.0,36,4931000.0,7772000.0,1,169600.0,SMA,konsumtif,sewa,kontrak,no
35,5590000.0,12682000.0,4044000.0,24,3121000.0,6205000.0,0,188700.0,SMA,kendaraan,milik,tetap,no
61,13464000.0,6092000.0,39481000.0,48,12173000.0,23462000.0,1,921200.0,S2,kendaraan,sewa,tetap,no
58,12764000.0,30620000.0,33189000.0,12,1363000.0,19324000.0,2,3097600.0,SMA,renovasi,milik,wiraswasta,yes
35,4628000.0,2956000.0,16205000.0,12,7553000.0,13753000.0,0,1512500.0,S1,kendaraan,milik,kontrak,no
42,5310000.0,7694000.0,23176000.0,24,3444000.0,13640000.0,1,1081500.0,S1,pendidikan,milik,,no
44,9643000.0,10691000.0,21253000.0,36,12822000.0,26600000.0,0,661200.0,S1,renovasi,milik,kontrak,no
54,12397000.0,2248000.0,19454000.0,36,1974000.0,13627000.0,2,605200.0,S1,modal_usaha,sewa,wiraswasta,no
51,6605000.0,16571000.0,33168000.0,36,4042000.0,15659000.0,1,1031900.0,S1,pendidikan,sewa,kontrak,yes
58,7067000.0,17655000.0,9959000.0,60,8609000.0,15049000.0,2,185900.0,SMA,kendaraan,sewa,kontrak,no
37,5312000.0,5332000.0,25984000.0,24,1340000.0,5409000.0,2,1212600.0,SMA,renovasi,milik,tetap,no
43,9221000.0,27263000.0,34388000.0,12,14032000.0,23477000.0,3,3209500.0,S1,konsumtif,keluarga,kontrak,yes
39,8801000.0,10306000.0,18408000.0,48,11769000.0,23572000.0,1,429500.0,D3,konsumtif,milik,wiraswasta,no
61,7277000.0,11913000.0,16216000.0,48,3566000.0,20456000.0,1,378400.0,SMA,kendaraan,milik,tetap,no
34,11723000.0,17323000.0,29758000.0,12,11231000.0,33617000.0,2,2777400.0,SMA,modal_usaha,sewa,wiraswasta,yes
46,9320000.0,18411000.0,34959000.0,12,6339000.0,9667000.0,1,3262800.0,SMA,pendidikan,sewa,kontrak,no
26,3630000.0,7176000.0,21373000.0,36,970000.0,9949000.0,2,664900.0,SMA,konsumtif,sewa,tetap,no
58,9689000.0,22136000.0,21805000.0,24,16236000.0,27902000.0,4,1017600.0,SMA,modal_usaha,milik,tetap,no
37,13018000.0,11938000.0,73946000.0,36,15342000.0,30198000.0,1,2300500.0,S2,modal_usaha,keluarga,wiraswasta,yes
35,10603000.0,10358000.0,17265000.0,24,10753000.0,12771000.0,1,805700.0,SMA,pendidikan,milik,tetap,no
46,,38185000.0,12389000.0,60,6068000.0,18583000.0,1,231300.0,S2,modal_usaha,milik,tetap,no
42,19026000.0,45498000.0,65195000.0,36,4478000.0,18993000.0,3,2028300.0,S2,kendaraan,sewa,tetap,no
58,,31745000.0,55548000.0,48,5445000.0,7658000.0,1,1296100.0,SMA,konsumtif,sewa,kontrak,yes
44,21926000.0,4224000.0,69434000.0,12,21803000.0,61922000.0,5,6480500.0,S1,renovasi,milik,tetap,no
43,19676000.0,21574000.0,96403000.0,36,30006000.0,57831000.0,1,2999200.0,S1,kendaraan,milik,tetap,no
25,8698000.0,7806000.0,26955000.0,48,4054000.0,24550000.0,2,629000.0,S1,kendaraan,sewa,tetap,no
21,4240000.0,10265000.0,21942000.0,12,4951000.0,5761000.0,1,2047900.0,SMA,kendaraan,sewa,wiraswasta,yes
38,8137000.0,12675000.0,40441000.0,36,4067000.0,17628000.0,2,1258200.0,SMA,modal_usaha,sewa,tetap,yes
64,9538000.0,13848000.0,40766000.0,24,10232000.0,18116000.0,1,1902400.0,SMA,kendaraan,milik,tetap,yes
61,,40449000.0,125924000.0,36,22742000.0,61307000.0,1,3917600.0,S1,kendaraan,milik,,no
48,15546000.0,19929000.0,52076000.0,48,9135000.0,27086000.0,1,1215100.0,S2,modal_usaha,keluarga,wiraswasta,no
48,,5819000.0,57818000.0,36,16026000.0,28804000.0,3,1798800.0,S1,konsumtif,milik,kontrak,no
38,8180000.0,5833000.0,29167000.0,48,1952000.0,20777000.0,1,680600.0,S1,renovasi,milik,tetap,no
28,6066000.0,8055000.0,14281000.0,24,11801000.0,16154000.0,0,666400.0,S2,kendaraan,sewa,tetap,no
21,9516000.0,15764000.0,50931000.0,48,1159000.0,8337000.0,0,1188400.0,S1,kendaraan,milik,tetap,no
35,4244000.0,3816000.0,17529000.0,36,5410000.0,7241000.0,3,545300.0,SMA,kendaraan,milik,tetap,no
34,15343000.0,44664000.0,54774000.0,12,5231000.0,32459000.0,1,5112200.0,S1,modal_usaha,milik,tetap,yes
29,3837000.0,4942000.0,16315000.0,48,4427000.0,8630000.0,1,380700.0,D3,pendidikan,sewa,kontrak,no
32,6158000.0,1484000.0,14895000.0,12,10866000.0,17050000.0,0,1390200.0,SMA,renovasi,keluarga,wiraswasta,no
22,10156000.0,21334000.0,28586000.0,12,5303000.0,11856000.0,1,2668000.0,D3,renovasi,keluarga,wiraswasta,no
47,5596000.0,10726000.0,8818000.0,48,3033000.0,5585000.0,0,205800.0,S2,modal_usaha,sewa,tetap,yes
61,24306000.0,42505000.0,126455000.0,12,20445000.0,67207000.0,1,11802500.0,SMA,pendidikan,milik,tetap,yes
51,8424000.0,10299000.0,35050000.0,12,6188000.0,16128000.0,0,3271300.0,D3,kendaraan,keluarga,kontrak,no
40,7156000.0,8739000.0,36019000.0,12,5580000.0,14214000.0,1,3361800.0,SMA,modal_usaha,keluarga,kontrak,yes
39,8530000.0,7856000.0,19155000.0,48,12088000.0,23526000.0,3,447000.0,SMA,modal_usaha,milik,kontrak,no
34,8358000.0,20136000.0,49938000.0,12,11171000.0,20474000.0,0,4660900.0,SMA,konsumtif,milik,wiraswasta,yes
27,9335000.0,7433000.0,23008000.0,24,14691000.0,22476000.0,1,1073700.0,S1,modal_usaha,keluarga,tetap,no
47,18529000.0,26909000.0,45311000.0,24,18519000.0,22406000.0,0,2114500.0,S1,renovasi,keluarga,tetap,no
45,9282000.0,14230000.0,53682000.0,24,12175000.0,20115000.0,0,2505200.0,SMA,konsumtif,keluarga,kontrak,yes
21,10537000.0,12798000.0,43232000.0,24,6116000.0,18863000.0,2,2017500.0,SMA,renovasi,keluarga,kontrak,no
39,,12455000.0,47010000.0,48,9931000.0,17892000.0,0,1096900.0,SMA,renovasi,milik,tetap,no
33,14333000.0,34906000.0,56290000.0,48,6160000.0,29619000.0,1,1313400.0,SMA,modal_usaha,sewa,tetap,yes
28,,7454000.0,23388000.0,48,7065000.0,10812000.0,1,545700.0,S1,kendaraan,milik,wiraswasta,no
51,5640000.0,4323000.0,14941000.0,48,1196000.0,8779000.0,1,348600.0,S1,kendaraan,sewa,kontrak,no
44,36288000.0,37676000.0,189569000.0,24,9785000.0,65578000.0,1,8846600.0,S1,modal_usaha,milik,kontrak,no
48,7464000.0,1888000.0,23825000.0,24,5703000.0,14185000.0,1,1111800.0,D3,pendidikan,milik,tetap,no
52,25368000.0,34217000.0,111604000.0,36,16638000.0,25846000.0,2,3472100.0,S1,modal_usaha,sewa,wiraswasta,no
64,10470000.0,13107000.0,14825000.0,24,427000.0,29073000.0,0,691800.0,SMA,modal_usaha,sewa,kontrak,no
56,14440000.0,28658000.0,38970000.0,36,9917000.0,22173000.0,2,1212400.0,SMA,kendaraan,milik,tetap,no
48,11009000.0,24131000.0,56333000.0,12,12656000.0,20661000.0,2,5257700.0,S2,konsumtif,keluarga,tetap,yes
59,19454000.0,16045000.0,110412000.0,48,10612000.0,43970000.0,2,2576300.0,S1,kendaraan,milik,tetap,no
42,,11048000.0,27450000.0,24,11728000.0,28631000.0,3,1281000.0,S2,kendaraan,sewa,tetap,no
64,40733000.0,49278000.0,59028000.0,36,11531000.0,66462000.0,2,1836400.0,S2,kendaraan,keluarga,tetap,no
54,16344000.0,35939000.0,10277000.0,60,3961000.0,17718000.0,0,191800.0,S1,modal_usaha,keluarga,tetap,no
49,23282000.0,13695000.0,27953000.0,24,20121000.0,29244000.0,1,1304500.0,S2,pendidikan,sewa,tetap,no
60,4530000.0,6072000.0,23086000.0,12,2884000.0,5269000.0,1,2154700.0,D3,kendaraan,milik,kontrak,yes
43,6821000.0,2225000.0,20506000.0,24,3384000.0,9120000.0,2,956900.0,SMA,kendaraan,milik,,no
52,10027000.0,2590000.0,21096000.0,24,3514000.0,21338000.0,0,984500.0,SMA,kendaraan,sewa,tetap,no
33,6548000.0,2424000.0,31209000.0,36,4317000.0,12956000.0,1,970900.0,SMA,renovasi,milik,wiraswasta,yes
63,15658000.0,21425000.0,76160000.0,60,7479000.0,18335000.0,2,1421700.0,SMA,pendidikan,milik,tetap,no
48,8198000.0,5297000.0,20428000.0,48,4899000.0,18850000.0,1,476700.0,D3,kendaraan,milik,tetap,no
55,13963000.0,7756000.0,76203000.0,48,4993000.0,13127000.0,1,1778100.0,S1,renovasi,milik,wiraswasta,no
41,18066000.0,12070000.0,55049000.0,48,718000.0,50605000.0,1,1284500.0,S1,renovasi,keluarga,wiraswasta,no
59,5265000.0,7766000.0,10197000.0,24,3653000.0,10770000.0,2,475900.0,S1,modal_usaha,sewa,kontrak,no
24,6565000.0,13211000.0,35770000.0,60,4863000.0,13779000.0,2,667700.0,SMA,pendidikan,keluarga,tetap,no
26,6974000.0,10293000.0,9354000.0,36,6123000.0,9966000.0,1,291000.0,S1,kendaraan,milik,kontrak,no
43,5859000.0,3529000.0,35023000.0,24,2831000.0,11282000.0,1,1634400.0,D3,renovasi,keluarga,tetap,no
53,,2452000.0,38241000.0,60,8952000.0,17159000.0,2,713800.0,SMA,kendaraan,keluarga,wiraswasta,no
56,15562000.0,936000.0,86127000.0,36,24937000.0,45000000.0,4,2679500.0,SMA,konsumtif,sewa,tetap,no
40,10720000.0,18050000.0,15904000.0,24,5221000.0,10374000.0,2,742200.0,SMA,modal_usaha,milik,tetap,no
49,7431000.0,4139000.0,19619000.0,48,6245000.0,13444000.0,0,457800.0,SMA,pendidikan,milik,kontrak,no
45,16921000.0,33676000.0,89730000.0,24,17064000.0,43002000.0,1,4187400.0,S1,renovasi,keluarga,tetap,no
63,23316000.0,63582000.0,119006000.0,24,23886000.0,46587000.0,0,5553600.0,S1,modal_usaha,sewa,kontrak,yes
49,11789000.0,28137000.0,62425000.0,24,7685000.0,24091000.0,0,2913200.0,S1,pendidikan,milik,tetap,no
39,4829000.0,4225000.0,9863000.0,36,5820000.0,13544000.0,1,306800.0,SMA,renovasi,milik,wiraswasta,no
63,11854000.0,25143000.0,46194000.0,24,5914000.0,19281000.0,0,2155700.0,S1,pendidikan,keluarga,kontrak,no
25,11606000.0,11058000.0,30672000.0,12,6005000.0,9338000.0,0,2862700.0,S1,kendaraan,keluarga,tetap,yes
64,10151000.0,4304000.0,22984000.0,24,17486000.0,28793000.0,1,1072600.0,SMA,renovasi,milik,kontrak,no
27,5154000.0,11408000.0,17321000.0,24,899000.0,4498000.0,3,808300.0,S1,modal_usaha,sewa,wiraswasta,yes
33,3457000.0,7404000.0,15324000.0,36,3550000.0,8830000.0,1,476700.0,D3,konsumtif,keluarga,tetap,yes
57,16524000.0,11587000.0,55386000.0,36,9543000.0,18294000.0,1,1723100.0,D3,konsumtif,sewa,wiraswasta,no
53,6636000.0,8488000.0,11731000.0,12,3678000.0,5611000.0,0,1094900.0,SMA,modal_usaha,sewa,wiraswasta,no
63,14690000.0,12497000.0,72586000.0,24,13313000.0,23214000.0,0,3387300.0,D3,konsumtif,keluarga,kontrak,yes
53,14826000.0,32217000.0,87145000.0,24,16649000.0,40044000.0,1,4066800.0,SMA,konsumtif,keluarga,tetap,yes
49,4382000.0,3651000.0,10937000.0,36,683000.0,3862000.0,0,340300.0,SMA,modal_usaha,sewa,kontrak,no
36,6124000.0,13899000.0,31667000.0,48,3679000.0,8438000.0,0,738900.0,SMA,renovasi,milik,tetap,yes
21,8548000.0,17234000.0,44888000.0,24,4715000.0,12086000.0,4,2094800.0,S2,modal_usaha,keluarga,tetap,no
26,6193000.0,8819000.0,11970000.0,24,2394000.0,6246000.0,0,558600.0,SMA,renovasi,sewa,tetap,no
34,13120000.0,23252000.0,57455000.0,12,8202000.0,13168000.0,2,5362500.0,D3,renovasi,milik,tetap,yes
22,2670000.0,790000.0,15116000.0,36,4021000.0,7471000.0,4,470300.0,SMA,modal_usaha,sewa,wiraswasta,no
43,14224000.0,12584000.0,64992000.0,24,19272000.0,33137000.0,0,3033000.0,S1,pendidikan,sewa,tetap,yes
55,21730000.0,36455000.0,14453000.0,36,21946000.0,32258000.0,1,449600.0,S1,modal_usaha,keluarga,tetap,no
63,18077000.0,38473000.0,69142000.0,36,10210000.0,23939000.0,1,2151100.0,S2,renovasi,milik,tetap,no
42,6545000.0,15371000.0,31295000.0,12,2388000.0,5853000.0,1,2920900.0,SMA,konsumtif,milik,tetap,yes
59,11413000.0,2712000.0,44508000.0,36,8680000.0,18139000.0,4,1384700.0,SMA,kendaraan,milik,kontrak,no
64,18759000.0,18445000.0,12345000.0,60,2261000.0,27435000.0,1,230400.0,S1,kendaraan,keluarga,wiraswasta,no
58,12068000.0,5588000.0,14010000.0,24,15055000.0,34003000.0,2,653800.0,SMA,modal_usaha,sewa,tetap,no
41,13668000.0,3888000.0,67095000.0,36,5025000.0,17565000.0,0,2087400.0,S1,pendidikan,milik,wiraswasta,no
35,6126000.0,7976000.0,19507000.0,36,5497000.0,10361000.0,1,606900.0,S1,renovasi,milik,kontrak,no
64,,11555000.0,116116000.0,24,29930000.0,46303000.0,0,5418700.0,D3,renovasi,milik,tetap,no
31,18682000.0,25120000.0,51981000.0,48,12460000.0,28146000.0,1,1212900.0,S2,pendidikan,milik,tetap,no
39,11136000.0,10048000.0,55896000.0,12,1917000.0,28062000.0,2,5217000.0,S1,renovasi,milik,tetap,no
24,2571000.0,4011000.0,1787000.0,24,5391000.0,6165000.0,2,83400.0,SMA,pendidikan,sewa,tetap,no
55,10411000.0,19222000.0,53362000.0,36,3467000.0,9141000.0,2,1660200.0,D3,pendidikan,sewa,tetap,no
49,8619000.0,9027000.0,45033000.0,60,14029000.0,23123000.0,1,840600.0,SMA,modal_usaha,milik,kontrak,no
24,4671000.0,2837000.0,11637000.0,12,4681000.0,7476000.0,0,1086100.0,S1,modal_usaha,sewa,tetap,no
30,4770000.0,8149000.0,10503000.0,36,4072000.0,4822000.0,1,326800.0,SMA,modal_usaha,sewa,kontrak,no
45,3897000.0,1218000.0,21451000.0,12,4467000.0,9105000.0,2,2002100.0,SMA,konsumtif,milik,wiraswasta,yes
44,14728000.0,7877000.0,70361000.0,36,28887000.0,35991000.0,3,2189000.0,S1,konsumtif,milik,tetap,no
56,9652000.0,8392000.0,36569000.0,36,3651000.0,9229000.0,0,1137700.0,SMA,modal_usaha,sewa,wiraswasta,no
32,2773000.0,816000.0,8041000.0,36,273000.0,4378000.0,0,250200.0,SMA,renovasi,sewa,tetap,no
61,17826000.0,4352000.0,98337000.0,60,27669000.0,49379000.0,0,1835600.0,S1,renovasi,milik,tetap,no
40,6547000.0,10187000.0,30180000.0,36,12729000.0,14880000.0,2,938900.0,SMA,pendidikan,sewa,wiraswasta,yes
57,,27695000.0,40037000.0,24,1513000.0,28310000.0,3,1868400.0,D3,renovasi,keluarga,kontrak,no
31,4789000.0,6415000.0,15478000.0,60,2032000.0,9142000.0,2,288900.0,SMA,konsumtif,milik,wiraswasta,no
22,3387000.0,1083000.0,3527000.0,24,5670000.0,7243000.0,2,164600.0,SMA,modal_usaha,sewa,kontrak,no
23,3496000.0,2316000.0,17337000.0,36,5926000.0,7819000.0,0,539400.0,SMA,renovasi,milik,tetap,yes
37,7755000.0,13077000.0,39778000.0,36,1310000.0,7378000.0,3,1237500.0,S1,modal_usaha,milik,tetap,no
62,,28517000.0,47824000.0,48,19191000.0,29892000.0,3,1115900.0,S2,renovasi,sewa,tetap,no
23,5286000.0,11310000.0,11646000.0,24,5436000.0,10353000.0,0,543500.0,SMA,modal_usaha,sewa,,no
37,11298000.0,25082000.0,21323000.0,36,9354000.0,27191000.0,1,663400.0,S2,modal_usaha,keluarga,wiraswasta,no
25,6580000.0,18501000.0,9567000.0,36,7379000.0,16016000.0,1,297600.0,S1,konsumtif,milik,tetap,no
61,12992000.0,10079000.0,74221000.0,36,10312000.0,27701000.0,0,2309100.0,S1,pendidikan,sewa,kontrak,no
50,38589000.0,48151000.0,180391000.0,60,33787000.0,80665000.0,1,3367300.0,S1,kendaraan,milik,tetap,no
54,,6039000.0,27352000.0,24,3887000.0,15262000.0,0,1276400.0,S1,renovasi,keluarga,wiraswasta,no
52,10068000.0,7688000.0,11135000.0,24,11141000.0,26543000.0,1,519600.0,S1,modal_usaha,sewa,tetap,no
49,43325000.0,51101000.0,54889000.0,36,77933000.0,122007000.0,1,1707700.0,D3,konsumtif,keluarga,wiraswasta,no
55,13249000.0,11678000.0,58346000.0,24,5043000.0,35267000.0,0,2722800.0,D3,renovasi,sewa,tetap,no
21,2564000.0,1623000.0,4146000.0,48,1854000.0,6970000.0,0,96700.0,SMA,kendaraan,milik,kontrak,no
59,13814000.0,21195000.0,33337000.0,24,5790000.0,38671000.0,0,1555700.0,SMA,konsumtif,sewa,tetap,no
53,8749000.0,5202000.0,50425000.0,36,4075000.0,10888000.0,3,1568800.0,S1,pendidikan,keluarga,wiraswasta,no
53,12776000.0,21963000.0,47228000.0,36,4316000.0,24664000.0,3,1469300.0,SMA,renovasi,milik,tetap,no
38,,10041000.0,29141000.0,48,1125000.0,11643000.0,2,680000.0,SMA,modal_usaha,milik,wiraswasta,no
56,7349000.0,9532000.0,7873000.0,36,2383000.0,13727000.0,1,244900.0,SMA,modal_usaha,sewa,kontrak,no
37,13126000.0,13267000.0,30415000.0,12,21085000.0,35003000.0,2,2838700.0,SMA,modal_usaha,sewa,tetap,no
23,9908000.0,4059000.0,53759000.0,24,10389000.0,15011000.0,2,2508800.0,S1,kendaraan,milik,tetap,no
60,23158000.0,26366000.0,114807000.0,48,9056000.0,26745000.0,1,2678800.0,S1,konsumtif,milik,,no
31,8656000.0,13212000.0,38770000.0,60,7054000.0,12148000.0,3,723700.0,D3,kendaraan,milik,kontrak,no
25,4198000.0,2583000.0,15662000.0,36,378000.0,4680000.0,1,487300.0,SMA,renovasi,sewa,tetap,no
48,12725000.0,20797000.0,25185000.0,36,4845000.0,21512000.0,0,783500.0,D3,modal_usaha,keluarga,kontrak,no
31,12264000.0,27832000.0,45624000.0,24,7613000.0,12963000.0,3,2129100.0,D3,modal_usaha,sewa,wiraswasta,no
58,15319000.0,29468000.0,11936000.0,36,3051000.0,15207000.0,0,371300.0,S1,konsumtif,milik,tetap,no
40,23458000.0,76062000.0,37829000.0,36,16135000.0,42042000.0,0,1176900.0,S1,modal_usaha,milik,tetap,no
21,8716000.0,9156000.0,29203000.0,12,5723000.0,18500000.0,1,2725600.0,D3,pendidikan,keluarga,wiraswasta,no
62,13679000.0,18794000.0,6988000.0,12,12727000.0,29229000.0,2,652200.0,D3,konsumtif,keluarga,kontrak,no
43,15358000.0,16355000.0,27295000.0,36,3227000.0,15405000.0,1,849200.0,S2,konsumtif,sewa,kontrak,no
32,9605000.0,4673000.0,12845000.0,36,5189000.0,28214000.0,1,399600.0,S1,modal_usaha,sewa,kontrak,no
50,5706000.0,5062000.0,13696000.0,24,2668000.0,6093000.0,0,639100.0,D3,konsumtif,keluarga,,no
44,8636000.0,1494000.0,45088000.0,48,9967000.0,19457000.0,0,1052100.0,D3,renovasi,sewa,wiraswasta,no
22,5366000.0,10777000.0,30644000.0,24,10077000.0,14783000.0,0,1430100.0,SMA,kendaraan,milik,,no
54,13863000.0,11609000.0,19517000.0,48,9290000.0,38075000.0,3,455400.0,S2,modal_usaha,milik,tetap,no
38,7542000.0,10363000.0,13356000.0,48,4442000.0,14531000.0,3,311600.0,SMA,modal_usaha,milik,kontrak,no
51,8265000.0,4981000.0,42629000.0,48,5488000.0,11657000.0,1,994700.0,SMA,kendaraan,milik,wiraswasta,no
60,26381000.0,35498000.0,38245000.0,48,51852000.0,69153000.0,2,892400.0,S2,renovasi,milik,wiraswasta,no
47,,19324000.0,72966000.0,48,12889000.0,34236000.0,0,1702500.0,S1,konsumtif,milik,kontrak,no
50,8669000.0,13241000.0,8410000.0,36,10134000.0,22022000.0,1,261600.0,SMA,renovasi,sewa,tetap,no
32,3143000.0,1745000.0,12778000.0,36,2136000.0,5280000.0,3,397500.0,SMA,renovasi,sewa,tetap,no
31,12786000.0,4844000.0,25078000.0,48,6294000.0,35923000.0,2,585200.0,SMA,pendidikan,sewa,wiraswasta,no
39,9608000.0,17406000.0,44414000.0,36,7716000.0,27336000.0,1,1381800.0,S1,kendaraan,sewa,wiraswasta,no
58,8954000.0,4370000.0,30055000.0,36,12581000.0,21688000.0,2,935000.0,SMA,modal_usaha,keluarga,wiraswasta,no
44,11969000.0,16560000.0,17761000.0,24,17002000.0,34395000.0,2,828800.0,S2,pendidikan,milik,wiraswasta,no
36,9706000.0,19486000.0,26325000.0,36,10304000.0,17448000.0,0,819000.0,S2,modal_usaha,keluarga,tetap,no
55,21962000.0,48257000.0,73110000.0,12,18735000.0,26965000.0,1,6823600.0,D3,modal_usaha,milik,kontrak,yes
58,26902000.0,36450000.0,160817000.0,36,25236000.0,60341000.0,0,5003200.0,S1,modal_usaha,sewa,kontrak,no
60,,8584000.0,36940000.0,24,8328000.0,26305000.0,1,1723900.0,SMA,modal_usaha,sewa,tetap,no
34,5744000.0,12354000.0,7650000.0,24,2914000.0,10804000.0,0,357000.0,SMA,renovasi,sewa,kontrak,no
52,17100000.0,15854000.0,60769000.0,24,16924000.0,23484000.0,3,2835900.0,S1,pendidikan,keluarga,wiraswasta,no
46,7735000.0,434000.0,13236000.0,48,4285000.0,16812000.0,0,308800.0,SMA,renovasi,sewa,wiraswasta,no
40,,9284000.0,32906000.0,60,2083000.0,7384000.0,1,614200.0,SMA,modal_usaha,milik,kontrak,no
38,7543000.0,11668000.0,38374000.0,12,12351000.0,18535000.0,2,3581600.0,SMA,renovasi,sewa,tetap,yes
26,4280000.0,9982000.0,5168000.0,24,5037000.0,11963000.0,2,241200.0,SMA,kendaraan,milik,wiraswasta,yes
33,8265000.0,4471000.0,30879000.0,48,5511000.0,9642000.0,0,720500.0,D3,kendaraan,milik,wiraswasta,no
45,12508000.0,14770000.0,54170000.0,36,15640000.0,32578000.0,1,1685300.0,S1,pendidikan,milik,kontrak,no
60,19606000.0,51791000.0,36941000.0,24,3214000.0,24246000.0,2,1723900.0,S1,pendidikan,keluarga,tetap,no
59,11110000.0,4148000.0,43830000.0,36,7087000.0,21119000.0,1,1363600.0,S1,renovasi,milik,tetap,yes
29,11776000.0,10628000.0,35855000.0,48,6323000.0,33495000.0,1,836600.0,S1,renovasi,keluarga,tetap,no
50,,10814000.0,21001000.0,24,1615000.0,6544000.0,0,980000.0,D3,kendaraan,keluarga,tetap,no
24,6043000.0,12433000.0,21344000.0,36,1451000.0,6028000.0,4,664000.0,S1,renovasi,keluarga,tetap,no
50,7897000.0,9949000.0,28712000.0,12,3797000.0,22974000.0,1,2679800.0,D3,kendaraan,sewa,tetap,no
36,3858000.0,5203000.0,16990000.0,60,3357000.0,4435000.0,2,317100.0,SMA,pendidikan,keluarga,kontrak,yes
40,20523000.0,25826000.0,61330000.0,48,12074000.0,31862000.0,2,1431000.0,S2,renovasi,milik,tetap,no
52,5389000.0,14022000.0,24113000.0,36,7021000.0,9753000.0,0,750200.0,SMA,konsumtif,sewa,wiraswasta,no
39,,6440000.0,15279000.0,60,1344000.0,3924000.0,0,285200.0,SMA,konsumtif,sewa,tetap,no
56,15759000.0,32938000.0,65329000.0,24,12329000.0,19128000.0,2,3048700.0,SMA,renovasi,milik,tetap,yes
44,6957000.0,8657000.0,13546000.0,48,1396000.0,18245000.0,2,316100.0,D3,kendaraan,sewa,tetap,no
64,11844000.0,17454000.0,41210000.0,48,2229000.0,22995000.0,2,961600.0,D3,konsumtif,sewa,kontrak,no
49,,2627000.0,19185000.0,48,3726000.0,10401000.0,1,447700.0,D3,pendidikan,milik,tetap,no
34,13617000.0,17813000.0,29441000.0,36,13842000.0,31324000.0,0,915900.0,S1,konsumtif,keluarga,tetap,no
55,12878000.0,28318000.0,10852000.0,24,12203000.0,19504000.0,1,506400.0,SMA,modal_usaha,milik,kontrak,yes
38,11257000.0,8263000.0,37216000.0,12,8198000.0,19866000.0,3,3473500.0,D3,konsumtif,sewa,kontrak,no
44,9192000.0,23996000.0,5089000.0,24,9851000.0,27449000.0,2,237500.0,SMA,kendaraan,keluarga,tetap,no
27,8530000.0,12955000.0,22554000.0,48,7730000.0,21354000.0,2,526300.0,S1,modal_usaha,keluarga,wiraswasta,no
26,4123000.0,3656000.0,10467000.0,36,3313000.0,8323000.0,1,325600.0,SMA,modal_usaha,sewa,wiraswasta,no
46,5185000.0,8231000.0,20666000.0,36,1072000.0,10157000.0,1,642900.0,SMA,kendaraan,keluarga,kontrak,no
29,12267000.0,16930000.0,72754000.0,12,18221000.0,32598000.0,0,6790400.0,D3,modal_usaha,sewa,wiraswasta,yes
64,,7759000.0,118268000.0,36,33712000.0,48085000.0,0,3679400.0,S1,modal_usaha,milik,wiraswasta,no
58,,4304000.0,61878000.0,36,3807000.0,16321000.0,1,1925100.0,S1,modal_usaha,sewa,tetap,no
51,12941000.0,9587000.0,74154000.0,36,9984000.0,22247000.0,2,2307000.0,S1,modal_usaha,milik,wiraswasta,no
53,11513000.0,3506000.0,10449000.0,24,3313000.0,13855000.0,0,487600.0,S1,modal_usaha,sewa,kontrak,no
47,5713000.0,6289000.0,11716000.0,12,6783000.0,16630000.0,3,1093500.0,D3,pendidikan,milik,tetap,no
23,5357000.0,5476000.0,11429000.0,12,6086000.0,11972000.0,0,1066700.0,SMA,pendidikan,milik,tetap,no
38,5374000.0,4093000.0,4786000.0,60,4935000.0,9011000.0,0,89300.0,SMA,renovasi,milik,tetap,no
42,4535000.0,5564000.0,23385000.0,36,5314000.0,7219000.0,1,727500.0,SMA,kendaraan,milik,tetap,no
61,5037000.0,10584000.0,27322000.0,36,5515000.0,14080000.0,1,850000.0,SMA,modal_usaha,sewa,tetap,no
30,3458000.0,5817000.0,13235000.0,60,1649000.0,5508000.0,0,247100.0,D3,konsumtif,milik,kontrak,no
42,7340000.0,11140000.0,39639000.0,36,7273000.0,18086000.0,2,1233200.0,D3,konsumtif,keluarga,tetap,yes
36,9339000.0,26165000.0,41363000.0,36,9550000.0,24636000.0,1,1286800.0,S1,konsumtif,milik,tetap,yes
26,4387000.0,9242000.0,12823000.0,36,4355000.0,12290000.0,0,398900.0,D3,modal_usaha,milik,tetap,no
25,10669000.0,20666000.0,14128000.0,24,6669000.0,17291000.0,1,659300.0,S1,konsumtif,milik,tetap,no
37,9593000.0,11113000.0,55368000.0,24,2194000.0,23826000.0,0,2583800.0,S1,kendaraan,sewa,wiraswasta,yes
24,6528000.0,19748000.0,28120000.0,48,1724000.0,9917000.0,3,656100.0,SMA,renovasi,milik,tetap,yes
23,4555000.0,5004000.0,11151000.0,36,4285000.0,13104000.0,0,346900.0,SMA,konsumtif,keluarga,wiraswasta,no
36,6809000.0,8340000.0,8221000.0,24,1395000.0,5614000.0,1,383600.0,S1,modal_usaha,milik,wiraswasta,no
29,9006000.0,1198000.0,44078000.0,48,14368000.0,18502000.0,0,1028500.0,S1,pendidikan,milik,tetap,no
45,4163000.0,6308000.0,20445000.0,12,3777000.0,8001000.0,1,1908200.0,SMA,modal_usaha,sewa,tetap,yes
21,6081000.0,3756000.0,21202000.0,36,9459000.0,16606000.0,2,659600.0,SMA,modal_usaha,milik,wiraswasta,no
34,6140000.0,15615000.0,36839000.0,48,2489000.0,7834000.0,1,859600.0,S1,kendaraan,sewa,tetap,no
40,15763000.0,18367000.0,41383000.0,24,6688000.0,15637000.0,2,1931200.0,S1,pendidikan,milik,tetap,no
63,8725000.0,3966000.0,49570000.0,24,12560000.0,23227000.0,4,2313300.0,SMA,kendaraan,sewa,wiraswasta,no
48,15590000.0,14995000.0,61837000.0,36,12212000.0,24480000.0,3,1923800.0,D3,renovasi,milik,kontrak,no
59,8858000.0,23555000.0,40307000.0,48,199000.0,13418000.0,1,940500.0,S1,konsumtif,sewa,tetap,yes
36,4607000.0,8059000.0,25541000.0,48,798000.0,4753000.0,3,596000.0,SMA,renovasi,milik,tetap,no
40,12378000.0,43593000.0,62773000.0,48,20336000.0,34957000.0,1,1464700.0,S1,renovasi,keluarga,wiraswasta,no
39,11170000.0,38971000.0,23319000.0,12,16574000.0,24490000.0,1,2176400.0,SMA,modal_usaha,milik,tetap,no
60,25393000.0,23008000.0,133816000.0,24,14870000.0,58983000.0,0,6244700.0,D3,modal_usaha,sewa,wiraswasta,yes
63,,21585000.0,44735000.0,36,22533000.0,35798000.0,2,1391800.0,D3,kendaraan,sewa,tetap,no
63,23231000.0,8882000.0,17343000.0,48,15165000.0,61713000.0,2,404700.0,SMA,renovasi,milik,wiraswasta,no
54,14675000.0,1410000.0,61723000.0,12,7394000.0,26327000.0,1,5760800.0,S2,renovasi,sewa,kontrak,yes
43,14482000.0,20878000.0,47042000.0,12,898000.0,16676000.0,2,4390600.0,D3,renovasi,milik,wiraswasta,no
44,9139000.0,8066000.0,31543000.0,12,16462000.0,20829000.0,1,2944000.0,S2,renovasi,milik,,yes
64,12498000.0,5984000.0,34537000.0,24,6367000.0,27890000.0,1,1611700.0,SMA,pendidikan,sewa,tetap,no
33,3205000.0,2265000.0,2732000.0,36,468000.0,2896000.0,3,85000.0,S1,konsumtif,sewa,tetap,no
36,7299000.0,5351000.0,10884000.0,60,3934000.0,20282000.0,0,203200.0,S2,konsumtif,milik,wiraswasta,no
60,18439000.0,23721000.0,85935000.0,12,7046000.0,28350000.0,0,8020600.0,S1,konsumtif,sewa,tetap,yes
37,,5047000.0,6304000.0,36,1557000.0,6145000.0,2,196100.0,SMA,pendidikan,milik,tetap,no
31,10747000.0,13239000.0,42477000.0,24,14085000.0,20745000.0,1,1982300.0,S1,konsumtif,keluarga,kontrak,no
45,13769000.0,26128000.0,47919000.0,24,14267000.0,38642000.0,3,2236200.0,D3,renovasi,sewa,tetap,no
35,,20248000.0,16279000.0,12,2903000.0,11136000.0,1,1519400.0,S2,modal_usaha,milik,tetap,no
60,7756000.0,8018000.0,15847000.0,24,6784000.0,12496000.0,2,739500.0,D3,konsumtif,sewa,tetap,no
60,,4971000.0,20292000.0,24,5948000.0,14797000.0,2,947000.0,SMA,kendaraan,milik,tetap,no
34,3904000.0,2366000.0,20851000.0,48,6799000.0,11642000.0,5,486500.0,SMA,renovasi,keluarga,wiraswasta,no
44,10707000.0,4999000.0,60786000.0,36,14260000.0,18924000.0,1,1891100.0,S1,modal_usaha,milik,kontrak,no
64,20956000.0,7145000.0,55055000.0,36,5491000.0,35139000.0,2,1712800.0,S2,renovasi,milik,tetap,no
53,7395000.0,3663000.0,5575000.0,36,2478000.0,21128000.0,1,173400.0,SMA,renovasi,milik,tetap,no
30,18503000.0,7401000.0,70403000.0,24,10623000.0,41730000.0,1,3285500.0,S1,kendaraan,milik,kontrak,yes
46,10473000.0,21164000.0,29289000.0,24,2888000.0,12147000.0,2,1366800.0,S2,renovasi,milik,tetap,no
48,14507000.0,16267000.0,46535000.0,12,9556000.0,17216000.0,1,4343300.0,SMA,renovasi,sewa,tetap,no
49,4943000.0,5873000.0,14487000.0,12,4838000.0,10963000.0,2,1352100.0,SMA,modal_usaha,sewa,tetap,no
22,7793000.0,4509000.0,31953000.0,24,6052000.0,14242000.0,0,1491100.0,S1,kendaraan,milik,kontrak,no
34,15941000.0,6921000.0,34662000.0,60,1580000.0,13067000.0,1,647000.0,S1,pendidikan,milik,wiraswasta,no
58,15450000.0,3508000.0,83576000.0,60,3100000.0,27608000.0,0,1560100.0,SMA,modal_usaha,milik,,no
31,7340000.0,6322000.0,20676000.0,48,10021000.0,21046000.0,1,482400.0,S1,renovasi,sewa,tetap,no
34,9643000.0,13348000.0,22942000.0,36,9442000.0,23570000.0,1,713800.0,D3,renovasi,sewa,tetap,no
35,14354000.0,27772000.0,80041000.0,36,5329000.0,29123000.0,1,2490200.0,S2,pendidikan,keluarga,tetap,no
28,6590000.0,3320000.0,16276000.0,36,3043000.0,8102000.0,1,506400.0,S1,modal_usaha,milik,tetap,no
27,10888000.0,9640000.0,10419000.0,36,3251000.0,16750000.0,2,324100.0,S1,pendidikan,sewa,kontrak,no
36,18004000.0,17166000.0,24384000.0,24,3474000.0,53879000.0,0,1137900.0,D3,modal_usaha,milik,wiraswasta,no
59,11690000.0,20007000.0,51771000.0,60,6222000.0,26302000.0,1,966400.0,SMA,konsumtif,keluarga,,no
21,7670000.0,13836000.0,27557000.0,48,3471000.0,10798000.0,0,643000.0,D3,kendaraan,sewa,tetap,yes
33,8012000.0,23325000.0,27564000.0,24,7689000.0,19418000.0,3,1286300.0,SMA,pendidikan,milik,kontrak,no
23,3979000.0,3789000.0,3784000.0,36,2022000.0,3983000.0,2,117700.0,S1,renovasi,sewa,tetap,no
45,9039000.0,3782000.0,12676000.0,48,2760000.0,14601000.0,4,295800.0,SMA,modal_usaha,keluarga,tetap,no
32,4586000.0,5336000.0,12287000.0,60,3500000.0,5981000.0,1,229400.0,D3,modal_usaha,milik,tetap,no
55,,9750000.0,19998000.0,24,8463000.0,18697000.0,2,933200.0,SMA,renovasi,milik,kontrak,yes
46,19794000.0,57262000.0,50894000.0,36,27037000.0,47848000.0,0,1583400.0,SMA,modal_usaha,milik,kontrak,no
55,7850000.0,6620000.0,25631000.0,24,8951000.0,14872000.0,0,1196100.0,SMA,pendidikan,milik,kontrak,no
48,,25484000.0,39137000.0,24,1411000.0,14648000.0,0,1826400.0,S1,konsumtif,milik,wiraswasta,no
40,,14915000.0,70004000.0,24,28134000.0,47101000.0,1,3266900.0,S1,modal_usaha,milik,tetap,no
58,6062000.0,8685000.0,23412000.0,12,4134000.0,7456000.0,0,2185100.0,SMA,konsumtif,milik,tetap,yes
41,8681000.0,15682000.0,30972000.0,36,2920000.0,8373000.0,3,963600.0,S1,renovasi,sewa,tetap,no
62,27182000.0,25174000.0,43630000.0,36,38139000.0,72682000.0,1,1357400.0,S1,modal_usaha,keluarga,tetap,no
64,,1878000.0,40344000.0,48,19640000.0,28309000.0,1,941400.0,SMA,modal_usaha,milik,kontrak,no
46,5753000.0,2549000.0,7890000.0,36,2834000.0,7679000.0,2,245500.0,S1,modal_usaha,keluarga,tetap,no
50,12798000.0,2615000.0,56580000.0,24,4549000.0,15737000.0,0,2640400.0,D3,pendidikan,milik,kontrak,no
32,4865000.0,1900000.0,14535000.0,36,4300000.0,11612000.0,1,452200.0,SMA,modal_usaha,milik,tetap,no
56,22319000.0,7148000.0,82536000.0,48,12126000.0,24896000.0,1,1925800.0,D3,renovasi,sewa,tetap,no
50,6121000.0,9168000.0,32107000.0,36,4803000.0,13272000.0,0,998900.0,SMA,kendaraan,milik,tetap,yes
60,23988000.0,49718000.0,61218000.0,36,19898000.0,56197000.0,4,1904600.0,S1,renovasi,milik,tetap,yes
32,25017000.0,9175000.0,26235000.0,24,12817000.0,54246000.0,0,1224300.0,S2,modal_usaha,milik,tetap,no
55,9314000.0,16489000.0,50321000.0,12,5521000.0,16199000.0,1,4696600.0,S1,kendaraan,sewa,kontrak,yes
41,9733000.0,5335000.0,24405000.0,60,2937000.0,25263000.0,2,455600.0,S1,modal_usaha,milik,kontrak,no
29,10190000.0,4758000.0,27879000.0,24,9424000.0,29000000.0,2,1301000.0,S1,kendaraan,milik,wiraswasta,no
28,7118000.0,12052000.0,15148000.0,24,6533000.0,16746000.0,1,706900.0,S2,kendaraan,milik,tetap,no
45,8299000.0,21062000.0,23328000.0,12,7410000.0,14288000.0,3,2177300.0,SMA,kendaraan,sewa,,no
35,5547000.0,3024000.0,18668000.0,36,8303000.0,16589000.0,1,580800.0,SMA,renovasi,keluarga,kontrak,no
25,7129000.0,8212000.0,36630000.0,48,4890000.0,12752000.0,1,854700.0,S1,konsumtif,milik,kontrak,yes
39,6743000.0,2150000.0,30080000.0,36,234000.0,7119000.0,2,935800.0,SMA,modal_usaha,sewa,wiraswasta,no
49,8154000.0,13857000.0,27096000.0,48,2570000.0,9799000.0,1,632200.0,SMA,pendidikan,sewa,kontrak,no
35,,3468000.0,31065000.0,24,6448000.0,10345000.0,0,1449700.0,SMA,kendaraan,milik,wiraswasta,no
63,,16207000.0,62207000.0,24,2104000.0,14175000.0,2,2903000.0,S1,konsumtif,sewa,tetap,no
55,6853000.0,10105000.0,5618000.0,60,9015000.0,17216000.0,3,104900.0,SMA,pendidikan,milik,wiraswasta,no
43,6720000.0,2352000.0,25249000.0,36,2272000.0,5585000.0,1,785500.0,SMA,kendaraan,milik,wiraswasta,no
62,9780000.0,13581000.0,7217000.0,48,1231000.0,16557000.0,3,168400.0,SMA,konsumtif,milik,tetap,no
40,6869000.0,15438000.0,15075000.0,36,1088000.0,18766000.0,2,469000.0,D3,renovasi,keluarga,tetap,no
27,9547000.0,5101000.0,44807000.0,24,6412000.0,10110000.0,1,2091000.0,S1,pendidikan,milik,wiraswasta,no
22,2147000.0,1961000.0,10417000.0,60,884000.0,4439000.0,2,194500.0,SMA,kendaraan,keluarga,tetap,no
62,11154000.0,2627000.0,59797000.0,24,7065000.0,31839000.0,3,2790500.0,S1,modal_usaha,milik,kontrak,no
63,13909000.0,12199000.0,45069000.0,36,3527000.0,13318000.0,0,1402100.0,S1,renovasi,milik,tetap,no
53,5773000.0,8254000.0,5558000.0,24,3190000.0,9060000.0,1,259400.0,SMA,kendaraan,sewa,tetap,no
25,16571000.0,14997000.0,19841000.0,36,4814000.0,14630000.0,2,617300.0,S1,renovasi,sewa,kontrak,no
33,9272000.0,13035000.0,17095000.0,36,9447000.0,21333000.0,2,531800.0,S1,konsumtif,milik,,no
22,8166000.0,11333000.0,20799000.0,24,5564000.0,14033000.0,0,970600.0,S1,pendidikan,sewa,kontrak,no
23,3979000.0,3536000.0,13513000.0,60,8398000.0,11476000.0,2,252200.0,SMA,kendaraan,keluarga,kontrak,yes
31,5671000.0,8616000.0,22983000.0,12,3631000.0,13161000.0,0,2145100.0,SMA,modal_usaha,keluarga,wiraswasta,yes
46,8378000.0,9562000.0,11677000.0,36,7007000.0,17797000.0,3,363300.0,S2,konsumtif,keluarga,tetap,no
23,7114000.0,10355000.0,10951000.0,12,13819000.0,19938000.0,2,1022100.0,S1,konsumtif,keluarga,kontrak,no
64,13129000.0,9567000.0,19056000.0,36,7635000.0,14248000.0,2,592900.0,S2,kendaraan,milik,tetap,no
41,11677000.0,20145000.0,54323000.0,36,9916000.0,29468000.0,1,1690000.0,S2,modal_usaha,milik,,no
32,1838000.0,3892000.0,3973000.0,36,1191000.0,4421000.0,2,123600.0,SMA,pendidikan,milik,wiraswasta,no
43,6625000.0,5003000.0,9387000.0,36,7716000.0,15113000.0,5,292000.0,S1,modal_usaha,milik,tetap,no
55,21184000.0,4376000.0,60852000.0,48,27947000.0,46685000.0,5,1419900.0,D3,modal_usaha,keluarga,wiraswasta,no
34,13601000.0,9760000.0,25316000.0,60,11074000.0,14602000.0,0,472600.0,S1,renovasi,milik,kontrak,no
23,8954000.0,8272000.0,22664000.0,48,2841000.0,23199000.0,1,528800.0,SMA,modal_usaha,milik,tetap,no
23,9235000.0,12279000.0,46471000.0,24,2431000.0,20292000.0,1,2168600.0,SMA,konsumtif,keluarga,,yes
58,19518000.0,14583000.0,45602000.0,48,22961000.0,48741000.0,4,1064000.0,S1,kendaraan,milik,tetap,no
25,6493000.0,15388000.0,9491000.0,12,9593000.0,17709000.0,3,885800.0,S1,kendaraan,milik,kontrak,no
48,7551000.0,17907000.0,13429000.0,12,12630000.0,15052000.0,3,1253400.0,S1,kendaraan,milik,tetap,yes
37,10660000.0,17034000.0,7344000.0,36,20509000.0,30969000.0,3,228500.0,SMA,renovasi,keluarga,tetap,no
55,9057000.0,17998000.0,49417000.0,36,3651000.0,9421000.0,0,1537400.0,SMA,konsumtif,milik,wiraswasta,no
23,29394000.0,47413000.0,127374000.0,36,8442000.0,23776000.0,4,3962700.0,S2,pendidikan,milik,kontrak,no
60,10178000.0,8437000.0,31027000.0,36,3613000.0,15530000.0,1,965300.0,D3,modal_usaha,milik,wiraswasta,no
51,24786000.0,18483000.0,88852000.0,36,22041000.0,31637000.0,1,2764300.0,D3,kendaraan,sewa,tetap,yes
40,9718000.0,11539000.0,18440000.0,60,7635000.0,19610000.0,2,344200.0,S1,pendidikan,sewa,,no
30,12752000.0,8213000.0,34689000.0,24,5550000.0,18065000.0,0,1618800.0,D3,pendidikan,milik,wiraswasta,no
63,33852000.0,46805000.0,76475000.0,24,31043000.0,78330000.0,1,3568800.0,S1,modal_usaha,sewa,wiraswasta,no
34,4741000.0,5755000.0,23871000.0,12,3512000.0,13653000.0,2,2228000.0,D3,pendidikan,milik,tetap,yes
42,8691000.0,5454000.0,39882000.0,24,4384000.0,21661000.0,1,1861200.0,S1,modal_usaha,milik,tetap,no
38,7875000.0,3121000.0,16233000.0,60,7129000.0,13581000.0,2,303000.0,S2,kendaraan,milik,tetap,no
31,6354000.0,7242000.0,29815000.0,12,8505000.0,18859000.0,2,2782700.0,S2,pendidikan,milik,kontrak,yes
39,13828000.0,9196000.0,14058000.0,24,11024000.0,34523000.0,2,656000.0,S1,kendaraan,milik,tetap,no
27,6062000.0,3301000.0,9785000.0,36,7513000.0,15664000.0,0,304400.0,D3,pendidikan,keluarga,tetap,no
21,7584000.0,10000000.0,8229000.0,24,1923000.0,9483000.0,0,384000.0,S1,konsumtif,milik,wiraswasta,no
33,11808000.0,9975000.0,21377000.0,36,9402000.0,27290000.0,4,665100.0,S1,modal_usaha,sewa,tetap,no
25,3451000.0,5685000.0,6019000.0,60,1056000.0,3297000.0,1,112400.0,S1,renovasi,keluarga,kontrak,no
39,18275000.0,7005000.0,99654000.0,48,5869000.0,24081000.0,0,2325300.0,S1,kendaraan,sewa,tetap,no
58,12322000.0,15622000.0,28349000.0,36,2036000.0,10303000.0,1,882000.0,S1,pendidikan,keluarga,tetap,no
28,,7446000.0,26198000.0,36,10060000.0,25107000.0,3,815000.0,S1,kendaraan,milik,tetap,no
21,9794000.0,4902000.0,10270000.0,48,3557000.0,8287000.0,1,239600.0,S1,konsumtif,sewa,tetap,no
25,9501000.0,6776000.0,8198000.0,24,8200000.0,16990000.0,2,382600.0,SMA,renovasi,sewa,kontrak,no
43,8426000.0,4811000.0,14380000.0,48,10892000.0,18769000.0,3,335500.0,D3,kendaraan,milik,tetap,no
33,3535000.0,2526000.0,4383000.0,36,888000.0,5200000.0,1,136400.0,S1,renovasi,milik,tetap,no
42,7143000.0,19046000.0,17110000.0,48,6795000.0,11486000.0,2,399200.0,SMA,kendaraan,sewa,tetap,no
22,8255000.0,3639000.0,12574000.0,12,11674000.0,22371000.0,0,1173600.0,S1,renovasi,milik,wiraswasta,yes
35,5984000.0,7131000.0,8856000.0,48,3316000.0,16654000.0,2,206600.0,S1,renovasi,sewa,kontrak,no
39,7049000.0,12460000.0,28629000.0,48,11201000.0,18956000.0,0,668000.0,SMA,konsumtif,sewa,tetap,no
39,8706000.0,14098000.0,49464000.0,36,14528000.0,21328000.0,1,1538900.0,S1,kendaraan,milik,wiraswasta,no
45,,1964000.0,3546000.0,24,2346000.0,8795000.0,0,165500.0,S1,kendaraan,milik,tetap,no
55,,19480000.0,80948000.0,24,8763000.0,17819000.0,1,3777600.0,S1,pendidikan,keluarga,tetap,no
41,6612000.0,2254000.0,27278000.0,48,6938000.0,12398000.0,0,636500.0,D3,modal_usaha,keluarga,kontrak,no
58,12009000.0,39143000.0,44647000.0,36,19472000.0,34029000.0,0,1389000.0,S1,renovasi,milik,tetap,no
44,7303000.0,12904000.0,31459000.0,60,6583000.0,9431000.0,0,587200.0,D3,modal_usaha,milik,tetap,yes
32,15744000.0,13555000.0,51921000.0,36,13006000.0,19853000.0,1,1615300.0,S1,kendaraan,milik,tetap,no
31,5607000.0,6505000.0,31388000.0,24,6400000.0,14103000.0,1,1464800.0,SMA,kendaraan,sewa,kontrak,yes
35,9876000.0,2941000.0,13532000.0,48,16288000.0,20763000.0,1,315700.0,S1,modal_usaha,milik,kontrak,no
47,9701000.0,22389000.0,30117000.0,48,11835000.0,16389000.0,1,702700.0,S1,renovasi,milik,tetap,no
31,,9125000.0,44690000.0,36,20586000.0,29466000.0,1,1390400.0,S1,konsumtif,milik,tetap,no
61,22414000.0,20892000.0,123229000.0,48,22270000.0,46656000.0,0,2875300.0,D3,modal_usaha,milik,tetap,no
42,14469000.0,6053000.0,46024000.0,24,32580000.0,40869000.0,4,2147800.0,S1,renovasi,milik,tetap,no
58,19640000.0,51750000.0,115355000.0,24,3910000.0,31619000.0,2,5383200.0,S1,modal_usaha,milik,tetap,yes
51,10754000.0,18241000.0,44206000.0,12,4196000.0,19109000.0,0,4125900.0,SMA,renovasi,milik,wiraswasta,yes
35,6381000.0,11341000.0,27730000.0,24,1848000.0,6148000.0,0,1294100.0,S2,pendidikan,milik,tetap,no
31,5979000.0,5293000.0,29896000.0,36,1316000.0,9620000.0,2,930100.0,S1,renovasi,milik,tetap,no
53,14973000.0,15825000.0,67926000.0,24,4871000.0,17898000.0,2,3169900.0,S2,kendaraan,keluarga,wiraswasta,no
35,8566000.0,13927000.0,28906000.0,48,3599000.0,7472000.0,0,674500.0,S2,renovasi,milik,tetap,yes
31,6845000.0,12884000.0,32510000.0,24,233000.0,9328000.0,1,1517100.0,S2,modal_usaha,keluarga,wiraswasta,no
61,6554000.0,4771000.0,4565000.0,36,3867000.0,12317000.0,0,142000.0,S1,kendaraan,sewa,,no
42,,9975000.0,33207000.0,36,7150000.0,7928000.0,1,1033100.0,S1,modal_usaha,sewa,kontrak,no
23,4406000.0,6184000.0,22150000.0,24,1430000.0,4582000.0,1,1033700.0,SMA,kendaraan,milik,kontrak,no
42,8409000.0,10907000.0,33696000.0,36,6992000.0,15080000.0,2,1048300.0,D3,renovasi,keluarga,kontrak,no
41,,20482000.0,6526000.0,60,6900000.0,8362000.0,0,121800.0,S1,modal_usaha,milik,tetap,no
59,12207000.0,4686000.0,25904000.0,60,5427000.0,12075000.0,0,483500.0,D3,modal_usaha,milik,tetap,no
52,10647000.0,6059000.0,20176000.0,24,5602000.0,31008000.0,0,941500.0,S1,kendaraan,milik,tetap,no
29,9000000.0,11579000.0,17223000.0,36,12415000.0,16624000.0,1,535800.0,SMA,modal_usaha,milik,wiraswasta,no
27,6158000.0,6297000.0,25842000.0,24,6743000.0,15796000.0,2,1206000.0,D3,konsumtif,milik,wiraswasta,no
47,12986000.0,32110000.0,69069000.0,36,2240000.0,15268000.0,1,2148800.0,D3,pendidikan,keluarga,tetap,no
23,6753000.0,13345000.0,28693000.0,24,5181000.0,12259000.0,2,1339000.0,D3,kendaraan,sewa,tetap,no
35,3266000.0,3621000.0,8616000.0,60,321000.0,3259000.0,0,160800.0,SMA,pendidikan,keluarga,tetap,no
27,5102000.0,6863000.0,29749000.0,36,577000.0,8704000.0,0,925500.0,SMA,konsumtif,sewa,tetap,no
21,4248000.0,4276000.0,22277000.0,24,5543000.0,11122000.0,1,1039600.0,S1,modal_usaha,milik,kontrak,yes
61,11633000.0,6748000.0,49671000.0,60,6192000.0,32154000.0,1,927200.0,D3,renovasi,sewa,tetap,no
24,3601000.0,3111000.0,9673000.0,36,5117000.0,6992000.0,1,300900.0,SMA,konsumtif,milik,kontrak,yes
21,5665000.0,7796000.0,24139000.0,12,3310000.0,8101000.0,0,2253000.0,SMA,modal_usaha,keluarga,tetap,yes
62,6797000.0,6582000.0,18651000.0,48,4590000.0,16405000.0,0,435200.0,D3,pendidikan,sewa,wiraswasta,yes
29,5546000.0,6487000.0,7507000.0,36,8253000.0,12232000.0,3,233600.0,SMA,konsumtif,milik,wiraswasta,no
56,17995000.0,44679000.0,70245000.0,36,6884000.0,33022000.0,1,2185400.0,S1,konsumtif,sewa,wiraswasta,no
22,11346000.0,2069000.0,49237000.0,24,7127000.0,20942000.0,2,2297700.0,S1,kendaraan,sewa,kontrak,no
27,3768000.0,261000.0,9123000.0,24,3864000.0,7103000.0,1,425700.0,SMA,modal_usaha,keluarga,kontrak,yes
25,8024000.0,12644000.0,45024000.0,24,7616000.0,12408000.0,0,2101100.0,S1,pendidikan,sewa,kontrak,no
52,9055000.0,17416000.0,47072000.0,48,12685000.0,17582000.0,1,1098300.0,SMA,kendaraan,sewa,tetap,no
48,15560000.0,7923000.0,57661000.0,24,9627000.0,14412000.0,2,2690800.0,SMA,renovasi,milik,tetap,yes
41,5452000.0,5214000.0,4532000.0,36,2119000.0,11201000.0,0,141000.0,S1,kendaraan,milik,wiraswasta,no
31,4723000.0,5196000.0,2809000.0,60,2434000.0,8934000.0,0,52400.0,D3,konsumtif,milik,wiraswasta,no
24,27619000.0,24598000.0,111011000.0,60,13740000.0,47649000.0,3,2072200.0,S1,pendidikan,sewa,wiraswasta,no
46,6617000.0,3652000.0,32926000.0,48,7489000.0,10010000.0,1,768300.0,SMA,renovasi,keluarga,kontrak,yes
31,2439000.0,2306000.0,7931000.0,48,3313000.0,5288000.0,3,185100.0,SMA,kendaraan,sewa,tetap,no
46,7173000.0,5933000.0,4513000.0,60,6128000.0,13392000.0,2,84200.0,D3,renovasi,keluarga,wiraswasta,no
51,,7328000.0,3804000.0,48,265000.0,2998000.0,0,88800.0,D3,kendaraan,sewa,kontrak,yes
58,20023000.0,26987000.0,33275000.0,36,8695000.0,32513000.0,0,1035200.0,S2,pendidikan,sewa,tetap,no
42,10023000.0,12555000.0,39617000.0,12,8178000.0,9705000.0,2,3697600.0,SMA,pendidikan,milik,tetap,no
21,4915000.0,5717000.0,15597000.0,24,5295000.0,8032000.0,1,727900.0,S1,renovasi,sewa,kontrak,no
33,7438000.0,3547000.0,7900000.0,36,3706000.0,14669000.0,0,245800.0,S1,renovasi,milik,kontrak,no
58,21849000.0,23450000.0,71210000.0,24,2326000.0,36275000.0,2,3323100.0,S1,modal_usaha,sewa,tetap,no
44,3283000.0,2112000.0,17341000.0,24,1183000.0,5094000.0,0,809200.0,SMA,pendidikan,sewa,wiraswasta,no
48,5332000.0,9094000.0,15543000.0,12,988000.0,7564000.0,1,1450700.0,D3,konsumtif,sewa,tetap,no
41,6171000.0,8353000.0,8169000.0,36,3749000.0,10120000.0,3,254100.0,SMA,renovasi,keluarga,tetap,no
28,5989000.0,2671000.0,22034000.0,24,2198000.0,5704000.0,0,1028300.0,S1,pendidikan,milik,tetap,no
60,10509000.0,21758000.0,58973000.0,24,10863000.0,31386000.0,0,2752100.0,D3,kendaraan,milik,,no
55,,6399000.0,10964000.0,36,9422000.0,19488000.0,2,341100.0,S2,pendidikan,sewa,tetap,no
64,,15930000.0,24061000.0,24,7893000.0,38908000.0,1,1122800.0,S1,konsumtif,milik,kontrak,no
58,10819000.0,21613000.0,39139000.0,36,6879000.0,13014000.0,1,1217700.0,D3,konsumtif,milik,tetap,no
33,11771000.0,27587000.0,27897000.0,24,15504000.0,33329000.0,1,1301900.0,S1,konsumtif,milik,kontrak,no
32,7930000.0,13957000.0,43025000.0,36,5301000.0,16309000.0,2,1338600.0,D3,renovasi,keluarga,kontrak,no
31,12128000.0,29513000.0,53608000.0,48,17724000.0,20759000.0,2,1250900.0,S2,modal_usaha,milik,wiraswasta,yes
61,5112000.0,11863000.0,6692000.0,12,2198000.0,12111000.0,2,624600.0,SMA,renovasi,keluarga,wiraswasta,no
45,17746000.0,32287000.0,93858000.0,48,17302000.0,26079000.0,5,2190000.0,S2,pendidikan,milik,wiraswasta,no
40,8985000.0,13706000.0,36233000.0,48,5759000.0,25663000.0,2,845400.0,S1,modal_usaha,sewa,wiraswasta,no
63,14637000.0,23031000.0,47058000.0,60,4331000.0,17162000.0,1,878400.0,S1,kendaraan,sewa,tetap,no
47,15214000.0,52673000.0,29074000.0,48,9844000.0,40056000.0,1,678400.0,D3,konsumtif,milik,kontrak,no
61,11009000.0,13894000.0,44844000.0,36,14092000.0,32218000.0,2,1395100.0,S1,pendidikan,milik,wiraswasta,no
64,19002000.0,9259000.0,103403000.0,12,16085000.0,35759000.0,0,9650900.0,SMA,pendidikan,sewa,wiraswasta,yes
24,14977000.0,7161000.0,10658000.0,12,22695000.0,40867000.0,1,994700.0,S1,renovasi,milik,wiraswasta,no
36,8769000.0,13604000.0,22478000.0,24,1493000.0,8396000.0,0,1049000.0,SMA,konsumtif,milik,tetap,yes
53,5459000.0,9954000.0,30822000.0,36,5306000.0,11820000.0,0,958900.0,SMA,renovasi,sewa,tetap,no
56,4173000.0,767000.0,10875000.0,60,1363000.0,6609000.0,2,203000.0,D3,modal_usaha,sewa,tetap,no
27,8636000.0,12814000.0,6022000.0,24,254000.0,13830000.0,0,281000.0,SMA,konsumtif,keluarga,tetap,no
35,8041000.0,9144000.0,8507000.0,36,5568000.0,14400000.0,1,264700.0,D3,kendaraan,milik,kontrak,no
45,8159000.0,17548000.0,35077000.0,60,9514000.0,17239000.0,0,654800.0,S1,renovasi,milik,wiraswasta,no
56,15189000.0,30689000.0,66082000.0,12,14572000.0,32736000.0,0,6167700.0,SMA,pendidikan,sewa,wiraswasta,yes
25,5402000.0,5196000.0,6119000.0,12,6487000.0,7629000.0,0,571100.0,S1,pendidikan,sewa,kontrak,no
47,6294000.0,3563000.0,10736000.0,24,5283000.0,10352000.0,4,501000.0,SMA,konsumtif,milik,wiraswasta,no
34,11854000.0,12082000.0,42690000.0,24,3108000.0,15991000.0,1,1992200.0,S1,pendidikan,milik,kontrak,no
30,5277000.0,6303000.0,22564000.0,36,3402000.0,11565000.0,4,702000.0,S1,renovasi,milik,tetap,yes
43,8408000.0,13226000.0,11455000.0,36,1598000.0,8614000.0,1,356400.0,D3,pendidikan,milik,kontrak,no
39,16720000.0,17725000.0,50329000.0,36,7603000.0,28957000.0,1,1565800.0,S1,konsumtif,milik,tetap,no
48,16502000.0,5509000.0,59262000.0,12,8864000.0,48725000.0,1,5531100.0,S2,modal_usaha,milik,tetap,no
34,16409000.0,24843000.0,12690000.0,36,10732000.0,48822000.0,2,394800.0,S1,pendidikan,milik,tetap,no
57,18927000.0,28464000.0,32756000.0,24,19680000.0,36709000.0,1,1528600.0,D3,modal_usaha,sewa,wiraswasta,no
24,6296000.0,13384000.0,34968000.0,36,2175000.0,8464000.0,1,1087900.0,D3,modal_usaha,milik,tetap,no
58,5038000.0,5809000.0,26902000.0,12,1703000.0,10498000.0,1,2510900.0,S1,kendaraan,sewa,wiraswasta,yes
22,2953000.0,5800000.0,6714000.0,48,3321000.0,5536000.0,2,156700.0,SMA,kendaraan,keluarga,tetap,yes
53,,29000000.0,97978000.0,36,2908000.0,16599000.0,1,3048200.0,S1,kendaraan,milik,tetap,no
36,3111000.0,1957000.0,12379000.0,24,7578000.0,9258000.0,4,577700.0,SMA,pendidikan,milik,wiraswasta,no
37,8529000.0,3113000.0,50312000.0,36,8065000.0,12962000.0,0,1565300.0,S1,kendaraan,milik,tetap,no
21,5556000.0,4524000.0,32304000.0,36,2294000.0,9325000.0,3,1005000.0,SMA,pendidikan,milik,kontrak,no
51,15860000.0,6320000.0,61745000.0,48,17362000.0,30607000.0,1,1440700.0,SMA,modal_usaha,milik,wiraswasta,no
28,8083000.0,9428000.0,24840000.0,60,5736000.0,22122000.0,2,463700.0,S2,renovasi,keluarga,tetap,no
50,9346000.0,12585000.0,11987000.0,12,6525000.0,23908000.0,0,1118800.0,S1,modal_usaha,milik,tetap,no
52,12640000.0,11747000.0,43190000.0,36,4913000.0,15828000.0,4,1343700.0,S1,pendidikan,milik,kontrak,no
58,21039000.0,61790000.0,56608000.0,24,20473000.0,49992000.0,1,2641700.0,S2,pendidikan,milik,tetap,no
52,9690000.0,4051000.0,39253000.0,48,11242000.0,26396000.0,1,915900.0,D3,modal_usaha,milik,tetap,no
34,9666000.0,11931000.0,9591000.0,12,5676000.0,22922000.0,1,895200.0,SMA,renovasi,milik,kontrak,no
53,5923000.0,9224000.0,30160000.0,36,3094000.0,6552000.0,0,938300.0,SMA,pendidikan,keluarga,wiraswasta,no
57,11996000.0,5137000.0,69806000.0,48,1670000.0,23819000.0,1,1628800.0,D3,renovasi,milik,tetap,no
34,7366000.0,17248000.0,12165000.0,24,6745000.0,19482000.0,4,567700.0,SMA,modal_usaha,sewa,tetap,yes
26,8435000.0,26213000.0,33574000.0,48,4539000.0,10378000.0,1,783400.0,S2,konsumtif,milik,wiraswasta,no
60,14046000.0,25246000.0,68975000.0,12,8119000.0,27878000.0,3,6437700.0,SMA,kendaraan,sewa,kontrak,yes
27,5683000.0,1735000.0,20170000.0,60,7585000.0,12918000.0,1,376500.0,SMA,modal_usaha,keluarga,wiraswasta,no
47,,17891000.0,61326000.0,48,17720000.0,23877000.0,1,1430900.0,SMA,renovasi,milik,wiraswasta,no
31,6233000.0,7057000.0,20664000.0,24,4939000.0,6448000.0,1,964300.0,SMA,renovasi,milik,tetap,no
26,6183000.0,8012000.0,12292000.0,12,3042000.0,8721000.0,0,1147300.0,SMA,konsumtif,sewa,wiraswasta,no
55,10277000.0,32738000.0,31795000.0,36,13275000.0,20705000.0,4,989200.0,S1,kendaraan,milik,tetap,yes
27,4001000.0,4068000.0,12736000.0,36,2309000.0,5038000.0,1,396200.0,SMA,pendidikan,milik,tetap,no
50,21660000.0,42343000.0,41055000.0,12,10432000.0,33230000.0,3,3831800.0,S1,modal_usaha,milik,wiraswasta,no
51,16920000.0,5338000.0,81694000.0,60,4308000.0,28987000.0,2,1525000.0,S1,modal_usaha,milik,tetap,no
23,4846000.0,8119000.0,18888000.0,48,1022000.0,4022000.0,2,440700.0,S1,konsumtif,milik,tetap,no
28,9115000.0,2538000.0,23125000.0,60,10942000.0,17528000.0,3,431700.0,S1,renovasi,sewa,tetap,no
55,3767000.0,3573000.0,10620000.0,24,4239000.0,11258000.0,0,495600.0,D3,modal_usaha,milik,tetap,no
43,,10784000.0,13930000.0,36,2138000.0,9298000.0,1,433400.0,SMA,renovasi,sewa,tetap,no
26,8044000.0,15842000.0,23838000.0,24,3410000.0,11289000.0,0,1112400.0,SMA,pendidikan,milik,tetap,no
64,18919000.0,13243000.0,64410000.0,24,11634000.0,25665000.0,3,3005800.0,S2,renovasi,milik,tetap,no
32,9521000.0,12754000.0,22090000.0,12,8644000.0,18408000.0,0,2061700.0,S1,renovasi,milik,kontrak,no
21,1228000.0,1974000.0,6140000.0,12,683000.0,2214000.0,2,573100.0,SMA,modal_usaha,sewa,tetap,yes
61,,20461000.0,57389000.0,36,20544000.0,27603000.0,0,1785400.0,D3,renovasi,milik,tetap,no
21,8625000.0,11060000.0,29113000.0,24,5930000.0,19030000.0,3,1358600.0,S1,konsumtif,sewa,kontrak,no
45,14068000.0,27805000.0,62075000.0,12,8386000.0,23593000.0,2,5793700.0,S1,renovasi,sewa,wiraswasta,yes
64,24768000.0,57230000.0,139146000.0,36,27302000.0,40834000.0,0,4329000.0,S1,kendaraan,milik,wiraswasta,no
46,10568000.0,11450000.0,16440000.0,48,1637000.0,21176000.0,1,383600.0,S1,modal_usaha,milik,tetap,no
46,10783000.0,10886000.0,16643000.0,48,3095000.0,14637000.0,0,388300.0,S1,kendaraan,keluarga,kontrak,no
38,5524000.0,4524000.0,4968000.0,36,4875000.0,9558000.0,1,154600.0,S1,pendidikan,milik,tetap,no
26,4761000.0,4718000.0,13957000.0,24,3365000.0,6794000.0,1,651300.0,SMA,renovasi,sewa,tetap,no
46,4241000.0,5514000.0,9845000.0,36,1268000.0,8202000.0,1,306300.0,SMA,pendidikan,sewa,wiraswasta,yes
60,8109000.0,6792000.0,29054000.0,36,5195000.0,16238000.0,3,903900.0,S2,renovasi,sewa,,no
25,4885000.0,10440000.0,14562000.0,24,2333000.0,13009000.0,5,679600.0,S1,kendaraan,sewa,wiraswasta,no
59,23229000.0,54535000.0,35914000.0,12,25177000.0,31419000.0,0,3352000.0,D3,kendaraan,milik,tetap,no
39,9068000.0,13978000.0,24044000.0,60,3117000.0,25303000.0,1,448800.0,S1,modal_usaha,sewa,kontrak,no
44,7968000.0,13920000.0,5250000.0,12,6973000.0,15757000.0,1,490000.0,SMA,renovasi,keluarga,tetap,no
28,6669000.0,1160000.0,23046000.0,24,10138000.0,15999000.0,1,1075500.0,S1,modal_usaha,sewa,kontrak,yes
48,3465000.0,4636000.0,6898000.0,24,3379000.0,7435000.0,1,321900.0,SMA,modal_usaha,milik,kontrak,yes
29,13036000.0,9653000.0,14574000.0,48,25914000.0,34205000.0,3,340100.0,S1,renovasi,sewa,tetap,no
33,2776000.0,2370000.0,2394000.0,36,2870000.0,6271000.0,0,74500.0,D3,pendidikan,sewa,tetap,no
52,6494000.0,11858000.0,28765000.0,60,3786000.0,5353000.0,0,536900.0,SMA,kendaraan,milik,wiraswasta,no
23,4825000.0,8746000.0,8976000.0,48,3907000.0,8003000.0,0,209400.0,SMA,konsumtif,milik,wiraswasta,no
40,11568000.0,14090000.0,47699000.0,48,20126000.0,33135000.0,1,1113000.0,S1,renovasi,sewa,kontrak,no
47,5494000.0,9879000.0,27389000.0,24,4037000.0,9852000.0,0,1278200.0,SMA,modal_usaha,sewa,wiraswasta,no
26,2283000.0,1316000.0,7420000.0,24,2983000.0,5987000.0,3,346300.0,SMA,pendidikan,sewa,tetap,no
33,6411000.0,15303000.0,7897000.0,48,5701000.0,17385000.0,2,184300.0,S1,modal_usaha,keluarga,wiraswasta,no
36,5560000.0,12097000.0,21573000.0,60,5881000.0,8516000.0,1,402700.0,D3,pendidikan,keluarga,tetap,no
50,7075000.0,6690000.0,6324000.0,48,5299000.0,19010000.0,0,147600.0,D3,renovasi,keluarga,wiraswasta,no
63,15721000.0,13802000.0,78515000.0,60,3454000.0,25631000.0,1,1465600.0,SMA,modal_usaha,keluarga,tetap,no
57,,13458000.0,38455000.0,36,4975000.0,7019000.0,2,1196400.0,S1,renovasi,milik,wiraswasta,no
29,6309000.0,7298000.0,17107000.0,36,6933000.0,14685000.0,1,532200.0,SMA,renovasi,milik,wiraswasta,yes
21,5123000.0,2680000.0,10144000.0,36,4410000.0,13344000.0,3,315600.0,SMA,modal_usaha,milik,wiraswasta,no
23,7619000.0,10735000.0,33543000.0,36,3009000.0,13665000.0,2,1043600.0,SMA,kendaraan,sewa,tetap,no
47,7175000.0,3810000.0,25971000.0,24,2847000.0,8477000.0,3,1212000.0,SMA,renovasi,sewa,wiraswasta,no
27,7587000.0,9308000.0,9848000.0,24,8376000.0,16340000.0,0,459600.0,SMA,kendaraan,keluarga,tetap,no
31,5286000.0,1707000.0,24715000.0,12,7564000.0,12814000.0,0,2306700.0,SMA,pendidikan,sewa,tetap,yes
58,11291000.0,21647000.0,26386000.0,12,16488000.0,25299000.0,0,2462700.0,SMA,modal_usaha,sewa,kontrak,yes
59,5990000.0,7055000.0,32443000.0,24,1942000.0,9481000.0,1,1514000.0,D3,renovasi,keluarga,tetap,yes
57,,6356000.0,21868000.0,36,3011000.0,6957000.0,1,680300.0,S1,konsumtif,sewa,kontrak,yes
32,6892000.0,16368000.0,13901000.0,36,1494000.0,13839000.0,0,432500.0,SMA,renovasi,milik,wiraswasta,yes
48,9417000.0,20602000.0,17929000.0,36,3467000.0,11540000.0,1,557800.0,SMA,modal_usaha,milik,wiraswasta,no
47,18255000.0,33768000.0,49077000.0,48,23020000.0,48587000.0,1,1145100.0,S2,pendidikan,keluarga,tetap,no
29,6755000.0,1417000.0,33266000.0,36,1863000.0,6925000.0,0,1034900.0,S1,renovasi,sewa,tetap,no
45,,38366000.0,27182000.0,36,39297000.0,41721000.0,1,845700.0,S1,renovasi,milik,tetap,no
44,5868000.0,15076000.0,13134000.0,36,1624000.0,15789000.0,2,408600.0,SMA,modal_usaha,milik,kontrak,no
38,9756000.0,6120000.0,40244000.0,12,4941000.0,19168000.0,5,3756100.0,D3,modal_usaha,sewa,wiraswasta,no
54,11292000.0,6955000.0,7726000.0,36,14036000.0,27937000.0,0,240400.0,SMA,pendidikan,sewa,tetap,no
50,17425000.0,21598000.0,14070000.0,48,11842000.0,23124000.0,2,328300.0,SMA,renovasi,keluarga,tetap,no
44,7798000.0,6804000.0,36588000.0,24,1255000.0,13881000.0,0,1707400.0,D3,renovasi,milik,kontrak,no
52,9646000.0,21591000.0,32535000.0,48,9004000.0,22849000.0,1,759200.0,S1,konsumtif,keluarga,tetap,no
54,5487000.0,2864000.0,19571000.0,24,8240000.0,15113000.0,1,913300.0,D3,modal_usaha,keluarga,tetap,no
45,22944000.0,14949000.0,42877000.0,36,26868000.0,50814000.0,0,1334000.0,S1,pendidikan,sewa,tetap,no
32,7030000.0,1530000.0,24076000.0,48,2678000.0,9379000.0,2,561800.0,SMA,kendaraan,sewa,kontrak,yes
54,10595000.0,10330000.0,37056000.0,48,7152000.0,11886000.0,1,864600.0,SMA,renovasi,milik,tetap,no
52,52615000.0,28859000.0,146046000.0,36,120458000.0,139503000.0,1,4543700.0,S1,kendaraan,milik,kontrak,no
64,18593000.0,15381000.0,107920000.0,36,22290000.0,37537000.0,1,3357500.0,S1,pendidikan,milik,wiraswasta,no
27,2958000.0,3573000.0,2280000.0,12,1120000.0,3563000.0,2,212800.0,SMA,renovasi,milik,tetap,no
39,9378000.0,26455000.0,26091000.0,36,16581000.0,17523000.0,1,811700.0,S1,konsumtif,milik,kontrak,no
61,6321000.0,9250000.0,32971000.0,36,1053000.0,6813000.0,3,1025800.0,SMA,renovasi,sewa,tetap,no
43,5932000.0,7196000.0,9696000.0,12,3810000.0,6118000.0,0,905000.0,SMA,renovasi,milik,wiraswasta,no
62,,16760000.0,72940000.0,12,5252000.0,36505000.0,0,6807700.0,S1,pendidikan,keluarga,wiraswasta,yes
21,3663000.0,8277000.0,10404000.0,60,1118000.0,7319000.0,4,194200.0,SMA,pendidikan,keluarga,kontrak,no
22,3233000.0,6448000.0,4401000.0,24,1686000.0,4357000.0,1,205400.0,D3,pendidikan,milik,tetap,no
56,22854000.0,55201000.0,23129000.0,48,21105000.0,62592000.0,2,539700.0,D3,kendaraan,keluarga,,no
36,7149000.0,5752000.0,16435000.0,24,5282000.0,21429000.0,1,767000.0,SMA,kendaraan,milik,tetap,no
43,6405000.0,6003000.0,35602000.0,24,10412000.0,17583000.0,1,1661400.0,SMA,pendidikan,keluarga,,no
39,9276000.0,6095000.0,52549000.0,36,6710000.0,22677000.0,1,1634900.0,SMA,pendidikan,sewa,wiraswasta,no
38,15494000.0,15030000.0,55747000.0,36,30102000.0,45189000.0,0,1734400.0,S2,modal_usaha,milik,kontrak,no
62,17541000.0,15420000.0,20173000.0,36,11796000.0,21650000.0,1,627600.0,S1,kendaraan,sewa,tetap,no
25,8695000.0,15440000.0,26183000.0,24,1917000.0,23745000.0,2,1221900.0,D3,konsumtif,sewa,tetap,no
54,9178000.0,3005000.0,25677000.0,36,3107000.0,14586000.0,3,798800.0,SMA,renovasi,keluarga,wiraswasta,no
60,20208000.0,25524000.0,35786000.0,48,7763000.0,17600000.0,0,835000.0,S1,modal_usaha,sewa,tetap,no
49,11083000.0,13249000.0,10176000.0,24,6335000.0,9656000.0,1,474900.0,SMA,konsumtif,sewa,tetap,no
38,8686000.0,15557000.0,22572000.0,36,5711000.0,10538000.0,0,702200.0,D3,renovasi,sewa,tetap,no
28,7609000.0,6403000.0,19366000.0,24,4924000.0,19136000.0,1,903700.0,S1,kendaraan,keluarga,kontrak,yes
51,20311000.0,41151000.0,88797000.0,24,18501000.0,56316000.0,1,4143900.0,D3,renovasi,sewa,wiraswasta,no
41,5515000.0,5689000.0,14715000.0,24,1536000.0,5965000.0,1,686700.0,SMA,pendidikan,sewa,tetap,no
27,6338000.0,5755000.0,3627000.0,24,13023000.0,16858000.0,1,169300.0,SMA,renovasi,milik,kontrak,no
36,7529000.0,6343000.0,4593000.0,48,4203000.0,18537000.0,0,107200.0,SMA,kendaraan,keluarga,kontrak,no
63,9623000.0,4712000.0,41199000.0,60,3022000.0,8804000.0,1,769000.0,D3,pendidikan,keluarga,kontrak,no
32,6277000.0,2490000.0,25951000.0,12,4416000.0,15122000.0,1,2422100.0,S1,renovasi,sewa,kontrak,no
28,4615000.0,9237000.0,6378000.0,24,1070000.0,4082000.0,1,297600.0,SMA,pendidikan,keluarga,kontrak,no
51,10186000.0,5624000.0,53622000.0,60,5193000.0,14033000.0,1,1000900.0,S1,konsumtif,sewa,wiraswasta,no
29,4439000.0,1460000.0,18397000.0,24,2845000.0,8736000.0,0,858500.0,S1,kendaraan,sewa,tetap,yes
61,,10041000.0,9850000.0,24,5291000.0,20474000.0,2,459700.0,SMA,modal_usaha,keluarga,tetap,no
58,10468000.0,16988000.0,21793000.0,36,1770000.0,10801000.0,3,678000.0,SMA,renovasi,milik,wiraswasta,no
64,,11448000.0,107073000.0,24,6076000.0,28642000.0,2,4996700.0,SMA,modal_usaha,sewa,tetap,no
61,19530000.0,23232000.0,53563000.0,36,21653000.0,40412000.0,1,1666400.0,S1,konsumtif,keluarga,wiraswasta,no
31,2209000.0,2655000.0,3981000.0,60,2379000.0,5364000.0,2,74300.0,D3,modal_usaha,keluarga,tetap,no
30,11624000.0,28316000.0,39321000.0,36,5537000.0,32708000.0,2,1223300.0,S1,kendaraan,sewa,tetap,yes
36,7548000.0,13215000.0,12307000.0,36,5964000.0,13824000.0,1,382900.0,S1,pendidikan,milik,tetap,no
41,13019000.0,33670000.0,63200000.0,24,15247000.0,34500000.0,1,2949300.0,S1,kendaraan,sewa,tetap,yes
59,18176000.0,14359000.0,88493000.0,24,10274000.0,39214000.0,3,4129700.0,S2,kendaraan,milik,wiraswasta,no
53,12083000.0,25517000.0,59263000.0,48,4479000.0,15091000.0,0,1382800.0,S1,renovasi,sewa,,no
49,11710000.0,14324000.0,45610000.0,60,5204000.0,24299000.0,1,851400.0,S1,renovasi,sewa,tetap,no
59,,21246000.0,62743000.0,48,9953000.0,21660000.0,5,1464000.0,S1,modal_usaha,keluarga,wiraswasta,no
49,22454000.0,4640000.0,50919000.0,12,7816000.0,52722000.0,1,4752400.0,S1,modal_usaha,milik,kontrak,no
37,9793000.0,14555000.0,52235000.0,48,9206000.0,13965000.0,2,1218800.0,S1,modal_usaha,sewa,kontrak,yes
39,20801000.0,11497000.0,26893000.0,12,4773000.0,28669000.0,1,2510000.0,S2,konsumtif,sewa,tetap,no
43,13483000.0,5365000.0,25613000.0,36,9628000.0,38828000.0,2,796800.0,D3,renovasi,sewa,wiraswasta,no
24,10556000.0,4376000.0,62911000.0,36,11260000.0,29548000.0,2,1957200.0,S1,modal_usaha,sewa,tetap,no
53,4733000.0,2086000.0,27367000.0,36,2222000.0,8490000.0,4,851400.0,D3,modal_usaha,milik,wiraswasta,no
49,20267000.0,31675000.0,66717000.0,36,10516000.0,50344000.0,2,2075600.0,S1,modal_usaha,sewa,kontrak,no
53,8606000.0,18440000.0,27927000.0,48,14684000.0,25478000.0,1,651600.0,D3,modal_usaha,milik,wiraswasta,no
44,15465000.0,33606000.0,17669000.0,48,1729000.0,15387000.0,0,412300.0,S1,kendaraan,keluarga,wiraswasta,no
55,8818000.0,6856000.0,36401000.0,24,6957000.0,18814000.0,1,1698700.0,S1,kendaraan,milik,tetap,no
62,11327000.0,9418000.0,7597000.0,12,5347000.0,15379000.0,1,709100.0,S2,pendidikan,keluarga,tetap,no
46,18208000.0,8515000.0,40584000.0,36,18634000.0,46613000.0,1,1262600.0,SMA,konsumtif,milik,kontrak,no
40,6779000.0,10940000.0,18989000.0,24,2983000.0,6936000.0,1,886200.0,S1,modal_usaha,milik,tetap,no
25,13333000.0,15590000.0,72224000.0,24,4259000.0,33804000.0,3,3370500.0,S1,pendidikan,sewa,kontrak,no
55,17953000.0,42259000.0,104603000.0,24,5356000.0,22286000.0,1,4881500.0,S2,pendidikan,milik,tetap,yes
60,15416000.0,21439000.0,90291000.0,24,9143000.0,27799000.0,4,4213600.0,S2,kendaraan,sewa,wiraswasta,no
51,,6938000.0,60960000.0,36,10960000.0,32269000.0,2,1896500.0,S1,renovasi,sewa,tetap,no
59,8174000.0,23636000.0,17124000.0,60,5302000.0,7752000.0,2,319600.0,S1,renovasi,milik,tetap,no
58,9229000.0,21095000.0,6916000.0,48,12554000.0,26229000.0,4,161400.0,SMA,renovasi,sewa,tetap,no
56,10647000.0,22433000.0,30247000.0,36,4937000.0,13609000.0,0,941000.0,S2,renovasi,milik,,no
43,,14897000.0,12671000.0,12,5574000.0,11282000.0,0,1182600.0,SMA,pendidikan,sewa,wiraswasta,yes
25,12072000.0,5475000.0,49538000.0,36,23749000.0,29167000.0,0,1541200.0,S1,modal_usaha,sewa,tetap,no
21,8305000.0,15686000.0,21102000.0,36,3295000.0,8900000.0,3,656500.0,S1,konsumtif,sewa,kontrak,no
29,3524000.0,8646000.0,19027000.0,48,1414000.0,7539000.0,2,444000.0,D3,konsumtif,milik,tetap,no
39,,10621000.0,24743000.0,36,14084000.0,18716000.0,0,769800.0,SMA,renovasi,sewa,wiraswasta,yes
53,8460000.0,15485000.0,21818000.0,36,4490000.0,17672000.0,1,678800.0,SMA,konsumtif,milik,,no
41,8319000.0,6284000.0,38893000.0,24,746000.0,18780000.0,2,1815000.0,S1,renovasi,milik,wiraswasta,yes
22,8470000.0,16891000.0,31721000.0,48,9077000.0,14614000.0,0,740200.0,D3,modal_usaha,milik,tetap,no
30,5203000.0,13336000.0,9907000.0,48,7219000.0,7582000.0,1,231200.0,SMA,konsumtif,milik,tetap,no
64,9506000.0,9562000.0,40132000.0,24,3818000.0,11450000.0,1,1872800.0,S1,renovasi,keluarga,tetap,no
64,23760000.0,14050000.0,85452000.0,60,24987000.0,68095000.0,0,1595100.0,SMA,modal_usaha,sewa,wiraswasta,no
37,9803000.0,4274000.0,10512000.0,24,7446000.0,16499000.0,2,490600.0,S1,modal_usaha,milik,wiraswasta,no
56,,14456000.0,26509000.0,12,6760000.0,12269000.0,0,2474200.0,SMA,kendaraan,keluarga,tetap,yes
52,,4003000.0,38570000.0,48,3273000.0,6360000.0,1,900000.0,SMA,modal_usaha,sewa,tetap,no
61,,24077000.0,27750000.0,36,9780000.0,40881000.0,0,863300.0,SMA,kendaraan,sewa,,no
60,9472000.0,6182000.0,26336000.0,12,13635000.0,18575000.0,3,2458000.0,D3,kendaraan,keluarga,kontrak,no
48,4822000.0,8644000.0,9729000.0,24,1788000.0,5883000.0,4,454000.0,D3,konsumtif,sewa,tetap,no
38,7412000.0,9468000.0,25594000.0,12,1395000.0,20497000.0,0,2388800.0,S1,konsumtif,sewa,kontrak,no
48,17558000.0,22271000.0,102945000.0,24,39353000.0,50116000.0,3,4804100.0,D3,modal_usaha,sewa,wiraswasta,yes
35,8926000.0,1571000.0,19675000.0,36,5924000.0,24435000.0,2,612100.0,SMA,pendidikan,milik,tetap,no
36,5572000.0,5829000.0,28309000.0,12,4945000.0,11334000.0,1,2642200.0,SMA,konsumtif,sewa,tetap,yes
47,14132000.0,24444000.0,72223000.0,36,18344000.0,22911000.0,0,2246900.0,SMA,modal_usaha,milik,tetap,no
46,20268000.0,19256000.0,39052000.0,36,5896000.0,23433000.0,1,1215000.0,S2,konsumtif,milik,tetap,no
46,6636000.0,7131000.0,31517000.0,48,7100000.0,10816000.0,1,735400.0,SMA,kendaraan,milik,kontrak,no
37,11425000.0,4783000.0,67804000.0,60,13342000.0,24527000.0,0,1265700.0,S2,konsumtif,milik,kontrak,no
39,7650000.0,12480000.0,43965000.0,12,4961000.0,9933000.0,1,4103400.0,SMA,renovasi,milik,tetap,yes
21,3281000.0,3708000.0,12571000.0,12,1311000.0,5974000.0,1,1173300.0,SMA,modal_usaha,keluarga,,yes
47,7633000.0,2294000.0,10187000.0,12,5799000.0,15730000.0,4,950800.0,SMA,konsumtif,milik,wiraswasta,no
46,8596000.0,9861000.0,9940000.0,24,7982000.0,20709000.0,3,463900.0,SMA,renovasi,keluarga,wiraswasta,yes
62,7253000.0,10792000.0,14270000.0,36,2416000.0,7260000.0,2,444000.0,S1,konsumtif,sewa,kontrak,no
43,8112000.0,8685000.0,30884000.0,12,7294000.0,21962000.0,1,2882500.0,D3,modal_usaha,milik,tetap,no
41,5966000.0,6003000.0,15656000.0,36,4777000.0,10759000.0,0,487100.0,SMA,renovasi,milik,wiraswasta,no
23,12196000.0,17514000.0,52987000.0,60,6021000.0,25371000.0,1,989100.0,S1,pendidikan,sewa,tetap,no
29,3730000.0,2993000.0,18026000.0,24,2909000.0,10700000.0,1,841200.0,S1,konsumtif,milik,wiraswasta,no
35,10002000.0,13823000.0,14926000.0,12,5938000.0,11698000.0,1,1393100.0,S2,renovasi,sewa,kontrak,no
37,9912000.0,23528000.0,54309000.0,48,12962000.0,27217000.0,3,1267200.0,S2,pendidikan,milik,tetap,no
36,14947000.0,23301000.0,12453000.0,48,26373000.0,38410000.0,1,290600.0,S1,renovasi,milik,tetap,no
38,9864000.0,8053000.0,19305000.0,12,1996000.0,29462000.0,0,1801800.0,S1,modal_usaha,sewa,wiraswasta,no
54,30106000.0,34119000.0,149970000.0,36,24056000.0,50117000.0,1,4665700.0,S1,kendaraan,milik,tetap,no
26,8763000.0,9437000.0,13237000.0,24,3774000.0,9456000.0,2,617700.0,D3,kendaraan,milik,tetap,yes
35,7924000.0,11243000.0,13556000.0,36,3380000.0,6586000.0,1,421700.0,S1,konsumtif,milik,tetap,no
28,6028000.0,2506000.0,35361000.0,48,1649000.0,15333000.0,0,825100.0,SMA,modal_usaha,milik,,no
34,7982000.0,5017000.0,44045000.0,24,6653000.0,8784000.0,1,2055400.0,S1,modal_usaha,sewa,wiraswasta,no
51,,24736000.0,115895000.0,24,12003000.0,34353000.0,1,5408400.0,S2,pendidikan,sewa,tetap,no
23,2716000.0,7078000.0,3954000.0,36,3573000.0,8072000.0,0,123000.0,SMA,renovasi,keluarga,kontrak,no
35,6579000.0,6074000.0,12522000.0,36,1425000.0,11662000.0,1,389600.0,S1,pendidikan,sewa,tetap,no
22,11537000.0,30150000.0,20691000.0,48,4066000.0,15098000.0,1,482800.0,S2,modal_usaha,keluarga,tetap,no
63,,20586000.0,27166000.0,36,10115000.0,43339000.0,2,845200.0,SMA,kendaraan,milik,tetap,no
52,3856000.0,1467000.0,22509000.0,48,3382000.0,5388000.0,2,525200.0,D3,renovasi,sewa,tetap,no
31,20512000.0,28487000.0,28987000.0,48,26487000.0,40373000.0,0,676400.0,S2,kendaraan,keluarga,tetap,no
29,10008000.0,15931000.0,46106000.0,36,3093000.0,11470000.0,2,1434400.0,S2,modal_usaha,keluarga,wiraswasta,no
25,2196000.0,3200000.0,1714000.0,24,1395000.0,3983000.0,1,80000.0,SMA,modal_usaha,keluarga,tetap,no
41,1771000.0,1630000.0,6182000.0,24,688000.0,1840000.0,2,288500.0,SMA,renovasi,milik,kontrak,no
54,6741000.0,5866000.0,5997000.0,36,5943000.0,16858000.0,1,186600.0,S1,renovasi,milik,wiraswasta,no
46,7416000.0,9075000.0,6227000.0,12,2710000.0,11890000.0,2,581200.0,SMA,renovasi,milik,tetap,yes
59,9178000.0,1893000.0,16211000.0,12,2031000.0,13780000.0,1,1513000.0,SMA,modal_usaha,milik,tetap,no
36,8310000.0,5181000.0,46460000.0,12,15475000.0,24816000.0,4,4336300.0,SMA,renovasi,milik,kontrak,yes
33,4624000.0,10449000.0,18559000.0,60,3054000.0,12140000.0,3,346400.0,SMA,pendidikan,milik,kontrak,no
42,6566000.0,7485000.0,26807000.0,36,8224000.0,13254000.0,1,834000.0,S1,renovasi,milik,wiraswasta,no
29,7104000.0,10307000.0,15182000.0,48,3957000.0,20440000.0,2,354200.0,S1,renovasi,milik,tetap,no
63,,16307000.0,71750000.0,60,5099000.0,20261000.0,1,1339300.0,S1,pendidikan,sewa,wiraswasta,no
29,9491000.0,1828000.0,40323000.0,48,9904000.0,19567000.0,2,940900.0,S1,modal_usaha,keluarga,tetap,no
42,6082000.0,4624000.0,18485000.0,36,6337000.0,17297000.0,4,575100.0,D3,modal_usaha,milik,tetap,no
43,10635000.0,23456000.0,45245000.0,36,6448000.0,21837000.0,1,1407600.0,SMA,renovasi,keluarga,wiraswasta,no
23,3739000.0,1071000.0,19702000.0,48,3834000.0,5525000.0,0,459700.0,SMA,modal_usaha,keluarga,tetap,no
41,4623000.0,14786000.0,26731000.0,48,1713000.0,11953000.0,2,623700.0,SMA,kendaraan,milik,kontrak,no
41,5357000.0,10440000.0,32042000.0,48,1997000.0,5922000.0,2,747600.0,SMA,pendidikan,keluarga,tetap,no
32,9433000.0,13785000.0,30051000.0,36,4285000.0,10701000.0,3,934900.0,SMA,modal_usaha,milik,kontrak,no
26,4917000.0,8265000.0,3344000.0,48,6520000.0,11842000.0,1,78000.0,SMA,renovasi,milik,tetap,no
22,3554000.0,3920000.0,6257000.0,36,1971000.0,3385000.0,1,194700.0,SMA,modal_usaha,milik,kontrak,no
21,11237000.0,26748000.0,17784000.0,24,2973000.0,10241000.0,1,829900.0,S1,konsumtif,sewa,kontrak,yes
42,,52909000.0,61043000.0,24,16392000.0,46328000.0,2,2848700.0,S1,renovasi,milik,kontrak,no
24,10706000.0,2377000.0,26580000.0,12,5624000.0,17937000.0,6,2480800.0,S2,renovasi,milik,tetap,no
63,,24971000.0,114833000.0,24,31909000.0,50390000.0,1,5358900.0,S1,kendaraan,sewa,tetap,no
31,14136000.0,15460000.0,47939000.0,48,9142000.0,34345000.0,2,1118600.0,S1,modal_usaha,keluarga,tetap,no
49,6013000.0,6202000.0,24495000.0,24,7537000.0,12336000.0,1,1143100.0,SMA,modal_usaha,sewa,kontrak,no
50,12635000.0,27466000.0,73853000.0,60,5486000.0,29943000.0,1,1378600.0,S1,kendaraan,milik,wiraswasta,no
42,3909000.0,2473000.0,3010000.0,12,554000.0,3556000.0,2,280900.0,SMA,pendidikan,keluarga,tetap,no
59,10743000.0,6222000.0,6222000.0,12,3516000.0,16056000.0,2,580700.0,D3,modal_usaha,milik,wiraswasta,no
25,4820000.0,11557000.0,20053000.0,36,7821000.0,14104000.0,0,623900.0,D3,modal_usaha,keluarga,wiraswasta,no
31,5937000.0,3475000.0,20806000.0,24,3076000.0,10337000.0,1,970900.0,D3,kendaraan,milik,tetap,no
32,4150000.0,4270000.0,13094000.0,12,902000.0,5351000.0,2,1222100.0,SMA,modal_usaha,keluarga,,yes
26,7123000.0,3553000.0,36992000.0,12,5875000.0,21245000.0,2,3452600.0,S1,renovasi,milik,tetap,yes
33,11681000.0,19049000.0,16048000.0,36,4975000.0,19915000.0,3,499300.0,S1,modal_usaha,milik,tetap,no
34,8870000.0,12989000.0,32419000.0,24,7092000.0,16439000.0,2,1512900.0,S1,renovasi,keluarga,wiraswasta,no
54,5798000.0,4240000.0,32617000.0,36,2834000.0,7493000.0,3,1014800.0,S1,modal_usaha,sewa,tetap,no
34,5370000.0,4922000.0,15853000.0,12,6330000.0,12050000.0,2,1479600.0,D3,modal_usaha,sewa,wiraswasta,no
59,4772000.0,4624000.0,17606000.0,12,3347000.0,5993000.0,3,1643200.0,SMA,pendidikan,sewa,kontrak,yes
54,14974000.0,14736000.0,13252000.0,12,8100000.0,32072000.0,1,1236900.0,S1,pendidikan,sewa,kontrak,no
60,15044000.0,26808000.0,36414000.0,12,1139000.0,37104000.0,2,3398600.0,D3,modal_usaha,milik,tetap,no
25,5754000.0,2935000.0,4187000.0,48,3857000.0,12862000.0,1,97700.0,SMA,modal_usaha,milik,tetap,no
64,7258000.0,10495000.0,26478000.0,36,3488000.0,7250000.0,2,823800.0,SMA,kendaraan,sewa,tetap,no
48,16770000.0,1496000.0,62847000.0,36,5407000.0,16359000.0,1,1955200.0,S2,renovasi,milik,kontrak,no
64,,22435000.0,74485000.0,48,8186000.0,34491000.0,3,1738000.0,S1,pendidikan,milik,tetap,no
36,4666000.0,5249000.0,18716000.0,24,4830000.0,13018000.0,4,873400.0,D3,modal_usaha,milik,kontrak,yes
62,21636000.0,6370000.0,11173000.0,48,12786000.0,23766000.0,1,260700.0,S1,pendidikan,sewa,tetap,no
46,13472000.0,13058000.0,68475000.0,48,12863000.0,21906000.0,2,1597800.0,D3,renovasi,milik,kontrak,no
24,9617000.0,8651000.0,22245000.0,48,11449000.0,21532000.0,1,519100.0,D3,modal_usaha,milik,kontrak,no
39,5017000.0,6528000.0,22218000.0,48,5163000.0,13235000.0,5,518400.0,SMA,pendidikan,milik,wiraswasta,no
27,11259000.0,1120000.0,21979000.0,12,8426000.0,31523000.0,1,2051400.0,D3,modal_usaha,sewa,tetap,no
62,12408000.0,27993000.0,58085000.0,36,15963000.0,28999000.0,1,1807100.0,S1,modal_usaha,milik,tetap,no
34,8089000.0,5683000.0,45308000.0,36,4248000.0,9096000.0,2,1409600.0,SMA,renovasi,milik,wiraswasta,no
30,6921000.0,2278000.0,6480000.0,36,10866000.0,17236000.0,1,201600.0,S1,renovasi,sewa,wiraswasta,no
45,6644000.0,5696000.0,23214000.0,24,10838000.0,17871000.0,2,1083300.0,SMA,kendaraan,milik,kontrak,no
39,3445000.0,3072000.0,11962000.0,12,1879000.0,5419000.0,1,1116500.0,S1,modal_usaha,keluarga,tetap,yes
25,6949000.0,4462000.0,14422000.0,60,7318000.0,13114000.0,0,269200.0,S1,modal_usaha,keluarga,kontrak,no
56,14490000.0,9154000.0,34475000.0,36,1971000.0,16896000.0,0,1072600.0,S1,modal_usaha,milik,wiraswasta,no
58,11989000.0,2347000.0,50580000.0,24,2966000.0,17623000.0,2,2360400.0,S1,kendaraan,milik,tetap,no
53,36190000.0,54460000.0,76338000.0,12,53683000.0,98204000.0,0,7124900.0,S2,konsumtif,milik,tetap,yes
48,5728000.0,1582000.0,3829000.0,36,3150000.0,5702000.0,2,119100.0,D3,konsumtif,sewa,wiraswasta,no
38,7806000.0,6576000.0,36926000.0,12,4178000.0,19338000.0,1,3446400.0,S1,konsumtif,milik,tetap,yes
44,7458000.0,15218000.0,29374000.0,24,1276000.0,7568000.0,1,1370800.0,S1,konsumtif,milik,kontrak,yes
43,5500000.0,3255000.0,10326000.0,60,713000.0,7941000.0,1,192800.0,SMA,konsumtif,sewa,wiraswasta,no
28,8607000.0,12064000.0,49821000.0,12,13180000.0,17914000.0,1,4650000.0,SMA,renovasi,sewa,tetap,yes
24,12202000.0,9747000.0,66395000.0,24,4877000.0,9851000.0,4,3098400.0,D3,kendaraan,milik,wiraswasta,no
32,4242000.0,6679000.0,24621000.0,36,1783000.0,9696000.0,0,766000.0,SMA,modal_usaha,milik,wiraswasta,no
40,6044000.0,9573000.0,20050000.0,24,4091000.0,9040000.0,4,935700.0,D3,konsumtif,sewa,kontrak,yes
28,4006000.0,6575000.0,7184000.0,24,2346000.0,9802000.0,3,335300.0,D3,modal_usaha,sewa,kontrak,yes
25,14329000.0,30867000.0,20864000.0,36,4488000.0,42206000.0,1,649100.0,S1,kendaraan,milik,tetap,no
58,15378000.0,9006000.0,87914000.0,36,9550000.0,26393000.0,2,2735100.0,SMA,renovasi,keluarga,kontrak,no
37,9420000.0,9030000.0,50864000.0,36,7515000.0,8158000.0,3,1582400.0,S1,pendidikan,milik,tetap,no
46,4974000.0,7541000.0,22757000.0,48,7736000.0,13268000.0,0,531000.0,D3,kendaraan,sewa,tetap,no
44,6224000.0,2007000.0,20588000.0,48,4583000.0,8739000.0,2,480400.0,S1,pendidikan,sewa,kontrak,no
53,9164000.0,8444000.0,23957000.0,36,2018000.0,10327000.0,1,745300.0,SMA,konsumtif,sewa,wiraswasta,no
53,13541000.0,8399000.0,59160000.0,36,12471000.0,37025000.0,1,1840500.0,D3,renovasi,keluarga,tetap,no
34,2379000.0,6972000.0,1314000.0,48,2288000.0,3120000.0,3,30700.0,SMA,pendidikan,milik,tetap,no
58,12477000.0,38438000.0,42216000.0,12,12020000.0,26596000.0,0,3940200.0,S1,konsumtif,keluarga,tetap,yes
37,13180000.0,5726000.0,55786000.0,36,3496000.0,17909000.0,0,1735600.0,SMA,pendidikan,milik,wiraswasta,yes
57,16000000.0,29055000.0,74331000.0,12,24622000.0,37879000.0,1,6937600.0,S2,pendidikan,milik,tetap,yes
38,12665000.0,10944000.0,37754000.0,24,16214000.0,28208000.0,3,1761900.0,SMA,renovasi,keluarga,tetap,no
25,10661000.0,24425000.0,49022000.0,60,3126000.0,20471000.0,0,915100.0,S1,kendaraan,milik,wiraswasta,no
54,,7300000.0,5449000.0,12,3379000.0,10722000.0,2,508600.0,SMA,renovasi,sewa,tetap,no
22,6611000.0,8329000.0,11787000.0,24,5939000.0,8594000.0,0,550100.0,S1,modal_usaha,sewa,kontrak,yes
54,10161000.0,10495000.0,13162000.0,24,2676000.0,8619000.0,3,614200.0,D3,modal_usaha,sewa,kontrak,no
22,3943000.0,2450000.0,9341000.0,36,7134000.0,10100000.0,1,290600.0,D3,renovasi,milik,wiraswasta,no
30,,4730000.0,8677000.0,48,6857000.0,9995000.0,2,202500.0,SMA,renovasi,milik,tetap,no
47,15007000.0,32173000.0,38368000.0,24,15341000.0,37687000.0,2,1790500.0,SMA,konsumtif,keluarga,kontrak,yes
62,6428000.0,6147000.0,19683000.0,48,6201000.0,15154000.0,2,459300.0,SMA,pendidikan,milik,tetap,no
38,20364000.0,33581000.0,59052000.0,36,3547000.0,37434000.0,2,1837200.0,S2,konsumtif,sewa,kontrak,no
26,5345000.0,12723000.0,17091000.0,60,3184000.0,11142000.0,0,319000.0,D3,kendaraan,milik,tetap,no
31,5646000.0,14577000.0,26193000.0,48,2470000.0,13108000.0,0,611200.0,SMA,kendaraan,milik,tetap,no
60,23982000.0,28917000.0,30723000.0,24,6944000.0,20569000.0,1,1433700.0,S2,modal_usaha,milik,wiraswasta,no
52,6367000.0,2918000.0,15465000.0,48,5463000.0,11028000.0,1,360900.0,SMA,kendaraan,milik,kontrak,no
25,8249000.0,21533000.0,4131000.0,24,2382000.0,10677000.0,1,192800.0,D3,modal_usaha,keluarga,kontrak,yes
37,3934000.0,5541000.0,2578000.0,36,942000.0,6301000.0,1,80200.0,S1,modal_usaha,milik,tetap,no
32,13713000.0,12647000.0,52594000.0,24,13456000.0,33574000.0,1,2454400.0,S2,modal_usaha,sewa,kontrak,yes
28,2767000.0,2250000.0,14715000.0,24,1599000.0,4426000.0,0,686700.0,S1,pendidikan,sewa,tetap,no
58,10448000.0,2245000.0,22803000.0,60,8288000.0,25347000.0,1,425700.0,D3,kendaraan,keluarga,kontrak,no
48,22041000.0,37873000.0,59740000.0,48,42312000.0,64757000.0,0,1393900.0,S2,renovasi,milik,wiraswasta,no
28,7160000.0,4972000.0,11845000.0,36,5014000.0,20273000.0,1,368500.0,SMA,konsumtif,sewa,wiraswasta,no
49,,7559000.0,10949000.0,60,10956000.0,22326000.0,2,204400.0,S2,konsumtif,milik,tetap,no
39,6050000.0,6894000.0,32443000.0,24,6483000.0,16193000.0,1,1514000.0,S1,kendaraan,keluarga,wiraswasta,no
23,7019000.0,18543000.0,25596000.0,24,4657000.0,11698000.0,3,1194500.0,S2,pendidikan,keluarga,tetap,no
40,7303000.0,12525000.0,31964000.0,48,12353000.0,17596000.0,0,745800.0,SMA,pendidikan,keluarga,kontrak,no
29,2208000.0,3801000.0,11814000.0,12,2422000.0,5006000.0,0,1102600.0,SMA,renovasi,milik,tetap,yes
31,8816000.0,15639000.0,32938000.0,48,7989000.0,26116000.0,2,768600.0,S1,renovasi,milik,wiraswasta,no
59,,16280000.0,20215000.0,12,9897000.0,27984000.0,3,1886700.0,D3,modal_usaha,keluarga,tetap,no
52,9144000.0,4341000.0,40446000.0,24,6087000.0,15961000.0,1,1887500.0,D3,konsumtif,sewa,tetap,no
26,12793000.0,9494000.0,59013000.0,24,6604000.0,33799000.0,0,2753900.0,S2,pendidikan,milik,wiraswasta,no
58,15945000.0,33320000.0,44275000.0,24,21995000.0,39050000.0,0,2066200.0,S1,renovasi,milik,tetap,no
46,5863000.0,7346000.0,22822000.0,24,3395000.0,6301000.0,2,1065000.0,SMA,modal_usaha,milik,wiraswasta,no
59,4929000.0,3841000.0,15600000.0,12,3054000.0,10409000.0,0,1456000.0,D3,renovasi,sewa,wiraswasta,no
53,9012000.0,24770000.0,21011000.0,12,4587000.0,18953000.0,2,1961000.0,SMA,modal_usaha,sewa,kontrak,yes
35,3997000.0,7092000.0,16781000.0,48,3682000.0,8752000.0,2,391600.0,SMA,kendaraan,keluarga,tetap,yes
44,5564000.0,8860000.0,10355000.0,36,4440000.0,15976000.0,4,322200.0,SMA,kendaraan,sewa,tetap,no
44,13903000.0,18549000.0,31992000.0,24,13941000.0,29537000.0,2,1493000.0,S1,kendaraan,keluarga,tetap,no
52,24491000.0,21336000.0,66892000.0,12,12260000.0,66470000.0,1,6243300.0,S1,kendaraan,milik,wiraswasta,no
31,6996000.0,9340000.0,27147000.0,24,6438000.0,11113000.0,5,1266900.0,D3,konsumtif,sewa,tetap,no
35,9814000.0,10269000.0,50906000.0,24,2990000.0,9090000.0,1,2375600.0,D3,modal_usaha,keluarga,tetap,no
31,4630000.0,4875000.0,17974000.0,36,5165000.0,7526000.0,0,559200.0,S1,pendidikan,sewa,tetap,no
34,10454000.0,2352000.0,46974000.0,12,5993000.0,20614000.0,0,4384200.0,S1,pendidikan,sewa,kontrak,yes
28,8179000.0,16879000.0,17255000.0,60,8547000.0,21538000.0,1,322100.0,S1,konsumtif,milik,kontrak,no
22,10524000.0,16043000.0,39263000.0,24,3628000.0,23048000.0,3,1832300.0,D3,renovasi,milik,kontrak,no
62,12149000.0,17133000.0,13014000.0,36,6961000.0,21538000.0,0,404900.0,S1,modal_usaha,sewa,wiraswasta,no
24,5628000.0,9065000.0,17154000.0,48,4168000.0,10221000.0,0,400300.0,D3,modal_usaha,milik,,no
60,19316000.0,52491000.0,82949000.0,24,25125000.0,57806000.0,1,3871000.0,D3,konsumtif,keluarga,tetap,yes
21,7107000.0,7253000.0,10579000.0,12,4793000.0,7896000.0,0,987400.0,S1,modal_usaha,sewa,kontrak,no
55,6656000.0,3515000.0,36352000.0,24,1049000.0,8334000.0,0,1696400.0,D3,modal_usaha,sewa,tetap,no
35,24112000.0,48976000.0,67382000.0,36,32641000.0,52459000.0,2,2096300.0,D3,konsumtif,sewa,tetap,no
43,4363000.0,5223000.0,18287000.0,48,5121000.0,10223000.0,0,426700.0,SMA,konsumtif,sewa,wiraswasta,no
33,7166000.0,8721000.0,22103000.0,24,1447000.0,11960000.0,1,1031500.0,D3,pendidikan,sewa,tetap,no
42,10140000.0,2853000.0,45908000.0,48,6809000.0,8829000.0,1,1071200.0,D3,modal_usaha,sewa,,no
40,11763000.0,20539000.0,43684000.0,36,9159000.0,22919000.0,0,1359100.0,S1,renovasi,milik,wiraswasta,no
44,8257000.0,7716000.0,9695000.0,48,3186000.0,9228000.0,1,226200.0,D3,modal_usaha,milik,tetap,no
38,5962000.0,12278000.0,33303000.0,12,3611000.0,5505000.0,3,3108300.0,SMA,modal_usaha,keluarga,tetap,yes
44,10082000.0,10881000.0,41642000.0,48,1095000.0,15713000.0,2,971600.0,S1,renovasi,milik,tetap,no
57,5520000.0,7812000.0,17092000.0,24,3376000.0,6063000.0,0,797600.0,SMA,kendaraan,milik,,no
40,34195000.0,16230000.0,144348000.0,24,6981000.0,60381000.0,3,6736200.0,S2,modal_usaha,keluarga,kontrak,no
36,5660000.0,3910000.0,10952000.0,36,6091000.0,14013000.0,1,340700.0,SMA,pendidikan,milik,wiraswasta,no
26,10603000.0,23130000.0,50145000.0,60,4257000.0,9580000.0,1,936000.0,S1,renovasi,keluarga,tetap,no
36,,8183000.0,18501000.0,24,3145000.0,12727000.0,2,863400.0,D3,modal_usaha,milik,tetap,no
26,6909000.0,12261000.0,34045000.0,24,2043000.0,13081000.0,0,1588800.0,S1,modal_usaha,milik,tetap,no
29,4489000.0,1275000.0,9011000.0,60,928000.0,3609000.0,2,168200.0,SMA,modal_usaha,sewa,tetap,no
62,9612000.0,10855000.0,46585000.0,48,11350000.0,23301000.0,2,1087000.0,S2,modal_usaha,sewa,,no
24,5837000.0,6757000.0,32026000.0,36,3419000.0,5822000.0,1,996400.0,D3,renovasi,keluarga,tetap,no
42,9001000.0,5544000.0,53057000.0,36,4352000.0,25658000.0,1,1650700.0,S1,modal_usaha,sewa,wiraswasta,no
57,19253000.0,15480000.0,91873000.0,36,7323000.0,42484000.0,0,2858300.0,D3,renovasi,sewa,tetap,no
62,5824000.0,2903000.0,25463000.0,60,3155000.0,8347000.0,0,475300.0,SMA,modal_usaha,keluarga,tetap,no
27,5108000.0,5820000.0,17161000.0,12,2958000.0,14484000.0,0,1601700.0,D3,modal_usaha,sewa,tetap,yes
28,3612000.0,4105000.0,3907000.0,48,1007000.0,6072000.0,4,91200.0,SMA,kendaraan,milik,tetap,no
37,12178000.0,12263000.0,43587000.0,36,1688000.0,16715000.0,0,1356000.0,SMA,kendaraan,milik,tetap,no
45,7716000.0,10015000.0,27761000.0,60,6543000.0,12700000.0,1,518200.0,S1,renovasi,milik,wiraswasta,no
63,16306000.0,10645000.0,13959000.0,36,22695000.0,34984000.0,2,434300.0,D3,konsumtif,sewa,,no
30,8680000.0,13950000.0,37310000.0,24,6207000.0,20762000.0,0,1741100.0,SMA,modal_usaha,keluarga,tetap,no
28,5067000.0,4579000.0,6684000.0,48,8048000.0,11431000.0,0,156000.0,SMA,kendaraan,sewa,tetap,no
32,3130000.0,2312000.0,11836000.0,60,2739000.0,8848000.0,3,220900.0,SMA,renovasi,sewa,wiraswasta,no
59,5117000.0,7167000.0,15860000.0,60,7775000.0,14858000.0,0,296100.0,SMA,renovasi,milik,tetap,no
22,11105000.0,14002000.0,58999000.0,24,5313000.0,13698000.0,1,2753300.0,S1,renovasi,sewa,tetap,no
37,3608000.0,7315000.0,6413000.0,24,3123000.0,10130000.0,2,299300.0,SMA,modal_usaha,sewa,tetap,no
26,9669000.0,11095000.0,13939000.0,48,2287000.0,10005000.0,1,325200.0,S1,kendaraan,sewa,kontrak,yes
27,5595000.0,5390000.0,19758000.0,36,5447000.0,16254000.0,1,614700.0,SMA,modal_usaha,milik,tetap,yes
61,11614000.0,4281000.0,35206000.0,12,2605000.0,15918000.0,1,3285900.0,SMA,konsumtif,milik,kontrak,no
21,9159000.0,7891000.0,12705000.0,12,1268000.0,12683000.0,3,1185800.0,S1,modal_usaha,sewa,wiraswasta,yes
35,4032000.0,8781000.0,15626000.0,12,2149000.0,6965000.0,2,1458400.0,SMA,renovasi,milik,tetap,yes
61,7873000.0,9744000.0,43160000.0,24,4576000.0,9446000.0,0,2014100.0,D3,renovasi,sewa,wiraswasta,no
47,20332000.0,26376000.0,92946000.0,24,21982000.0,53290000.0,2,4337500.0,S2,konsumtif,milik,kontrak,no
24,7340000.0,11059000.0,12130000.0,60,2191000.0,7886000.0,1,226400.0,S2,modal_usaha,milik,tetap,no
41,3080000.0,3450000.0,5579000.0,36,2877000.0,5441000.0,1,173600.0,S1,renovasi,milik,wiraswasta,no
63,13605000.0,18532000.0,48523000.0,12,25822000.0,38036000.0,3,4528800.0,SMA,kendaraan,milik,wiraswasta,yes
38,6310000.0,1951000.0,26668000.0,36,6035000.0,13868000.0,1,829700.0,S1,renovasi,milik,tetap,no
44,17231000.0,11677000.0,101395000.0,36,10518000.0,36801000.0,1,3154500.0,S2,pendidikan,milik,wiraswasta,no
44,26135000.0,23695000.0,28135000.0,48,38036000.0,78097000.0,3,656500.0,S2,modal_usaha,sewa,wiraswasta,no
50,8101000.0,20984000.0,28393000.0,48,1295000.0,6883000.0,2,662500.0,SMA,konsumtif,sewa,tetap,no
29,10747000.0,10379000.0,63736000.0,12,11566000.0,16159000.0,1,5948700.0,D3,kendaraan,sewa,tetap,yes
57,,7990000.0,10848000.0,60,2121000.0,10507000.0,0,202500.0,SMA,modal_usaha,sewa,tetap,no
64,21133000.0,23589000.0,123610000.0,12,5005000.0,25488000.0,2,11536900.0,SMA,kendaraan,milik,tetap,yes
27,5117000.0,6607000.0,15566000.0,48,2370000.0,6525000.0,1,363200.0,S1,modal_usaha,milik,tetap,no
57,,15386000.0,40398000.0,60,7508000.0,19802000.0,2,754100.0,SMA,konsumtif,milik,tetap,no
56,,10461000.0,34428000.0,48,6825000.0,16961000.0,2,803300.0,SMA,modal_usaha,milik,wiraswasta,no
53,7790000.0,8355000.0,39930000.0,24,6994000.0,17615000.0,0,1863400.0,SMA,renovasi,milik,tetap,yes
37,13316000.0,5138000.0,73196000.0,24,17607000.0,32275000.0,3,3415800.0,D3,konsumtif,keluarga,kontrak,yes
41,5630000.0,7082000.0,7976000.0,12,2591000.0,9482000.0,3,744400.0,SMA,modal_usaha,milik,wiraswasta,yes
57,28838000.0,36577000.0,132938000.0,12,16054000.0,57097000.0,1,12407500.0,D3,konsumtif,milik,kontrak,yes
27,13811000.0,9441000.0,8481000.0,12,3135000.0,15062000.0,1,791600.0,SMA,kendaraan,keluarga,,no
57,20034000.0,20106000.0,40523000.0,12,8671000.0,49200000.0,0,3782100.0,S2,renovasi,sewa,tetap,no
61,,29393000.0,44464000.0,36,10017000.0,21643000.0,2,1383300.0,SMA,modal_usaha,keluarga,tetap,no
51,17440000.0,10182000.0,66579000.0,12,28482000.0,45975000.0,0,6214000.0,D3,kendaraan,milik,wiraswasta,no
36,3663000.0,6079000.0,9190000.0,36,5252000.0,7171000.0,0,285900.0,SMA,pendidikan,sewa,kontrak,yes
45,4072000.0,5562000.0,8093000.0,48,6253000.0,9499000.0,1,188800.0,SMA,renovasi,keluarga,kontrak,no
23,8705000.0,22074000.0,12571000.0,12,1862000.0,13831000.0,1,1173300.0,SMA,renovasi,keluarga,tetap,yes
61,11087000.0,14301000.0,20161000.0,36,6704000.0,17938000.0,1,627200.0,SMA,pendidikan,milik,tetap,no
36,5644000.0,2048000.0,6865000.0,48,2224000.0,9935000.0,0,160200.0,SMA,renovasi,sewa,tetap,no
23,6193000.0,13346000.0,11992000.0,36,2502000.0,13620000.0,3,373100.0,D3,kendaraan,milik,wiraswasta,no
55,4668000.0,7108000.0,23420000.0,36,2948000.0,8936000.0,3,728600.0,S1,renovasi,sewa,wiraswasta,yes
49,7248000.0,14372000.0,15086000.0,48,4130000.0,18623000.0,0,352000.0,SMA,konsumtif,milik,tetap,no
48,6887000.0,6259000.0,37825000.0,36,3333000.0,6340000.0,0,1176800.0,D3,pendidikan,milik,kontrak,yes
23,11607000.0,8055000.0,21459000.0,36,11509000.0,32281000.0,2,667600.0,S1,modal_usaha,milik,tetap,no
54,13521000.0,39179000.0,43346000.0,48,12760000.0,38363000.0,0,1011400.0,SMA,konsumtif,milik,kontrak,yes
49,,15009000.0,18134000.0,48,15681000.0,17054000.0,0,423100.0,D3,konsumtif,keluarga,tetap,no
55,10511000.0,37257000.0,6244000.0,24,5727000.0,10739000.0,1,291400.0,SMA,konsumtif,milik,tetap,yes
57,4649000.0,4329000.0,18319000.0,36,6033000.0,9568000.0,1,569900.0,SMA,renovasi,keluarga,tetap,yes
30,9118000.0,15654000.0,21498000.0,48,3705000.0,8582000.0,1,501600.0,D3,renovasi,milik,wiraswasta,no
30,14407000.0,19846000.0,34547000.0,36,7681000.0,18807000.0,3,1074800.0,S2,modal_usaha,sewa,tetap,no
61,33209000.0,38826000.0,91080000.0,36,28489000.0,63650000.0,4,2833600.0,S2,konsumtif,milik,wiraswasta,no
44,36223000.0,24359000.0,173062000.0,12,14530000.0,77893000.0,4,16152500.0,S2,kendaraan,milik,tetap,yes
40,3907000.0,2421000.0,10543000.0,12,1266000.0,4796000.0,3,984000.0,D3,renovasi,keluarga,tetap,no
33,4971000.0,9012000.0,4848000.0,36,8331000.0,14177000.0,0,150800.0,SMA,modal_usaha,milik,tetap,no
49,,13124000.0,11497000.0,48,5247000.0,6780000.0,0,268300.0,SMA,konsumtif,milik,tetap,no
54,9338000.0,11634000.0,34258000.0,24,767000.0,10627000.0,0,1598700.0,SMA,renovasi,keluarga,kontrak,no
21,4800000.0,6992000.0,28628000.0,60,2463000.0,5554000.0,2,534400.0,SMA,pendidikan,milik,tetap,yes
45,6614000.0,13784000.0,8514000.0,48,5767000.0,18817000.0,1,198700.0,SMA,modal_usaha,keluarga,tetap,no
64,20469000.0,13612000.0,46649000.0,48,5893000.0,55948000.0,0,1088500.0,D3,modal_usaha,milik,wiraswasta,no
33,3607000.0,10487000.0,11437000.0,48,850000.0,3148000.0,0,266900.0,SMA,renovasi,milik,wiraswasta,no
33,3706000.0,9516000.0,21108000.0,24,478000.0,8889000.0,2,985000.0,SMA,modal_usaha,sewa,tetap,no
59,9259000.0,21554000.0,10151000.0,24,5261000.0,8904000.0,2,473700.0,S1,modal_usaha,milik,wiraswasta,no
23,5240000.0,1970000.0,25498000.0,12,1149000.0,5060000.0,1,2379800.0,D3,renovasi,sewa,tetap,yes
38,5787000.0,6721000.0,25904000.0,24,964000.0,5597000.0,1,1208900.0,S1,modal_usaha,keluarga,tetap,no
41,6690000.0,7046000.0,14620000.0,12,6918000.0,17562000.0,2,1364500.0,SMA,konsumtif,milik,wiraswasta,no
56,10361000.0,1895000.0,49273000.0,48,3941000.0,18032000.0,2,1149700.0,D3,pendidikan,sewa,wiraswasta,no
26,3664000.0,1027000.0,13417000.0,48,2276000.0,7421000.0,0,313100.0,SMA,modal_usaha,milik,wiraswasta,no
40,12400000.0,6785000.0,17887000.0,24,4376000.0,10761000.0,2,834700.0,D3,modal_usaha,sewa,kontrak,no
27,5174000.0,4962000.0,10718000.0,36,1585000.0,14394000.0,1,333400.0,SMA,renovasi,sewa,wiraswasta,yes
55,14192000.0,13016000.0,32725000.0,36,18336000.0,42015000.0,0,1018100.0,SMA,renovasi,sewa,tetap,no
48,11031000.0,26702000.0,25114000.0,48,3044000.0,14532000.0,0,586000.0,S1,kendaraan,milik,tetap,no
42,,764000.0,31715000.0,60,7057000.0,15457000.0,1,592000.0,SMA,kendaraan,sewa,kontrak,no
38,5029000.0,11133000.0,20778000.0,24,3139000.0,11533000.0,2,969600.0,SMA,pendidikan,sewa,kontrak,yes
27,10250000.0,4140000.0,51344000.0,24,3235000.0,29990000.0,0,2396100.0,S2,renovasi,milik,tetap,no
61,13504000.0,10199000.0,44690000.0,48,2047000.0,25175000.0,1,1042800.0,SMA,modal_usaha,milik,kontrak,no
49,,18920000.0,24741000.0,12,5526000.0,13486000.0,1,2309200.0,S1,modal_usaha,milik,tetap,no
35,9658000.0,6246000.0,8428000.0,48,11158000.0,15382000.0,1,196700.0,D3,modal_usaha,milik,wiraswasta,no
39,4576000.0,2274000.0,22281000.0,12,2085000.0,10100000.0,2,2079600.0,SMA,renovasi,milik,tetap,yes
52,14615000.0,9559000.0,13318000.0,36,4367000.0,26884000.0,0,414300.0,D3,modal_usaha,milik,kontrak,no
52,6421000.0,6075000.0,13857000.0,36,3160000.0,6259000.0,2,431100.0,SMA,renovasi,milik,wiraswasta,no
41,15576000.0,24500000.0,65090000.0,48,25950000.0,40127000.0,0,1518800.0,S1,modal_usaha,milik,wiraswasta,no
34,6196000.0,12555000.0,29139000.0,12,6752000.0,16738000.0,1,2719600.0,SMA,konsumtif,sewa,,yes
50,15941000.0,9366000.0,13977000.0,48,5477000.0,29528000.0,1,326100.0,SMA,modal_usaha,milik,tetap,no
49,4698000.0,9637000.0,18049000.0,48,1170000.0,9169000.0,1,421100.0,SMA,kendaraan,milik,tetap,no
47,7585000.0,10772000.0,9514000.0,48,10513000.0,14271000.0,1,222000.0,S2,konsumtif,sewa,kontrak,no
24,5925000.0,1723000.0,27639000.0,60,8140000.0,11645000.0,0,515900.0,S1,konsumtif,sewa,wiraswasta,no
41,7095000.0,7928000.0,32028000.0,48,3850000.0,7278000.0,0,747300.0,S2,kendaraan,milik,wiraswasta,no
48,6464000.0,12786000.0,29827000.0,48,371000.0,11338000.0,3,696000.0,S1,pendidikan,keluarga,tetap,no
62,20495000.0,31685000.0,17434000.0,36,21423000.0,36590000.0,2,542400.0,S1,modal_usaha,milik,tetap,no
44,8976000.0,17764000.0,32106000.0,48,14877000.0,26883000.0,3,749100.0,D3,renovasi,sewa,kontrak,yes
36,9744000.0,13058000.0,17780000.0,60,1396000.0,8838000.0,2,331900.0,S2,renovasi,keluarga,tetap,no
45,,19204000.0,24825000.0,36,3326000.0,11437000.0,1,772300.0,D3,pendidikan,milik,tetap,yes
28,5154000.0,4047000.0,30624000.0,24,4680000.0,9747000.0,1,1429100.0,D3,renovasi,keluarga,wiraswasta,yes
24,16431000.0,23436000.0,16392000.0,24,20441000.0,43771000.0,0,765000.0,S1,modal_usaha,sewa,,no
50,7196000.0,12746000.0,27109000.0,48,4932000.0,13059000.0,1,632500.0,D3,modal_usaha,milik,,no
64,5706000.0,14543000.0,8031000.0,60,4600000.0,8218000.0,0,149900.0,SMA,renovasi,milik,wiraswasta,no
58,16555000.0,12747000.0,54719000.0,24,1974000.0,32739000.0,2,2553600.0,D3,konsumtif,keluarga,wiraswasta,no
46,6790000.0,3422000.0,22848000.0,60,1204000.0,9869000.0,1,426500.0,SMA,kendaraan,keluarga,tetap,no
22,18877000.0,28893000.0,56805000.0,24,28224000.0,37873000.0,3,2650900.0,S1,renovasi,sewa,,no
64,,4274000.0,40874000.0,36,7989000.0,23578000.0,1,1271600.0,D3,konsumtif,milik,tetap,no
40,15259000.0,3078000.0,89388000.0,60,5723000.0,30025000.0,2,1668600.0,S1,kendaraan,sewa,wiraswasta,no
33,12007000.0,9856000.0,59179000.0,60,3795000.0,25709000.0,2,1104700.0,D3,kendaraan,milik,tetap,no
60,11821000.0,21561000.0,68229000.0,36,4583000.0,10464000.0,0,2122700.0,S1,kendaraan,milik,,no
53,6075000.0,2338000.0,9368000.0,60,8008000.0,13665000.0,0,174900.0,SMA,pendidikan,keluarga,tetap,no
53,22922000.0,21671000.0,136678000.0,48,31016000.0,67237000.0,3,3189200.0,S2,konsumtif,milik,tetap,no
33,9556000.0,8102000.0,20817000.0,48,4247000.0,17981000.0,3,485700.0,D3,renovasi,sewa,wiraswasta,no
64,5483000.0,19415000.0,3772000.0,48,2976000.0,14069000.0,2,88000.0,SMA,kendaraan,milik,kontrak,no
40,4042000.0,1231000.0,11719000.0,24,864000.0,8115000.0,3,546900.0,SMA,modal_usaha,sewa,tetap,no
44,2305000.0,6960000.0,4274000.0,12,2359000.0,5414000.0,0,398900.0,SMA,konsumtif,milik,wiraswasta,yes
54,14075000.0,14062000.0,66035000.0,24,3571000.0,20856000.0,0,3081600.0,D3,kendaraan,milik,tetap,no
50,11097000.0,8684000.0,10855000.0,12,16738000.0,32482000.0,1,1013100.0,S1,modal_usaha,sewa,tetap,no
28,9733000.0,12316000.0,34202000.0,24,10193000.0,12393000.0,1,1596100.0,S2,pendidikan,keluarga,wiraswasta,no
34,4373000.0,12395000.0,9147000.0,12,2172000.0,5029000.0,1,853700.0,S1,modal_usaha,keluarga,wiraswasta,yes
36,4751000.0,5397000.0,7778000.0,24,1601000.0,4277000.0,2,363000.0,D3,pendidikan,milik,tetap,no
62,10028000.0,20974000.0,53309000.0,36,13783000.0,19962000.0,1,1658500.0,D3,kendaraan,sewa,tetap,no
52,9563000.0,2570000.0,31895000.0,12,13155000.0,20671000.0,1,2976900.0,S1,renovasi,milik,tetap,yes
37,10418000.0,2300000.0,23857000.0,24,2648000.0,23221000.0,0,1113300.0,S1,kendaraan,milik,tetap,no
53,11035000.0,22356000.0,50801000.0,24,7205000.0,13009000.0,1,2370700.0,SMA,kendaraan,sewa,tetap,no
53,45596000.0,36316000.0,236759000.0,12,33299000.0,101823000.0,0,22097500.0,S2,konsumtif,milik,kontrak,yes
38,8000000.0,9165000.0,23452000.0,36,4756000.0,9306000.0,0,729600.0,D3,konsumtif,milik,wiraswasta,no
38,16617000.0,48351000.0,24953000.0,48,21967000.0,40894000.0,2,582200.0,S1,modal_usaha,milik,tetap,no
60,12820000.0,12263000.0,76521000.0,48,2962000.0,18019000.0,4,1785500.0,S2,renovasi,sewa,wiraswasta,no
45,5370000.0,10331000.0,13287000.0,36,6984000.0,9282000.0,1,413400.0,S1,modal_usaha,keluarga,tetap,yes
27,4536000.0,3634000.0,7395000.0,60,3473000.0,7293000.0,3,138000.0,SMA,renovasi,keluarga,tetap,no
52,,8161000.0,6736000.0,48,4459000.0,10146000.0,2,157200.0,S1,modal_usaha,keluarga,tetap,no
46,7531000.0,2119000.0,8896000.0,12,3875000.0,17970000.0,1,830300.0,SMA,renovasi,sewa,tetap,no
43,7747000.0,17134000.0,44055000.0,24,8315000.0,23203000.0,3,2055900.0,S1,konsumtif,milik,tetap,yes
52,3459000.0,7512000.0,19739000.0,36,4630000.0,6780000.0,0,614100.0,SMA,kendaraan,keluarga,kontrak,yes
60,,72567000.0,107521000.0,36,21491000.0,54918000.0,0,3345100.0,S1,pendidikan,milik,tetap,no
35,9324000.0,2841000.0,40156000.0,48,10309000.0,13484000.0,1,937000.0,S2,modal_usaha,sewa,wiraswasta,no
39,3157000.0,5855000.0,16036000.0,24,2505000.0,6863000.0,1,748300.0,SMA,modal_usaha,keluarga,tetap,yes
29,10285000.0,20589000.0,36676000.0,60,2548000.0,18437000.0,1,684600.0,D3,modal_usaha,sewa,kontrak,no
49,8834000.0,4796000.0,36824000.0,36,11050000.0,22087000.0,2,1145600.0,S1,modal_usaha,sewa,kontrak,no
38,13185000.0,21276000.0,76715000.0,60,11905000.0,28146000.0,1,1432000.0,D3,kendaraan,sewa,wiraswasta,yes
36,4493000.0,7425000.0,6510000.0,36,1270000.0,7666000.0,0,202500.0,SMA,konsumtif,keluarga,kontrak,no
51,,489000.0,8108000.0,24,1839000.0,18591000.0,2,378400.0,SMA,kendaraan,milik,kontrak,no
38,9428000.0,7323000.0,43762000.0,24,995000.0,7776000.0,1,2042200.0,D3,konsumtif,milik,wiraswasta,no
41,13866000.0,15840000.0,60571000.0,24,11779000.0,32126000.0,1,2826600.0,S1,modal_usaha,keluarga,wiraswasta,no
40,14736000.0,7730000.0,22439000.0,24,9920000.0,25106000.0,4,1047200.0,S1,renovasi,keluarga,wiraswasta,no
32,5585000.0,1246000.0,12082000.0,48,2743000.0,5962000.0,1,281900.0,SMA,modal_usaha,sewa,tetap,no
26,8251000.0,11388000.0,35223000.0,24,1210000.0,8283000.0,1,1643700.0,D3,modal_usaha,milik,kontrak,yes
57,15895000.0,4849000.0,51166000.0,24,16249000.0,35422000.0,3,2387700.0,D3,modal_usaha,keluarga,kontrak,no
25,5611000.0,4907000.0,30379000.0,24,573000.0,6313000.0,2,1417700.0,SMA,pendidikan,keluarga,wiraswasta,no
35,8938000.0,26447000.0,45623000.0,36,6107000.0,23984000.0,2,1419400.0,S1,renovasi,milik,kontrak,yes
50,4196000.0,949000.0,13340000.0,24,2845000.0,6227000.0,2,622500.0,SMA,konsumtif,sewa,tetap,no
26,8517000.0,14109000.0,35497000.0,12,7163000.0,13256000.0,1,3313100.0,D3,modal_usaha,keluarga,tetap,yes
49,15572000.0,12584000.0,62896000.0,48,3949000.0,35072000.0,2,1467600.0,S2,kendaraan,milik,tetap,no
53,,6148000.0,8835000.0,24,4501000.0,11275000.0,0,412300.0,D3,pendidikan,milik,kontrak,no
50,22187000.0,33649000.0,63028000.0,60,5009000.0,18093000.0,1,1176500.0,S1,kendaraan,keluarga,tetap,no
34,3171000.0,2335000.0,9257000.0,12,1278000.0,5647000.0,0,864000.0,SMA,renovasi,sewa,wiraswasta,no
21,9997000.0,12846000.0,54339000.0,36,3932000.0,19607000.0,2,1690500.0,SMA,modal_usaha,sewa,wiraswasta,no
60,9530000.0,21744000.0,51167000.0,36,7910000.0,16973000.0,2,1591900.0,SMA,renovasi,sewa,wiraswasta,yes
35,10994000.0,30244000.0,8982000.0,24,6439000.0,19873000.0,0,419200.0,S1,modal_usaha,milik,tetap,no
56,11643000.0,18788000.0,59943000.0,36,12688000.0,26367000.0,1,1864900.0,S1,renovasi,keluarga,wiraswasta,no
29,2602000.0,3961000.0,10055000.0,24,3185000.0,6923000.0,0,469200.0,SMA,modal_usaha,sewa,wiraswasta,yes
28,5082000.0,5082000.0,2995000.0,24,4125000.0,8152000.0,0,139800.0,SMA,pendidikan,sewa,kontrak,no
55,10228000.0,8291000.0,26583000.0,48,9149000.0,25961000.0,1,620300.0,SMA,konsumtif,sewa,kontrak,yes
62,21006000.0,14636000.0,113107000.0,60,8480000.0,19702000.0,2,2111300.0,S1,modal_usaha,sewa,tetap,no
58,13189000.0,6687000.0,32581000.0,24,11985000.0,24486000.0,4,1520400.0,S1,renovasi,sewa,tetap,no
54,5002000.0,5159000.0,21111000.0,36,3670000.0,8141000.0,0,656800.0,S1,renovasi,milik,kontrak,yes
31,5522000.0,2322000.0,19941000.0,24,5452000.0,10078000.0,1,930600.0,S2,modal_usaha,milik,wiraswasta,no
61,24678000.0,28720000.0,92400000.0,12,8087000.0,24709000.0,3,8624000.0,SMA,renovasi,sewa,kontrak,yes
50,7636000.0,9305000.0,24011000.0,12,3455000.0,8441000.0,1,2241000.0,S1,kendaraan,milik,tetap,yes
28,15969000.0,8940000.0,50348000.0,36,595000.0,23086000.0,1,1566400.0,S1,modal_usaha,keluarga,wiraswasta,no
26,3429000.0,2853000.0,18738000.0,48,982000.0,4807000.0,1,437200.0,SMA,modal_usaha,sewa,tetap,no
59,16851000.0,11627000.0,46778000.0,36,5263000.0,27757000.0,0,1455300.0,S2,konsumtif,sewa,tetap,no
33,7845000.0,11012000.0,12181000.0,60,6921000.0,14168000.0,1,227400.0,SMA,pendidikan,milik,tetap,yes
54,9276000.0,17361000.0,26052000.0,48,5356000.0,11934000.0,4,607900.0,S1,renovasi,milik,wiraswasta,no
27,16894000.0,14015000.0,76547000.0,24,22301000.0,36530000.0,2,3572200.0,S1,modal_usaha,keluarga,wiraswasta,yes
33,11853000.0,12629000.0,36908000.0,24,9333000.0,19283000.0,3,1722400.0,S2,konsumtif,milik,tetap,no
33,9078000.0,12997000.0,41092000.0,36,3426000.0,8463000.0,2,1278400.0,D3,konsumtif,sewa,tetap,no
33,5249000.0,1566000.0,9547000.0,24,3040000.0,7013000.0,2,445500.0,SMA,kendaraan,milik,kontrak,no
50,16792000.0,28128000.0,62217000.0,12,12492000.0,34127000.0,1,5806900.0,S1,modal_usaha,keluarga,wiraswasta,yes
61,30968000.0,14702000.0,162699000.0,12,15093000.0,66121000.0,0,15185200.0,S1,kendaraan,sewa,tetap,no
61,11512000.0,3193000.0,39269000.0,36,3413000.0,29462000.0,0,1221700.0,D3,renovasi,keluarga,tetap,no
53,28699000.0,30589000.0,114868000.0,36,14477000.0,38458000.0,0,3573700.0,S1,modal_usaha,keluarga,tetap,no
29,4184000.0,9364000.0,17713000.0,36,5715000.0,8522000.0,1,551100.0,SMA,modal_usaha,milik,kontrak,yes
63,22250000.0,23057000.0,101643000.0,48,21318000.0,41105000.0,2,2371700.0,S1,modal_usaha,sewa,tetap,no
44,13966000.0,12247000.0,33890000.0,60,16330000.0,37244000.0,2,632600.0,S1,modal_usaha,milik,tetap,no
45,4543000.0,9712000.0,17934000.0,48,8013000.0,10930000.0,3,418500.0,SMA,pendidikan,sewa,tetap,no
51,11231000.0,8415000.0,31322000.0,24,5483000.0,12246000.0,2,1461700.0,D3,kendaraan,milik,tetap,no
54,,11818000.0,44456000.0,36,16337000.0,48801000.0,0,1383100.0,S2,konsumtif,milik,kontrak,no
62,10555000.0,4982000.0,32864000.0,24,9914000.0,16692000.0,0,1533700.0,S1,konsumtif,sewa,tetap,yes
46,13648000.0,21736000.0,37436000.0,60,12774000.0,39581000.0,2,698800.0,S1,kendaraan,milik,kontrak,no
47,10138000.0,23068000.0,6511000.0,36,3151000.0,14472000.0,2,202600.0,D3,modal_usaha,milik,tetap,no
53,15892000.0,47098000.0,72801000.0,24,9251000.0,29109000.0,0,3397400.0,S2,renovasi,sewa,wiraswasta,yes
32,5639000.0,6958000.0,20942000.0,48,2284000.0,11340000.0,1,488600.0,SMA,modal_usaha,milik,tetap,no
34,,3820000.0,9066000.0,36,3399000.0,6780000.0,1,282100.0,D3,pendidikan,keluarga,wiraswasta,no
48,8191000.0,10871000.0,15868000.0,60,2469000.0,19449000.0,0,296200.0,D3,modal_usaha,milik,kontrak,no
23,8178000.0,5621000.0,31573000.0,12,4231000.0,8426000.0,0,2946800.0,S1,kendaraan,milik,tetap,no
35,8888000.0,21220000.0,29767000.0,24,5519000.0,10320000.0,1,1389100.0,S2,modal_usaha,milik,wiraswasta,no
52,42779000.0,40110000.0,191599000.0,60,29496000.0,61539000.0,1,3576500.0,S1,kendaraan,keluarga,tetap,no
63,8367000.0,8846000.0,26697000.0,36,14706000.0,24378000.0,0,830600.0,S1,kendaraan,sewa,tetap,no
43,6789000.0,12626000.0,34933000.0,24,9888000.0,19965000.0,2,1630200.0,D3,renovasi,milik,tetap,no
38,6430000.0,7262000.0,5954000.0,36,1722000.0,12066000.0,4,185200.0,D3,konsumtif,milik,tetap,no
40,20962000.0,49216000.0,81176000.0,36,27317000.0,41364000.0,0,2525500.0,D3,modal_usaha,sewa,wiraswasta,no
51,,5044000.0,11497000.0,12,1760000.0,5723000.0,1,1073100.0,SMA,modal_usaha,keluarga,tetap,yes
44,10893000.0,25235000.0,23830000.0,24,12107000.0,18733000.0,2,1112100.0,D3,pendidikan,milik,tetap,yes
22,8434000.0,12430000.0,47990000.0,24,10417000.0,25013000.0,3,2239500.0,S1,renovasi,keluarga,kontrak,no
44,13022000.0,21551000.0,68378000.0,24,25514000.0,33073000.0,2,3191000.0,S1,kendaraan,sewa,wiraswasta,yes
38,17546000.0,53857000.0,26502000.0,24,19365000.0,40957000.0,2,1236800.0,S1,pendidikan,sewa,wiraswasta,no
51,,5758000.0,14384000.0,24,9049000.0,24903000.0,2,671300.0,D3,modal_usaha,milik,kontrak,no
59,9617000.0,5855000.0,50681000.0,48,3949000.0,23838000.0,1,1182600.0,D3,pendidikan,milik,tetap,no
63,11087000.0,10783000.0,15867000.0,36,4583000.0,32445000.0,2,493600.0,SMA,konsumtif,milik,tetap,no
47,4103000.0,6259000.0,22999000.0,36,8580000.0,12200000.0,0,715500.0,D3,modal_usaha,sewa,wiraswasta,no
36,8142000.0,12336000.0,16490000.0,24,8038000.0,17257000.0,2,769500.0,D3,modal_usaha,milik,wiraswasta,no
40,4698000.0,1076000.0,12986000.0,36,1667000.0,5420000.0,3,404000.0,SMA,konsumtif,milik,tetap,no
28,4976000.0,3220000.0,3719000.0,24,3811000.0,14535000.0,0,173600.0,SMA,konsumtif,milik,wiraswasta,no
62,,10147000.0,25087000.0,60,10726000.0,14451000.0,2,468300.0,S1,konsumtif,keluarga,tetap,no
58,13883000.0,25233000.0,21353000.0,24,6899000.0,12277000.0,0,996500.0,D3,modal_usaha,milik,tetap,no
58,5393000.0,9799000.0,15483000.0,48,3141000.0,5281000.0,2,361300.0,D3,kendaraan,milik,tetap,no
35,6561000.0,4908000.0,36458000.0,36,2042000.0,13581000.0,2,1134200.0,SMA,modal_usaha,milik,wiraswasta,no
35,4404000.0,1387000.0,8320000.0,48,1978000.0,11616000.0,2,194100.0,D3,pendidikan,milik,tetap,no
58,7894000.0,11403000.0,31513000.0,48,1897000.0,22666000.0,2,735300.0,D3,modal_usaha,sewa,tetap,no
44,15122000.0,10890000.0,24361000.0,48,25417000.0,43517000.0,0,568400.0,D3,renovasi,sewa,wiraswasta,no
52,16862000.0,28548000.0,64989000.0,36,22295000.0,34954000.0,1,2021900.0,S1,konsumtif,sewa,tetap,no
42,11677000.0,3474000.0,24409000.0,24,16637000.0,34553000.0,1,1139100.0,SMA,modal_usaha,sewa,kontrak,no
40,26216000.0,71166000.0,111381000.0,36,7861000.0,29601000.0,2,3465200.0,S2,modal_usaha,milik,wiraswasta,yes
48,5478000.0,2121000.0,25957000.0,12,3469000.0,5523000.0,1,2422700.0,SMA,pendidikan,milik,tetap,no
56,21912000.0,18646000.0,117092000.0,24,3355000.0,18989000.0,2,5464300.0,D3,kendaraan,sewa,kontrak,no
35,3174000.0,1587000.0,17623000.0,48,2708000.0,7945000.0,0,411200.0,SMA,renovasi,milik,tetap,no
56,,29907000.0,28531000.0,36,25656000.0,43980000.0,0,887600.0,D3,kendaraan,milik,wiraswasta,no
31,4574000.0,5701000.0,5532000.0,24,6780000.0,12110000.0,2,258200.0,SMA,konsumtif,milik,tetap,no
38,6618000.0,5548000.0,5075000.0,48,5269000.0,18975000.0,1,118400.0,S1,kendaraan,milik,tetap,no
61,16103000.0,19197000.0,71851000.0,12,3932000.0,32299000.0,1,6706100.0,D3,renovasi,milik,wiraswasta,no
62,23706000.0,23775000.0,36221000.0,48,26662000.0,58760000.0,4,845200.0,S1,pendidikan,keluarga,wiraswasta,no
61,14796000.0,14141000.0,72514000.0,48,9633000.0,22797000.0,1,1692000.0,SMA,renovasi,milik,tetap,no
34,6640000.0,4370000.0,38555000.0,12,5396000.0,16510000.0,1,3598500.0,SMA,modal_usaha,keluarga,tetap,yes
58,12279000.0,24624000.0,16132000.0,12,5339000.0,30166000.0,1,1505700.0,D3,modal_usaha,milik,kontrak,no
62,15762000.0,5097000.0,32443000.0,60,8392000.0,27715000.0,1,605600.0,D3,renovasi,milik,tetap,no
64,14779000.0,18611000.0,49988000.0,12,4830000.0,13246000.0,1,4665500.0,D3,renovasi,sewa,tetap,no
21,11776000.0,4994000.0,33774000.0,60,6647000.0,16319000.0,4,630400.0,S2,modal_usaha,milik,tetap,no
53,14444000.0,46772000.0,41060000.0,36,28655000.0,39684000.0,1,1277400.0,S1,renovasi,keluarga,tetap,no
64,29246000.0,32799000.0,49545000.0,24,28739000.0,61182000.0,2,2312100.0,S2,konsumtif,sewa,tetap,no
54,4155000.0,6720000.0,22398000.0,36,580000.0,7027000.0,2,696800.0,SMA,modal_usaha,keluarga,wiraswasta,yes
31,8360000.0,2703000.0,35519000.0,36,12186000.0,24112000.0,1,1105000.0,S1,konsumtif,milik,tetap,no
54,,2351000.0,9690000.0,24,5261000.0,11561000.0,2,452200.0,S1,modal_usaha,milik,kontrak,no
25,9016000.0,13719000.0,4728000.0,36,1574000.0,13720000.0,2,147100.0,S1,renovasi,keluarga,tetap,no
42,,18588000.0,132397000.0,24,25227000.0,70364000.0,1,6178500.0,S2,konsumtif,milik,kontrak,no
48,9729000.0,17291000.0,5713000.0,12,3108000.0,15388000.0,2,533200.0,S1,modal_usaha,milik,tetap,no
41,11243000.0,11245000.0,60063000.0,48,9571000.0,20032000.0,1,1401500.0,S1,pendidikan,sewa,tetap,no
51,17866000.0,7631000.0,60956000.0,36,22530000.0,42689000.0,1,1896400.0,S1,kendaraan,milik,kontrak,no
31,2252000.0,4089000.0,12646000.0,36,723000.0,3933000.0,1,393400.0,SMA,pendidikan,sewa,tetap,yes
47,9352000.0,18910000.0,44377000.0,36,9954000.0,14112000.0,0,1380600.0,S1,modal_usaha,keluarga,tetap,no
49,,19005000.0,62827000.0,36,3595000.0,9668000.0,0,1954600.0,D3,pendidikan,sewa,tetap,no
48,4075000.0,7500000.0,18708000.0,24,3623000.0,10975000.0,1,873000.0,S2,modal_usaha,milik,wiraswasta,no
33,5923000.0,4337000.0,21746000.0,60,1622000.0,11602000.0,1,405900.0,S1,renovasi,keluarga,wiraswasta,no
34,9893000.0,5196000.0,14363000.0,36,5730000.0,26443000.0,0,446800.0,SMA,modal_usaha,keluarga,kontrak,no
32,9132000.0,5523000.0,41113000.0,60,4936000.0,19718000.0,1,767400.0,SMA,kendaraan,sewa,tetap,no
41,8092000.0,7242000.0,30407000.0,48,83000.0,10046000.0,1,709500.0,SMA,kendaraan,sewa,tetap,no
46,13867000.0,33509000.0,41610000.0,48,11406000.0,22173000.0,2,970900.0,D3,modal_usaha,sewa,tetap,yes
36,6885000.0,8414000.0,24595000.0,36,1389000.0,11828000.0,2,765200.0,SMA,pendidikan,milik,kontrak,no
39,13150000.0,21224000.0,23373000.0,12,6130000.0,31920000.0,0,2181500.0,S1,kendaraan,milik,tetap,no
33,7976000.0,12564000.0,21729000.0,24,9824000.0,16000000.0,0,1014000.0,S1,renovasi,milik,tetap,no
30,,2832000.0,10856000.0,36,11388000.0,20190000.0,1,337700.0,S1,konsumtif,milik,tetap,no
49,5941000.0,8415000.0,16360000.0,24,639000.0,14596000.0,1,763500.0,SMA,modal_usaha,milik,wiraswasta,no
56,19709000.0,4229000.0,60470000.0,12,15117000.0,27642000.0,0,5643900.0,D3,modal_usaha,milik,tetap,no
33,11742000.0,15929000.0,61267000.0,36,5461000.0,32178000.0,1,1906100.0,SMA,modal_usaha,milik,tetap,no
58,26828000.0,43241000.0,91201000.0,24,24144000.0,48216000.0,0,4256000.0,S1,konsumtif,milik,kontrak,no
46,6227000.0,4846000.0,34241000.0,24,2819000.0,14039000.0,3,1597900.0,SMA,pendidikan,sewa,tetap,yes
28,3523000.0,816000.0,20516000.0,36,1025000.0,4510000.0,1,638300.0,SMA,modal_usaha,milik,wiraswasta,no
37,11304000.0,8604000.0,8698000.0,12,5264000.0,14847000.0,2,811800.0,SMA,renovasi,keluarga,tetap,no
21,9462000.0,16325000.0,35807000.0,12,7971000.0,22869000.0,0,3342000.0,S1,renovasi,sewa,kontrak,yes
22,5631000.0,4550000.0,12083000.0,24,2061000.0,8846000.0,2,563900.0,SMA,konsumtif,keluarga,wiraswasta,no
35,7166000.0,380000.0,37136000.0,36,9136000.0,19542000.0,1,1155300.0,S1,renovasi,milik,wiraswasta,no
40,12630000.0,16169000.0,40636000.0,60,10552000.0,28575000.0,0,758500.0,S1,modal_usaha,milik,wiraswasta,no
56,8534000.0,16042000.0,7932000.0,24,11863000.0,19320000.0,0,370200.0,S1,modal_usaha,sewa,tetap,no
26,6944000.0,3216000.0,11684000.0,48,6441000.0,11364000.0,1,272600.0,SMA,pendidikan,sewa,wiraswasta,no
57,16962000.0,34267000.0,71349000.0,24,2698000.0,47254000.0,5,3329600.0,SMA,modal_usaha,milik,tetap,yes
31,14827000.0,13374000.0,13906000.0,36,24804000.0,42675000.0,2,432600.0,D3,konsumtif,keluarga,wiraswasta,no
27,7311000.0,17438000.0,18898000.0,12,258000.0,9998000.0,1,1763800.0,SMA,konsumtif,sewa,kontrak,yes
51,6825000.0,12645000.0,36131000.0,48,5738000.0,13186000.0,2,843100.0,S1,pendidikan,keluarga,tetap,no
55,11981000.0,20224000.0,7915000.0,48,24428000.0,33490000.0,1,184700.0,D3,kendaraan,sewa,tetap,no
47,24862000.0,28233000.0,107630000.0,36,25071000.0,25429000.0,3,3348500.0,D3,modal_usaha,sewa,wiraswasta,no
26,3531000.0,4202000.0,14884000.0,12,1678000.0,5136000.0,1,1389200.0,SMA,modal_usaha,milik,kontrak,yes
26,7892000.0,11700000.0,17868000.0,48,6437000.0,22885000.0,1,416900.0,S1,modal_usaha,milik,wiraswasta,no
38,12238000.0,14607000.0,13706000.0,24,16284000.0,22848000.0,1,639600.0,SMA,pendidikan,milik,wiraswasta,yes
40,13766000.0,8961000.0,14637000.0,36,3230000.0,39830000.0,1,455400.0,S1,modal_usaha,milik,tetap,no
64,31581000.0,57365000.0,184141000.0,48,21866000.0,51678000.0,1,4296600.0,SMA,kendaraan,keluarga,tetap,no
33,8238000.0,16853000.0,34789000.0,36,8437000.0,16151000.0,2,1082300.0,S2,kendaraan,milik,wiraswasta,no
29,5480000.0,1335000.0,14072000.0,48,6512000.0,9859000.0,2,328300.0,S1,konsumtif,keluarga,kontrak,no
62,17311000.0,22304000.0,88018000.0,48,16862000.0,31261000.0,1,2053800.0,SMA,kendaraan,keluarga,kontrak,no
27,3103000.0,5921000.0,3315000.0,48,3527000.0,8747000.0,1,77400.0,SMA,pendidikan,milik,,no
22,4446000.0,7091000.0,5327000.0,24,4622000.0,10351000.0,2,248600.0,SMA,renovasi,milik,tetap,yes
39,6404000.0,8538000.0,10161000.0,24,7527000.0,18447000.0,1,474200.0,SMA,konsumtif,keluarga,tetap,no
38,10326000.0,15650000.0,48528000.0,36,7472000.0,15747000.0,1,1509800.0,SMA,modal_usaha,sewa,tetap,no
48,15878000.0,10210000.0,43647000.0,36,23808000.0,47421000.0,3,1357900.0,S1,modal_usaha,keluarga,tetap,no
59,18032000.0,59251000.0,72744000.0,36,9911000.0,42499000.0,4,2263100.0,S1,pendidikan,sewa,wiraswasta,yes
62,8326000.0,3449000.0,14808000.0,36,1427000.0,9066000.0,1,460700.0,SMA,konsumtif,milik,wiraswasta,no
33,15883000.0,11488000.0,75844000.0,48,15298000.0,27136000.0,1,1769700.0,S1,modal_usaha,sewa,wiraswasta,no
64,,97177000.0,310818000.0,24,34145000.0,85288000.0,1,14504800.0,SMA,konsumtif,milik,tetap,no
48,20482000.0,23942000.0,56795000.0,24,14114000.0,26995000.0,0,2650400.0,S2,renovasi,sewa,kontrak,no
24,5266000.0,14651000.0,8694000.0,60,6183000.0,14982000.0,2,162300.0,SMA,pendidikan,milik,tetap,no
62,8640000.0,5705000.0,34260000.0,24,10328000.0,25159000.0,2,1598800.0,S1,kendaraan,sewa,tetap,no
27,6194000.0,4574000.0,11823000.0,12,1220000.0,5148000.0,2,1103500.0,S1,pendidikan,keluarga,tetap,no
46,,3554000.0,8941000.0,48,1830000.0,7501000.0,1,208600.0,SMA,konsumtif,milik,kontrak,no
55,6917000.0,16294000.0,26886000.0,24,7316000.0,9762000.0,4,1254700.0,SMA,renovasi,milik,tetap,yes
31,7066000.0,3999000.0,23466000.0,36,10270000.0,18831000.0,2,730100.0,D3,kendaraan,sewa,kontrak,no
32,20098000.0,44597000.0,96652000.0,48,30251000.0,43099000.0,2,2255200.0,S1,pendidikan,milik,wiraswasta,yes
41,14935000.0,25930000.0,31479000.0,36,7090000.0,30526000.0,1,979300.0,D3,kendaraan,milik,tetap,no
59,13667000.0,13144000.0,23769000.0,60,6311000.0,28922000.0,3,443700.0,S1,konsumtif,milik,tetap,no
30,5057000.0,4492000.0,20344000.0,48,5134000.0,14621000.0,0,474700.0,S1,renovasi,milik,wiraswasta,no
50,22790000.0,27285000.0,99269000.0,36,8772000.0,32060000.0,0,3088400.0,S1,modal_usaha,milik,kontrak,no
40,8186000.0,13505000.0,22704000.0,60,3308000.0,8770000.0,3,423800.0,D3,kendaraan,milik,tetap,no
25,2938000.0,6107000.0,8617000.0,24,4432000.0,6279000.0,0,402100.0,D3,modal_usaha,keluarga,kontrak,yes
52,17834000.0,35670000.0,21035000.0,24,14244000.0,52281000.0,2,981600.0,S1,renovasi,milik,tetap,no
57,14470000.0,10316000.0,44594000.0,36,11924000.0,34178000.0,1,1387400.0,SMA,pendidikan,milik,wiraswasta,no
46,3899000.0,10241000.0,22565000.0,36,5909000.0,10772000.0,0,702000.0,S1,modal_usaha,milik,wiraswasta,no
28,3734000.0,3568000.0,4202000.0,24,5467000.0,10349000.0,1,196100.0,SMA,konsumtif,milik,tetap,no
27,5057000.0,10200000.0,18326000.0,24,4727000.0,6485000.0,2,855200.0,SMA,renovasi,sewa,wiraswasta,no
39,14254000.0,13949000.0,8569000.0,24,16846000.0,32903000.0,1,399900.0,S1,renovasi,sewa,kontrak,no
43,5620000.0,9834000.0,12867000.0,24,4147000.0,15156000.0,2,600500.0,SMA,kendaraan,milik,kontrak,no
45,5053000.0,12884000.0,23680000.0,24,1978000.0,5169000.0,0,1105100.0,SMA,modal_usaha,sewa,tetap,yes
31,7923000.0,12804000.0,28676000.0,60,4459000.0,17694000.0,0,535300.0,SMA,kendaraan,milik,tetap,no
43,7155000.0,19813000.0,6770000.0,48,4054000.0,10006000.0,0,158000.0,D3,modal_usaha,sewa,tetap,yes
33,11733000.0,4358000.0,35024000.0,36,11825000.0,30596000.0,1,1089600.0,S1,kendaraan,milik,,no
51,4964000.0,4994000.0,4641000.0,36,1434000.0,6409000.0,0,144400.0,SMA,renovasi,keluarga,tetap,no
56,4874000.0,4202000.0,12450000.0,12,2433000.0,7903000.0,1,1162000.0,SMA,kendaraan,milik,kontrak,no
49,13823000.0,30538000.0,65372000.0,36,5704000.0,31639000.0,1,2033800.0,D3,modal_usaha,milik,wiraswasta,no
21,10341000.0,15973000.0,19859000.0,36,8078000.0,20918000.0,3,617800.0,S2,konsumtif,milik,wiraswasta,no
64,15668000.0,13874000.0,46904000.0,48,11581000.0,16670000.0,0,1094400.0,SMA,renovasi,milik,wiraswasta,no
22,7395000.0,7553000.0,24048000.0,24,3858000.0,9581000.0,2,1122200.0,S2,renovasi,sewa,wiraswasta,no
64,11231000.0,34444000.0,58323000.0,60,18940000.0,30872000.0,1,1088700.0,S1,modal_usaha,sewa,kontrak,yes
22,8960000.0,7975000.0,10468000.0,48,17154000.0,26659000.0,0,244300.0,SMA,modal_usaha,sewa,,no
43,5546000.0,6608000.0,19562000.0,12,4574000.0,12904000.0,3,1825800.0,S1,modal_usaha,milik,tetap,yes
25,13980000.0,4451000.0,9357000.0,60,4168000.0,11484000.0,1,174700.0,S1,modal_usaha,milik,tetap,no
25,11573000.0,26797000.0,11728000.0,24,9892000.0,28186000.0,1,547300.0,D3,pendidikan,milik,tetap,yes
51,15022000.0,20474000.0,25747000.0,60,4057000.0,33262000.0,0,480600.0,D3,kendaraan,keluarga,kontrak,no
53,9669000.0,9019000.0,43109000.0,36,3752000.0,16495000.0,6,1341200.0,S1,modal_usaha,milik,kontrak,yes
26,5613000.0,4163000.0,4076000.0,36,3703000.0,7306000.0,0,126800.0,S1,modal_usaha,keluarga,wiraswasta,no
63,,17227000.0,81782000.0,36,3595000.0,16715000.0,0,2544300.0,S1,modal_usaha,keluarga,tetap,no
35,6631000.0,9722000.0,18913000.0,36,2472000.0,6523000.0,2,588400.0,S2,renovasi,milik,wiraswasta,no
35,4962000.0,550000.0,25369000.0,48,5035000.0,10948000.0,2,591900.0,D3,modal_usaha,keluarga,wiraswasta,no
34,12511000.0,11886000.0,21523000.0,48,9753000.0,19292000.0,2,502200.0,S1,modal_usaha,sewa,,no
41,14221000.0,22022000.0,33533000.0,36,15533000.0,27583000.0,0,1043200.0,S1,renovasi,milik,tetap,no
28,3374000.0,5047000.0,15178000.0,48,2469000.0,6598000.0,2,354200.0,SMA,pendidikan,sewa,kontrak,no
39,8942000.0,13975000.0,23120000.0,36,10132000.0,19101000.0,0,719300.0,SMA,modal_usaha,milik,kontrak,no
30,8576000.0,17700000.0,28225000.0,36,3234000.0,18078000.0,1,878100.0,D3,kendaraan,milik,wiraswasta,no
23,15149000.0,18738000.0,75001000.0,24,4648000.0,29419000.0,3,3500000.0,S1,pendidikan,milik,kontrak,no
37,8220000.0,2203000.0,33546000.0,48,2612000.0,9381000.0,2,782700.0,SMA,kendaraan,sewa,wiraswasta,no
50,20103000.0,37786000.0,102471000.0,36,8784000.0,17278000.0,2,3188000.0,S1,renovasi,milik,tetap,no
54,10710000.0,6093000.0,10449000.0,36,10928000.0,22144000.0,1,325100.0,SMA,renovasi,keluarga,tetap,no
36,,19371000.0,46529000.0,36,6045000.0,20951000.0,1,1447600.0,D3,konsumtif,keluarga,wiraswasta,no
35,5340000.0,3027000.0,20327000.0,48,4420000.0,9090000.0,1,474300.0,S1,pendidikan,sewa,wiraswasta,no
55,8329000.0,11332000.0,31975000.0,24,6933000.0,14544000.0,2,1492200.0,SMA,modal_usaha,sewa,tetap,no
50,12267000.0,13453000.0,45860000.0,24,7266000.0,12878000.0,1,2140100.0,S1,kendaraan,keluarga,tetap,no
57,8173000.0,18507000.0,36624000.0,24,1746000.0,9762000.0,1,1709100.0,SMA,kendaraan,milik,kontrak,yes
60,,22183000.0,116949000.0,12,8550000.0,51325000.0,3,10915200.0,S2,konsumtif,keluarga,wiraswasta,yes
57,12133000.0,19504000.0,21388000.0,24,4825000.0,23421000.0,1,998100.0,SMA,pendidikan,milik,kontrak,no
62,,68709000.0,24765000.0,48,8181000.0,49324000.0,0,577800.0,S2,pendidikan,keluarga,tetap,no
39,9458000.0,17446000.0,8577000.0,24,2992000.0,10258000.0,3,400300.0,S1,renovasi,milik,tetap,no
38,4653000.0,3229000.0,6381000.0,48,1775000.0,12056000.0,2,148900.0,SMA,pendidikan,sewa,tetap,no
35,10057000.0,5351000.0,41312000.0,60,10014000.0,16290000.0,1,771200.0,SMA,modal_usaha,keluarga,tetap,no
31,6685000.0,6667000.0,18656000.0,24,5050000.0,14364000.0,3,870600.0,SMA,kendaraan,sewa,kontrak,no
53,8332000.0,20339000.0,20182000.0,36,10023000.0,15201000.0,1,627900.0,S1,kendaraan,milik,tetap,no
52,,5957000.0,65297000.0,12,5861000.0,21711000.0,0,6094400.0,S1,kendaraan,milik,kontrak,yes
56,5094000.0,4230000.0,27767000.0,36,8978000.0,12801000.0,2,863900.0,D3,kendaraan,sewa,wiraswasta,no
28,6851000.0,12751000.0,23731000.0,36,4353000.0,7144000.0,1,738300.0,D3,modal_usaha,milik,wiraswasta,yes
42,9887000.0,7236000.0,29876000.0,36,1340000.0,9536000.0,2,929500.0,S1,modal_usaha,keluarga,wiraswasta,no
30,5398000.0,6143000.0,10728000.0,48,3048000.0,5519000.0,2,250300.0,D3,pendidikan,sewa,tetap,no
60,30495000.0,19036000.0,92383000.0,48,62828000.0,91170000.0,0,2155600.0,S1,pendidikan,milik,tetap,no
32,4307000.0,11759000.0,11888000.0,36,10357000.0,12231000.0,3,369800.0,D3,konsumtif,milik,tetap,yes
27,11340000.0,27916000.0,6104000.0,48,4565000.0,26549000.0,1,142400.0,S1,kendaraan,milik,wiraswasta,no
46,38726000.0,57156000.0,180935000.0,60,11446000.0,69110000.0,3,3377500.0,S2,renovasi,keluarga,tetap,no
59,19130000.0,11375000.0,55709000.0,36,7935000.0,18884000.0,0,1733200.0,D3,pendidikan,sewa,wiraswasta,no
61,9663000.0,22743000.0,16675000.0,12,13617000.0,25181000.0,1,1556300.0,SMA,pendidikan,sewa,kontrak,no
25,3078000.0,548000.0,12818000.0,48,2117000.0,3745000.0,3,299100.0,SMA,kendaraan,keluarga,wiraswasta,no
35,5163000.0,2372000.0,15294000.0,48,815000.0,7230000.0,2,356900.0,S1,kendaraan,milik,kontrak,no
27,4416000.0,5006000.0,9828000.0,36,1572000.0,11701000.0,1,305800.0,SMA,pendidikan,milik,wiraswasta,no
34,8562000.0,5437000.0,15150000.0,48,2115000.0,11697000.0,2,353500.0,S2,konsumtif,milik,wiraswasta,no
44,8107000.0,16556000.0,6691000.0,24,1630000.0,21549000.0,3,312200.0,S1,renovasi,milik,tetap,no
33,6370000.0,1554000.0,20808000.0,36,1255000.0,16110000.0,1,647400.0,D3,kendaraan,milik,kontrak,no
23,7334000.0,3614000.0,18811000.0,48,5088000.0,19377000.0,2,438900.0,S1,modal_usaha,milik,wiraswasta,no
43,,12587000.0,6365000.0,48,8888000.0,20135000.0,0,148500.0,SMA,kendaraan,sewa,wiraswasta,no
23,4399000.0,3380000.0,21855000.0,12,2470000.0,6927000.0,1,2039800.0,S1,renovasi,milik,wiraswasta,no
30,4127000.0,935000.0,20410000.0,12,2456000.0,9232000.0,1,1904900.0,SMA,kendaraan,sewa,wiraswasta,yes
21,6894000.0,10160000.0,22027000.0,24,1331000.0,18090000.0,2,1027900.0,S1,kendaraan,milik,kontrak,no
24,8922000.0,5319000.0,45627000.0,24,13631000.0,21848000.0,1,2129300.0,S2,renovasi,sewa,kontrak,no
40,23828000.0,50127000.0,74952000.0,48,41102000.0,64251000.0,0,1748900.0,S1,modal_usaha,sewa,tetap,no
58,16007000.0,29686000.0,22873000.0,12,9895000.0,47441000.0,2,2134800.0,S1,kendaraan,milik,tetap,no
55,5304000.0,4885000.0,17751000.0,48,7627000.0,12296000.0,1,414200.0,D3,renovasi,sewa,tetap,no
25,9609000.0,10618000.0,21324000.0,36,19514000.0,27308000.0,2,663400.0,S1,renovasi,sewa,tetap,no
22,9641000.0,10540000.0,28807000.0,36,7471000.0,13477000.0,2,896200.0,S1,pendidikan,milik,tetap,no
35,,15058000.0,52601000.0,36,11050000.0,26501000.0,1,1636500.0,S1,kendaraan,milik,tetap,yes
49,4574000.0,8065000.0,11231000.0,48,6322000.0,12820000.0,0,262100.0,SMA,modal_usaha,milik,tetap,yes
53,18720000.0,26334000.0,31588000.0,36,2831000.0,16675000.0,0,982700.0,SMA,pendidikan,keluarga,wiraswasta,no
57,8750000.0,8768000.0,10562000.0,24,4305000.0,18366000.0,2,492900.0,S1,kendaraan,milik,wiraswasta,no
36,8413000.0,18383000.0,45107000.0,36,3579000.0,16040000.0,3,1403300.0,SMA,renovasi,sewa,kontrak,no
28,9194000.0,19209000.0,5352000.0,36,18409000.0,23852000.0,1,166500.0,S1,renovasi,sewa,kontrak,no
22,9883000.0,17044000.0,54268000.0,24,2249000.0,10653000.0,3,2532500.0,S1,pendidikan,milik,wiraswasta,yes
27,22166000.0,3695000.0,18614000.0,60,36478000.0,43463000.0,1,347500.0,S2,modal_usaha,milik,tetap,no
23,6368000.0,8502000.0,29545000.0,48,8648000.0,12117000.0,0,689400.0,SMA,konsumtif,milik,kontrak,no
58,,11936000.0,29552000.0,24,14499000.0,23336000.0,1,1379100.0,S2,modal_usaha,milik,wiraswasta,no
32,9566000.0,10891000.0,17931000.0,48,19979000.0,28533000.0,0,418400.0,SMA,kendaraan,milik,wiraswasta,no
57,8555000.0,4286000.0,12744000.0,24,8546000.0,16999000.0,1,594700.0,D3,kendaraan,sewa,wiraswasta,no
45,12281000.0,26345000.0,15226000.0,36,4665000.0,20990000.0,1,473700.0,S1,kendaraan,sewa,tetap,no
44,4033000.0,1334000.0,3486000.0,24,1083000.0,10825000.0,3,162700.0,SMA,kendaraan,milik,wiraswasta,no
41,4295000.0,3809000.0,5810000.0,12,1263000.0,4750000.0,2,542300.0,SMA,pendidikan,milik,tetap,no
57,9334000.0,5173000.0,34878000.0,24,1975000.0,13372000.0,1,1627600.0,SMA,konsumtif,sewa,kontrak,no
22,7143000.0,3410000.0,25952000.0,36,7091000.0,10097000.0,0,807400.0,D3,pendidikan,milik,tetap,no
25,3700000.0,8161000.0,7570000.0,24,3307000.0,10560000.0,1,353300.0,S1,konsumtif,sewa,tetap,no
39,8250000.0,13323000.0,34975000.0,12,5953000.0,22578000.0,1,3264300.0,SMA,modal_usaha,milik,kontrak,yes
38,4481000.0,9883000.0,21208000.0,24,2651000.0,9566000.0,0,989700.0,SMA,kendaraan,sewa,kontrak,no
45,20294000.0,10864000.0,119551000.0,24,20789000.0,30506000.0,0,5579000.0,S1,pendidikan,sewa,,yes
53,7244000.0,9316000.0,21143000.0,36,654000.0,13255000.0,0,657800.0,SMA,konsumtif,keluarga,wiraswasta,no
46,7007000.0,14201000.0,17940000.0,24,6727000.0,14410000.0,1,837200.0,S1,renovasi,milik,kontrak,no
32,11642000.0,4317000.0,68134000.0,36,11863000.0,23147000.0,4,2119700.0,S2,kendaraan,milik,tetap,no
35,6310000.0,3063000.0,35852000.0,36,1137000.0,8601000.0,2,1115400.0,S1,pendidikan,sewa,tetap,no
54,23748000.0,26340000.0,132946000.0,24,8782000.0,25816000.0,1,6204100.0,S1,kendaraan,milik,wiraswasta,no
29,6867000.0,7798000.0,26426000.0,48,3327000.0,19206000.0,2,616600.0,D3,kendaraan,milik,wiraswasta,no
43,10280000.0,733000.0,40067000.0,36,7503000.0,22717000.0,3,1246500.0,S1,konsumtif,keluarga,kontrak,no
44,9420000.0,1549000.0,52789000.0,36,6652000.0,10543000.0,0,1642300.0,SMA,renovasi,milik,wiraswasta,no
54,5497000.0,13627000.0,17255000.0,36,5146000.0,16368000.0,3,536800.0,SMA,pendidikan,sewa,kontrak,no
52,7245000.0,1330000.0,12129000.0,24,4834000.0,12351000.0,0,566000.0,S1,konsumtif,milik,kontrak,no
41,8217000.0,4381000.0,48636000.0,36,1029000.0,19824000.0,1,1513100.0,SMA,pendidikan,sewa,wiraswasta,no
34,5707000.0,7935000.0,29285000.0,60,881000.0,6784000.0,2,546700.0,S1,renovasi,milik,tetap,no
37,6022000.0,4940000.0,4868000.0,36,4966000.0,17175000.0,0,151400.0,S1,renovasi,milik,kontrak,no
39,18598000.0,10976000.0,20803000.0,36,1755000.0,18119000.0,4,647200.0,S2,kendaraan,milik,kontrak,no
30,7105000.0,2577000.0,38023000.0,36,7403000.0,20624000.0,1,1182900.0,SMA,konsumtif,milik,tetap,no
48,5497000.0,7723000.0,11851000.0,60,4043000.0,13191000.0,0,221200.0,D3,modal_usaha,sewa,tetap,no
30,6592000.0,19186000.0,28544000.0,24,7040000.0,8569000.0,1,1332100.0,S1,modal_usaha,milik,tetap,yes
49,5258000.0,178000.0,6036000.0,36,956000.0,6299000.0,1,187800.0,SMA,modal_usaha,milik,wiraswasta,no
54,23947000.0,23472000.0,34434000.0,36,21521000.0,63259000.0,3,1071300.0,D3,modal_usaha,milik,tetap,no
63,23717000.0,69472000.0,109348000.0,48,340000.0,21057000.0,1,2551500.0,S1,modal_usaha,milik,tetap,no
26,8357000.0,15836000.0,49190000.0,48,2133000.0,8787000.0,1,1147800.0,S2,kendaraan,milik,wiraswasta,yes
54,17388000.0,17976000.0,56721000.0,48,25336000.0,39650000.0,2,1323500.0,S1,renovasi,sewa,tetap,no
24,2735000.0,1851000.0,2013000.0,48,778000.0,2654000.0,1,47000.0,SMA,renovasi,sewa,kontrak,no
35,5651000.0,7909000.0,10108000.0,36,5301000.0,11250000.0,2,314500.0,D3,konsumtif,milik,wiraswasta,no
28,,2202000.0,14708000.0,24,7128000.0,18170000.0,1,686400.0,S1,konsumtif,sewa,kontrak,no
28,6633000.0,11780000.0,37437000.0,48,1086000.0,5567000.0,4,873500.0,SMA,pendidikan,milik,tetap,no
28,6454000.0,15141000.0,18106000.0,24,3005000.0,10518000.0,2,844900.0,D3,modal_usaha,milik,kontrak,yes
22,5431000.0,14772000.0,31023000.0,12,946000.0,4686000.0,2,2895500.0,SMA,renovasi,milik,tetap,yes
57,9447000.0,6472000.0,49386000.0,12,5263000.0,27653000.0,0,4609400.0,SMA,konsumtif,sewa,kontrak,yes
23,5725000.0,14245000.0,17057000.0,36,897000.0,7292000.0,0,530700.0,D3,konsumtif,milik,kontrak,no
38,5670000.0,14783000.0,3610000.0,36,6812000.0,13139000.0,1,112300.0,SMA,renovasi,milik,wiraswasta,yes
51,10493000.0,18141000.0,61397000.0,36,17014000.0,23948000.0,2,1910100.0,S1,konsumtif,keluarga,wiraswasta,yes
64,,10141000.0,6378000.0,36,19480000.0,28695000.0,2,198400.0,SMA,renovasi,milik,kontrak,no
58,17346000.0,23760000.0,90350000.0,12,4151000.0,26673000.0,1,8432700.0,S1,kendaraan,sewa,wiraswasta,yes
27,5811000.0,3134000.0,16113000.0,24,3669000.0,7006000.0,1,751900.0,SMA,konsumtif,milik,tetap,no
64,9451000.0,11840000.0,20388000.0,48,9580000.0,18591000.0,0,475700.0,S1,modal_usaha,milik,tetap,no
49,5038000.0,2133000.0,13833000.0,48,5929000.0,11726000.0,1,322800.0,SMA,renovasi,sewa,kontrak,no
28,8069000.0,10417000.0,19874000.0,48,9838000.0,19863000.0,2,463700.0,D3,pendidikan,milik,wiraswasta,no
40,13023000.0,9760000.0,55871000.0,12,4655000.0,11820000.0,1,5214600.0,SMA,renovasi,keluarga,tetap,yes
61,10497000.0,9238000.0,38314000.0,60,10309000.0,25779000.0,0,715200.0,SMA,konsumtif,milik,kontrak,yes
38,6708000.0,7708000.0,12832000.0,48,2894000.0,7026000.0,2,299400.0,D3,renovasi,sewa,tetap,no
29,9464000.0,11143000.0,32189000.0,36,3970000.0,18495000.0,1,1001400.0,S1,kendaraan,keluarga,tetap,no
59,10967000.0,13881000.0,29909000.0,36,4250000.0,22174000.0,2,930500.0,S2,modal_usaha,milik,tetap,no
62,17985000.0,17390000.0,100061000.0,24,13666000.0,19415000.0,1,4669500.0,SMA,konsumtif,sewa,tetap,no
63,11050000.0,1757000.0,59759000.0,36,11576000.0,32275000.0,2,1859200.0,SMA,kendaraan,milik,tetap,no
63,11672000.0,14125000.0,45467000.0,48,16070000.0,25721000.0,3,1060900.0,S1,modal_usaha,keluarga,kontrak,no
59,,6111000.0,79120000.0,36,3868000.0,17603000.0,1,2461500.0,S1,modal_usaha,milik,tetap,yes
40,5298000.0,7987000.0,13580000.0,12,3411000.0,4832000.0,2,1267500.0,SMA,modal_usaha,milik,wiraswasta,no
29,15437000.0,16222000.0,15187000.0,36,25894000.0,38670000.0,2,472500.0,S1,pendidikan,keluarga,kontrak,no
48,8824000.0,19422000.0,6725000.0,48,11262000.0,23391000.0,0,156900.0,D3,kendaraan,sewa,tetap,no
30,9341000.0,12758000.0,47489000.0,48,3150000.0,9335000.0,2,1108100.0,S1,kendaraan,sewa,wiraswasta,no
41,11031000.0,24317000.0,28782000.0,36,11071000.0,15072000.0,2,895400.0,D3,pendidikan,milik,tetap,no
49,7051000.0,8125000.0,36887000.0,60,8775000.0,15605000.0,2,688600.0,D3,pendidikan,milik,kontrak,no
62,10888000.0,4959000.0,32915000.0,12,2420000.0,18746000.0,1,3072100.0,SMA,konsumtif,keluarga,tetap,no
33,10402000.0,16274000.0,5840000.0,24,5151000.0,16160000.0,3,272500.0,S1,renovasi,sewa,wiraswasta,no
32,2890000.0,7419000.0,9848000.0,24,1361000.0,5011000.0,0,459600.0,SMA,kendaraan,sewa,tetap,yes
53,,36464000.0,55660000.0,48,8954000.0,28224000.0,0,1298700.0,S1,modal_usaha,keluarga,tetap,no
21,7256000.0,16825000.0,21647000.0,48,2617000.0,8753000.0,2,505100.0,S1,modal_usaha,sewa,tetap,yes
45,12097000.0,28137000.0,61806000.0,48,5689000.0,20005000.0,0,1442100.0,S1,modal_usaha,sewa,tetap,no
53,,3531000.0,34859000.0,48,2742000.0,8224000.0,0,813400.0,SMA,konsumtif,milik,tetap,no
45,8257000.0,535000.0,20693000.0,36,1250000.0,6716000.0,1,643800.0,SMA,kendaraan,milik,wiraswasta,no
37,14473000.0,37298000.0,64470000.0,24,16306000.0,42629000.0,1,3008600.0,D3,konsumtif,sewa,kontrak,no
57,8329000.0,3714000.0,18806000.0,36,2210000.0,7667000.0,2,585100.0,S1,renovasi,keluarga,tetap,no
37,10554000.0,21461000.0,53952000.0,36,6581000.0,9453000.0,2,1678500.0,S2,modal_usaha,milik,tetap,no
52,14020000.0,6259000.0,28609000.0,36,19820000.0,38666000.0,0,890100.0,D3,modal_usaha,sewa,tetap,no
41,13183000.0,5670000.0,54925000.0,12,18497000.0,38854000.0,3,5126300.0,S1,renovasi,milik,tetap,yes
22,5973000.0,3025000.0,16623000.0,24,11440000.0,15876000.0,2,775700.0,SMA,konsumtif,milik,kontrak,yes
44,31050000.0,10238000.0,32805000.0,36,10261000.0,34373000.0,0,1020600.0,D3,modal_usaha,milik,tetap,no
23,6520000.0,14579000.0,25841000.0,12,8221000.0,14389000.0,1,2411800.0,SMA,konsumtif,milik,,yes
61,25315000.0,47724000.0,65991000.0,60,12905000.0,59066000.0,0,1231800.0,S1,modal_usaha,milik,kontrak,no
47,6635000.0,11033000.0,26463000.0,12,1432000.0,16572000.0,0,2469900.0,SMA,modal_usaha,milik,wiraswasta,yes
37,4070000.0,1648000.0,14121000.0,60,1127000.0,4267000.0,1,263600.0,SMA,modal_usaha,sewa,wiraswasta,no
42,9384000.0,8794000.0,6839000.0,12,7165000.0,15574000.0,1,638300.0,S1,modal_usaha,milik,kontrak,no
48,13315000.0,15375000.0,21669000.0,48,3703000.0,18740000.0,1,505600.0,D3,kendaraan,sewa,kontrak,no
32,6984000.0,2987000.0,30397000.0,36,3067000.0,15644000.0,0,945700.0,SMA,konsumtif,milik,wiraswasta,no
33,7099000.0,8816000.0,21809000.0,24,7553000.0,11045000.0,1,1017800.0,SMA,konsumtif,milik,kontrak,yes
39,7464000.0,8305000.0,22882000.0,24,1980000.0,14326000.0,1,1067800.0,D3,modal_usaha,milik,wiraswasta,no
32,4915000.0,3991000.0,2522000.0,24,3743000.0,10706000.0,2,117700.0,SMA,pendidikan,sewa,kontrak,no
54,7969000.0,8293000.0,17256000.0,48,14432000.0,21554000.0,1,402600.0,SMA,renovasi,milik,wiraswasta,no
25,11029000.0,2123000.0,46124000.0,12,10989000.0,31168000.0,2,4304900.0,S1,modal_usaha,keluarga,tetap,no
57,13314000.0,22851000.0,71608000.0,24,12783000.0,30963000.0,2,3341700.0,SMA,pendidikan,milik,,no
36,6170000.0,12607000.0,22564000.0,36,3466000.0,7059000.0,2,702000.0,S1,modal_usaha,milik,wiraswasta,yes
45,12904000.0,13359000.0,44823000.0,36,5090000.0,35558000.0,0,1394500.0,D3,modal_usaha,milik,tetap,no
27,3966000.0,1964000.0,12242000.0,36,800000.0,4957000.0,3,380900.0,SMA,konsumtif,milik,wiraswasta,no
37,7858000.0,13653000.0,33252000.0,12,1176000.0,7206000.0,0,3103500.0,SMA,kendaraan,milik,wiraswasta,yes
54,7926000.0,974000.0,38756000.0,36,6698000.0,13966000.0,3,1205700.0,SMA,kendaraan,keluarga,tetap,no
32,11765000.0,12443000.0,20162000.0,24,7677000.0,27132000.0,1,940900.0,SMA,pendidikan,milik,wiraswasta,no
26,4325000.0,1689000.0,19146000.0,36,1697000.0,4881000.0,2,595700.0,SMA,renovasi,milik,wiraswasta,yes
43,,4012000.0,27366000.0,24,13606000.0,21679000.0,1,1277100.0,S2,renovasi,milik,,no
28,11039000.0,11539000.0,7450000.0,60,7649000.0,10776000.0,0,139100.0,S1,modal_usaha,sewa,,no
34,,11471000.0,4617000.0,36,4256000.0,10949000.0,1,143600.0,D3,konsumtif,sewa,kontrak,no
40,10092000.0,11164000.0,7629000.0,36,8436000.0,23798000.0,0,237300.0,S1,kendaraan,milik,tetap,no
45,10120000.0,7775000.0,20654000.0,48,8008000.0,19666000.0,1,481900.0,S1,pendidikan,milik,tetap,no
49,9731000.0,3313000.0,11672000.0,60,8465000.0,17299000.0,0,217900.0,S1,pendidikan,sewa,wiraswasta,no
50,6597000.0,15469000.0,6390000.0,48,5751000.0,17581000.0,0,149100.0,SMA,konsumtif,sewa,kontrak,no
58,,3042000.0,20090000.0,36,16260000.0,26377000.0,1,625000.0,SMA,modal_usaha,sewa,kontrak,no
23,3778000.0,9246000.0,2683000.0,48,1000000.0,6694000.0,2,62600.0,SMA,konsumtif,sewa,wiraswasta,no
36,8064000.0,5734000.0,19269000.0,24,2347000.0,16693000.0,3,899200.0,SMA,modal_usaha,keluarga,wiraswasta,no
21,5496000.0,8384000.0,27620000.0,48,2454000.0,12907000.0,0,644500.0,SMA,modal_usaha,milik,tetap,no
21,3951000.0,3456000.0,14009000.0,36,2275000.0,9915000.0,2,435800.0,S1,konsumtif,milik,wiraswasta,yes
30,13710000.0,17503000.0,11754000.0,36,5879000.0,12199000.0,1,365700.0,S2,modal_usaha,keluarga,kontrak,no
47,4033000.0,6654000.0,10333000.0,48,6505000.0,10778000.0,3,241100.0,SMA,kendaraan,milik,wiraswasta,no
60,15913000.0,21739000.0,45576000.0,48,14065000.0,28531000.0,2,1063400.0,D3,renovasi,keluarga,kontrak,no
55,,10336000.0,12638000.0,48,4714000.0,24371000.0,0,294900.0,D3,renovasi,sewa,tetap,no
49,9877000.0,3148000.0,25202000.0,60,12775000.0,19556000.0,2,470400.0,D3,konsumtif,sewa,tetap,no
55,7630000.0,20452000.0,17947000.0,36,5273000.0,14091000.0,1,558400.0,S1,renovasi,keluarga,kontrak,no
28,5718000.0,8205000.0,18389000.0,24,4758000.0,7032000.0,1,858200.0,SMA,modal_usaha,sewa,kontrak,no
57,,59399000.0,93166000.0,24,10446000.0,39396000.0,3,4347700.0,S1,modal_usaha,milik,wiraswasta,no
60,12953000.0,3805000.0,40590000.0,36,6074000.0,24409000.0,0,1262800.0,S2,konsumtif,milik,,no
25,6057000.0,2870000.0,5492000.0,24,8695000.0,16765000.0,0,256300.0,S1,konsumtif,milik,tetap,no
41,13028000.0,3538000.0,10471000.0,36,4879000.0,35848000.0,4,325800.0,S1,renovasi,milik,wiraswasta,no
57,14102000.0,23315000.0,75922000.0,48,11697000.0,26372000.0,1,1771500.0,D3,pendidikan,milik,wiraswasta,no
41,2287000.0,6457000.0,9883000.0,24,2912000.0,6195000.0,3,461200.0,SMA,pendidikan,milik,tetap,no
57,22588000.0,40506000.0,92938000.0,60,25761000.0,60528000.0,3,1734800.0,SMA,konsumtif,sewa,tetap,no
62,19655000.0,37217000.0,108547000.0,48,20685000.0,56733000.0,2,2532800.0,S1,pendidikan,sewa,kontrak,no
41,9357000.0,5672000.0,32546000.0,60,3476000.0,14929000.0,0,607500.0,SMA,kendaraan,milik,tetap,no
23,7199000.0,11034000.0,6519000.0,24,2337000.0,9120000.0,1,304200.0,S1,modal_usaha,milik,tetap,no
35,3319000.0,3116000.0,14700000.0,36,5116000.0,9548000.0,2,457300.0,D3,renovasi,sewa,kontrak,no
30,9470000.0,11940000.0,13187000.0,36,4443000.0,19761000.0,0,410300.0,D3,kendaraan,sewa,wiraswasta,no
41,5302000.0,3309000.0,22078000.0,48,5882000.0,9685000.0,1,515200.0,SMA,modal_usaha,milik,wiraswasta,no
46,18491000.0,9449000.0,49998000.0,60,15719000.0,31531000.0,5,933300.0,S2,renovasi,milik,tetap,no
41,6197000.0,5161000.0,4061000.0,48,1477000.0,6113000.0,0,94800.0,SMA,konsumtif,milik,wiraswasta,no
29,6133000.0,8488000.0,4940000.0,24,1869000.0,7660000.0,4,230500.0,SMA,kendaraan,keluarga,,no
34,4253000.0,10981000.0,11311000.0,36,1844000.0,6131000.0,1,351900.0,SMA,modal_usaha,milik,wiraswasta,yes
50,18421000.0,2288000.0,69447000.0,48,5712000.0,37080000.0,0,1620400.0,S1,renovasi,keluarga,kontrak,no
22,5505000.0,3798000.0,7927000.0,12,3706000.0,10662000.0,2,739900.0,S2,renovasi,keluarga,tetap,no
30,15410000.0,35449000.0,16753000.0,60,21024000.0,30732000.0,2,312700.0,SMA,modal_usaha,sewa,wiraswasta,no
60,50987000.0,25570000.0,130999000.0,48,32996000.0,49366000.0,2,3056600.0,S2,renovasi,keluarga,tetap,no
25,10689000.0,21775000.0,52622000.0,48,352000.0,8781000.0,2,1227800.0,SMA,modal_usaha,milik,tetap,yes
39,,42816000.0,87492000.0,60,3344000.0,33072000.0,3,1633200.0,S1,konsumtif,sewa,tetap,no
30,5400000.0,4200000.0,23019000.0,24,3213000.0,6619000.0,2,1074200.0,SMA,pendidikan,sewa,tetap,yes
25,10799000.0,25308000.0,30663000.0,36,17603000.0,29824000.0,2,954000.0,D3,modal_usaha,milik,tetap,no
39,9808000.0,10163000.0,28744000.0,36,5771000.0,17144000.0,0,894300.0,S1,renovasi,sewa,wiraswasta,no
43,,5522000.0,7650000.0,48,2526000.0,6912000.0,2,178500.0,D3,modal_usaha,keluarga,,no
28,10643000.0,12814000.0,13349000.0,48,2317000.0,21252000.0,0,311500.0,SMA,kendaraan,sewa,wiraswasta,no
24,12994000.0,23409000.0,7629000.0,12,19477000.0,28365000.0,2,712000.0,S1,pendidikan,milik,tetap,no
26,9958000.0,15320000.0,52089000.0,36,5179000.0,9762000.0,2,1620500.0,S2,pendidikan,milik,tetap,yes
49,5670000.0,9589000.0,18309000.0,24,12062000.0,13783000.0,1,854400.0,D3,kendaraan,milik,tetap,no
58,11075000.0,21438000.0,5723000.0,36,5420000.0,12212000.0,2,178000.0,S1,renovasi,milik,wiraswasta,no
28,3702000.0,6987000.0,12625000.0,60,1599000.0,6111000.0,2,235700.0,S1,renovasi,keluarga,kontrak,no
35,,23160000.0,18038000.0,24,3736000.0,14886000.0,0,841800.0,SMA,modal_usaha,milik,,no
36,4716000.0,4184000.0,13443000.0,12,1758000.0,9678000.0,0,1254700.0,S1,modal_usaha,keluarga,tetap,no
36,,4552000.0,29850000.0,36,11352000.0,16473000.0,1,928700.0,SMA,modal_usaha,sewa,tetap,yes
31,6067000.0,3236000.0,30053000.0,48,5510000.0,15542000.0,4,701200.0,S1,modal_usaha,sewa,kontrak,no
23,2603000.0,3656000.0,11330000.0,24,1049000.0,5101000.0,0,528700.0,SMA,kendaraan,sewa,tetap,yes
44,8035000.0,7085000.0,43627000.0,12,4639000.0,9175000.0,1,4071900.0,SMA,modal_usaha,milik,kontrak,yes
36,6701000.0,7451000.0,12002000.0,36,4901000.0,15621000.0,2,373400.0,D3,modal_usaha,sewa,wiraswasta,no
36,11355000.0,15080000.0,46983000.0,36,8450000.0,21045000.0,1,1461700.0,D3,modal_usaha,milik,tetap,no
32,5104000.0,8800000.0,27531000.0,24,3691000.0,10696000.0,1,1284800.0,S1,renovasi,milik,tetap,yes
61,13487000.0,14338000.0,29628000.0,48,4196000.0,23955000.0,2,691300.0,S2,modal_usaha,keluarga,tetap,no
47,2601000.0,3207000.0,12737000.0,48,640000.0,4463000.0,0,297200.0,SMA,modal_usaha,milik,kontrak,no
39,,2674000.0,13996000.0,36,873000.0,5782000.0,1,435400.0,SMA,konsumtif,sewa,tetap,no
30,15700000.0,2398000.0,63449000.0,12,4348000.0,30663000.0,0,5921900.0,D3,modal_usaha,milik,tetap,no
56,28506000.0,27884000.0,40007000.0,36,16068000.0,77227000.0,0,1244700.0,D3,pendidikan,milik,wiraswasta,no
60,12506000.0,28231000.0,24196000.0,24,22987000.0,30459000.0,2,1129100.0,D3,kendaraan,milik,kontrak,no
22,5206000.0,1123000.0,22073000.0,36,4894000.0,9620000.0,3,686700.0,S1,konsumtif,milik,,no
61,13306000.0,10481000.0,70042000.0,48,6937000.0,16915000.0,1,1634300.0,S1,renovasi,sewa,tetap,no
51,12129000.0,33515000.0,7649000.0,12,5931000.0,10172000.0,4,713900.0,SMA,renovasi,milik,wiraswasta,no
25,5068000.0,5912000.0,11630000.0,12,1340000.0,6345000.0,1,1085500.0,D3,renovasi,sewa,,no
54,14931000.0,26833000.0,26646000.0,12,4725000.0,21184000.0,1,2487000.0,S1,pendidikan,milik,wiraswasta,no
25,6352000.0,1923000.0,17921000.0,12,1846000.0,6732000.0,0,1672600.0,D3,renovasi,milik,tetap,no
23,3829000.0,6950000.0,18098000.0,24,1951000.0,8699000.0,5,844600.0,SMA,renovasi,sewa,tetap,yes
26,5133000.0,2271000.0,16761000.0,36,1737000.0,7789000.0,1,521500.0,D3,konsumtif,milik,tetap,no
41,9723000.0,24157000.0,32578000.0,48,5634000.0,8425000.0,3,760200.0,D3,renovasi,milik,wiraswasta,yes
48,,4226000.0,19237000.0,12,3881000.0,8800000.0,1,1795500.0,SMA,modal_usaha,milik,kontrak,no
38,12327000.0,28158000.0,41125000.0,24,12306000.0,31132000.0,2,1919200.0,S1,konsumtif,milik,kontrak,no
26,4222000.0,1934000.0,18093000.0,60,2994000.0,6533000.0,2,337700.0,SMA,pendidikan,sewa,wiraswasta,no
29,9059000.0,13364000.0,9863000.0,36,6293000.0,25230000.0,0,306800.0,S1,konsumtif,sewa,tetap,no
58,21569000.0,42683000.0,13489000.0,48,21362000.0,57722000.0,1,314700.0,D3,renovasi,milik,tetap,no
63,14626000.0,16760000.0,73822000.0,36,4935000.0,40319000.0,1,2296700.0,S1,modal_usaha,milik,tetap,no
54,13071000.0,27392000.0,40964000.0,12,10084000.0,29660000.0,0,3823300.0,SMA,modal_usaha,sewa,tetap,no
25,2289000.0,1157000.0,4902000.0,24,3004000.0,5893000.0,0,228800.0,SMA,kendaraan,milik,tetap,no
57,7380000.0,8413000.0,22130000.0,48,7153000.0,12219000.0,1,516400.0,SMA,konsumtif,sewa,tetap,no
51,10329000.0,9165000.0,42096000.0,48,9353000.0,24016000.0,3,982200.0,D3,konsumtif,keluarga,tetap,no
44,,14990000.0,20055000.0,36,8414000.0,22168000.0,1,623900.0,SMA,kendaraan,sewa,kontrak,no
27,3416000.0,2651000.0,11546000.0,36,2331000.0,4271000.0,1,359200.0,S1,kendaraan,milik,,no
64,9907000.0,16703000.0,10986000.0,36,12674000.0,28492000.0,1,341800.0,SMA,modal_usaha,milik,tetap,no
40,12936000.0,18670000.0,67625000.0,12,6091000.0,25968000.0,0,6311700.0,SMA,renovasi,milik,kontrak,yes
22,4251000.0,3660000.0,15274000.0,12,578000.0,4071000.0,3,1425600.0,D3,modal_usaha,milik,tetap,no
30,7915000.0,15344000.0,39256000.0,60,2829000.0,9768000.0,2,732800.0,S1,pendidikan,sewa,tetap,no
38,11679000.0,33022000.0,52153000.0,12,7332000.0,21197000.0,2,4867600.0,S1,konsumtif,milik,kontrak,yes
23,8344000.0,9515000.0,41586000.0,24,6171000.0,22203000.0,0,1940700.0,S1,kendaraan,sewa,wiraswasta,no
35,,6546000.0,45885000.0,36,31635000.0,53427000.0,5,1427500.0,S1,renovasi,sewa,wiraswasta,no
41,12992000.0,10928000.0,16461000.0,36,3622000.0,13636000.0,3,512100.0,S1,renovasi,milik,wiraswasta,no
62,28162000.0,62944000.0,152183000.0,60,6970000.0,26373000.0,2,2840700.0,S1,renovasi,milik,kontrak,yes
24,4282000.0,684000.0,22975000.0,12,2871000.0,4572000.0,1,2144300.0,SMA,renovasi,milik,tetap,yes
46,8325000.0,4638000.0,44605000.0,48,8437000.0,18957000.0,0,1040800.0,S1,konsumtif,sewa,kontrak,no
61,13748000.0,23757000.0,81677000.0,12,3729000.0,27114000.0,1,7623200.0,S1,kendaraan,milik,wiraswasta,yes
56,5317000.0,11358000.0,20093000.0,24,2155000.0,12885000.0,3,937700.0,SMA,modal_usaha,milik,tetap,no
61,18917000.0,20699000.0,62780000.0,36,24854000.0,39828000.0,2,1953200.0,S1,renovasi,keluarga,wiraswasta,no
28,5668000.0,10457000.0,27690000.0,48,1106000.0,5730000.0,0,646100.0,D3,modal_usaha,milik,wiraswasta,no
56,8250000.0,11984000.0,9122000.0,36,5478000.0,11276000.0,0,283800.0,D3,modal_usaha,sewa,kontrak,no
64,12947000.0,14586000.0,62233000.0,24,10898000.0,19801000.0,0,2904200.0,SMA,renovasi,milik,tetap,no
35,5696000.0,11785000.0,28293000.0,36,10696000.0,13425000.0,1,880200.0,S1,renovasi,milik,wiraswasta,no
42,,8407000.0,56184000.0,12,9386000.0,32309000.0,3,5243800.0,S1,modal_usaha,keluarga,wiraswasta,no
44,5820000.0,7270000.0,15327000.0,48,15029000.0,16779000.0,2,357600.0,SMA,renovasi,sewa,tetap,no
42,14616000.0,34022000.0,60061000.0,60,9757000.0,16372000.0,2,1121100.0,D3,modal_usaha,sewa,tetap,yes
33,4962000.0,8740000.0,27453000.0,36,3720000.0,14216000.0,1,854100.0,SMA,modal_usaha,sewa,kontrak,yes
63,13502000.0,28002000.0,18482000.0,36,2792000.0,17341000.0,1,575000.0,SMA,renovasi,sewa,tetap,no
63,21312000.0,26395000.0,47122000.0,36,12144000.0,33154000.0,2,1466000.0,S2,pendidikan,milik,tetap,no
37,11081000.0,33864000.0,46461000.0,36,6154000.0,9708000.0,2,1445500.0,D3,kendaraan,milik,tetap,yes
56,11728000.0,28592000.0,59610000.0,12,6869000.0,17033000.0,1,5563600.0,D3,renovasi,keluarga,kontrak,yes
38,3065000.0,8958000.0,12525000.0,24,2794000.0,3799000.0,0,584500.0,SMA,konsumtif,sewa,tetap,no
55,26801000.0,61826000.0,100494000.0,36,2975000.0,34250000.0,0,3126500.0,S2,pendidikan,keluarga,tetap,no
46,7192000.0,3617000.0,6988000.0,48,2958000.0,14807000.0,1,163100.0,SMA,kendaraan,sewa,tetap,no
41,15147000.0,29850000.0,43706000.0,24,18846000.0,38136000.0,3,2039600.0,S1,renovasi,sewa,tetap,no
26,7121000.0,5817000.0,38425000.0,48,5163000.0,17367000.0,1,896600.0,SMA,konsumtif,sewa,tetap,yes
49,5576000.0,4283000.0,13879000.0,48,5429000.0,14632000.0,2,323800.0,SMA,pendidikan,keluarga,tetap,no
35,6314000.0,10407000.0,16388000.0,60,7052000.0,15210000.0,1,305900.0,S1,kendaraan,sewa,tetap,no
30,7534000.0,8774000.0,18583000.0,60,5192000.0,22213000.0,0,346900.0,SMA,pendidikan,milik,tetap,no
29,7464000.0,5551000.0,18624000.0,12,4646000.0,6275000.0,3,1738200.0,S1,konsumtif,milik,,no
64,15766000.0,4681000.0,42981000.0,36,3620000.0,46878000.0,1,1337200.0,SMA,kendaraan,milik,wiraswasta,no
25,7347000.0,7071000.0,34924000.0,48,6306000.0,12502000.0,1,814900.0,S1,kendaraan,milik,tetap,no
56,,44440000.0,66195000.0,48,13633000.0,40807000.0,1,1544600.0,S1,modal_usaha,milik,wiraswasta,no
59,17760000.0,2853000.0,68180000.0,12,30791000.0,36766000.0,1,6363500.0,S1,pendidikan,milik,tetap,yes
22,5529000.0,2613000.0,16218000.0,36,1001000.0,4527000.0,1,504600.0,SMA,pendidikan,milik,kontrak,no
46,9818000.0,9906000.0,52095000.0,48,2965000.0,11779000.0,2,1215600.0,S1,renovasi,milik,tetap,no
46,16072000.0,27367000.0,23837000.0,24,3205000.0,28626000.0,1,1112400.0,S2,modal_usaha,sewa,wiraswasta,no
36,10690000.0,14758000.0,12571000.0,24,7724000.0,26650000.0,1,586600.0,SMA,kendaraan,milik,kontrak,no
50,7847000.0,5335000.0,21520000.0,24,7580000.0,21298000.0,2,1004300.0,SMA,renovasi,sewa,kontrak,no
38,12775000.0,7228000.0,74843000.0,24,7342000.0,14372000.0,0,3492700.0,S1,pendidikan,keluarga,tetap,no
40,6858000.0,7213000.0,29825000.0,36,5064000.0,9454000.0,0,927900.0,SMA,renovasi,milik,wiraswasta,no
39,10833000.0,22150000.0,42135000.0,12,7411000.0,23142000.0,2,3932600.0,S1,pendidikan,milik,wiraswasta,yes
56,30206000.0,45803000.0,79950000.0,48,24629000.0,48153000.0,2,1865500.0,S1,konsumtif,sewa,tetap,no
48,13320000.0,27605000.0,28283000.0,12,10125000.0,19386000.0,0,2639700.0,SMA,konsumtif,sewa,tetap,no
37,10239000.0,25045000.0,58989000.0,48,7263000.0,16826000.0,3,1376400.0,S1,pendidikan,milik,wiraswasta,yes
61,16760000.0,42880000.0,47733000.0,12,499000.0,39277000.0,3,4455100.0,S1,modal_usaha,milik,kontrak,no
56,6532000.0,7258000.0,28812000.0,48,4228000.0,8080000.0,0,672300.0,SMA,modal_usaha,keluarga,tetap,no
62,,18202000.0,71060000.0,24,4494000.0,13419000.0,1,3316100.0,S1,modal_usaha,sewa,tetap,no
53,9754000.0,16429000.0,40151000.0,36,2002000.0,7877000.0,0,1249100.0,SMA,renovasi,keluarga,wiraswasta,no
38,11837000.0,10670000.0,21062000.0,24,9566000.0,23185000.0,1,982900.0,D3,modal_usaha,sewa,wiraswasta,no
55,19137000.0,44145000.0,39880000.0,36,12764000.0,25836000.0,1,1240700.0,S1,renovasi,milik,tetap,no
35,3726000.0,8739000.0,2334000.0,24,1882000.0,7585000.0,0,108900.0,SMA,renovasi,sewa,tetap,no
32,14015000.0,31313000.0,81730000.0,12,9153000.0,38376000.0,3,7628100.0,S1,modal_usaha,keluarga,tetap,yes
40,6453000.0,7970000.0,32850000.0,48,5423000.0,9331000.0,2,766500.0,SMA,kendaraan,milik,wiraswasta,yes
63,,22321000.0,22103000.0,12,5480000.0,9775000.0,0,2062900.0,D3,konsumtif,milik,wiraswasta,yes
45,13408000.0,19433000.0,72515000.0,60,5862000.0,10773000.0,1,1353600.0,SMA,renovasi,milik,kontrak,no
37,19086000.0,5894000.0,25675000.0,36,30552000.0,56475000.0,2,798800.0,S1,renovasi,keluarga,tetap,no
41,,24281000.0,8742000.0,12,16095000.0,23157000.0,1,815900.0,S1,modal_usaha,keluarga,kontrak,no
33,12647000.0,27707000.0,15734000.0,60,7959000.0,32435000.0,0,293700.0,S1,modal_usaha,sewa,kontrak,no
49,21582000.0,10539000.0,115654000.0,12,33888000.0,58009000.0,1,10794400.0,S2,pendidikan,sewa,,no
36,18185000.0,8470000.0,25144000.0,48,30137000.0,54364000.0,1,586700.0,S1,pendidikan,milik,kontrak,no
45,15833000.0,12787000.0,13849000.0,24,19213000.0,42610000.0,3,646300.0,S1,kendaraan,sewa,kontrak,no
37,,6182000.0,6632000.0,36,2833000.0,6312000.0,3,206300.0,D3,pendidikan,sewa,wiraswasta,no
35,29339000.0,30227000.0,81646000.0,48,21704000.0,59899000.0,3,1905100.0,S2,modal_usaha,milik,tetap,no
63,25484000.0,24053000.0,82323000.0,12,10614000.0,74363000.0,2,7683500.0,S1,konsumtif,milik,wiraswasta,yes
36,7715000.0,10360000.0,13868000.0,36,1226000.0,16922000.0,2,431400.0,S1,konsumtif,sewa,wiraswasta,no
24,3168000.0,1479000.0,15623000.0,12,675000.0,7894000.0,0,1458100.0,SMA,kendaraan,keluarga,tetap,yes
37,9951000.0,5812000.0,57508000.0,48,15325000.0,27810000.0,0,1341900.0,D3,konsumtif,keluarga,tetap,no
44,9888000.0,2306000.0,20761000.0,24,5312000.0,21260000.0,3,968800.0,S1,konsumtif,milik,tetap,no
25,5948000.0,10326000.0,33434000.0,12,6117000.0,13820000.0,1,3120500.0,SMA,renovasi,milik,wiraswasta,yes
34,8423000.0,6987000.0,42103000.0,24,8162000.0,17639000.0,1,1964800.0,SMA,kendaraan,sewa,kontrak,no
28,8114000.0,18673000.0,43597000.0,36,4085000.0,12536000.0,1,1356400.0,S2,kendaraan,milik,kontrak,yes
43,5345000.0,11558000.0,4427000.0,60,1513000.0,7202000.0,0,82600.0,D3,renovasi,sewa,kontrak,no
52,9916000.0,18271000.0,50445000.0,60,6320000.0,21753000.0,1,941600.0,SMA,renovasi,sewa,tetap,no
63,7992000.0,14124000.0,29751000.0,48,16330000.0,23644000.0,1,694200.0,SMA,kendaraan,milik,tetap,no
38,8621000.0,5959000.0,6125000.0,48,1767000.0,24272000.0,0,142900.0,D3,modal_usaha,keluarga,tetap,no
58,7877000.0,13269000.0,36589000.0,48,1793000.0,9938000.0,0,853700.0,S1,kendaraan,sewa,tetap,no
30,9689000.0,16268000.0,17725000.0,36,7215000.0,25715000.0,0,551400.0,S2,renovasi,keluarga,wiraswasta,no
55,23482000.0,20644000.0,114684000.0,24,8580000.0,19876000.0,1,5351900.0,S2,renovasi,sewa,wiraswasta,no
45,14987000.0,12546000.0,59093000.0,36,5402000.0,31425000.0,1,1838400.0,S1,renovasi,milik,tetap,yes
54,9410000.0,27823000.0,30186000.0,12,17144000.0,26788000.0,3,2817400.0,S1,konsumtif,milik,tetap,yes
54,5108000.0,9056000.0,3211000.0,48,6025000.0,14867000.0,2,74900.0,SMA,konsumtif,keluarga,kontrak,no
44,11286000.0,9144000.0,60868000.0,36,6381000.0,24002000.0,1,1893700.0,S1,konsumtif,milik,kontrak,no
32,7485000.0,8369000.0,9817000.0,24,5128000.0,16376000.0,1,458100.0,SMA,pendidikan,sewa,tetap,no
44,8661000.0,3873000.0,43853000.0,48,10466000.0,14358000.0,1,1023200.0,SMA,kendaraan,sewa,tetap,no
57,14013000.0,4803000.0,60044000.0,12,22786000.0,33519000.0,2,5604100.0,S2,modal_usaha,keluarga,kontrak,no
63,18039000.0,23831000.0,15922000.0,60,11617000.0,24182000.0,1,297200.0,S1,pendidikan,keluarga,kontrak,no
61,19270000.0,7997000.0,67102000.0,60,2106000.0,16852000.0,1,1252600.0,SMA,renovasi,sewa,kontrak,no
28,9215000.0,8535000.0,53352000.0,36,9052000.0,24306000.0,3,1659800.0,S1,modal_usaha,milik,tetap,no
47,4552000.0,4076000.0,25379000.0,48,1390000.0,4246000.0,2,592200.0,D3,kendaraan,milik,tetap,no
25,5618000.0,5642000.0,7329000.0,12,4316000.0,12710000.0,0,684000.0,SMA,modal_usaha,milik,kontrak,no
50,20171000.0,6830000.0,29299000.0,36,10852000.0,35526000.0,1,911500.0,SMA,konsumtif,milik,tetap,no
64,5796000.0,5397000.0,7796000.0,48,1765000.0,5188000.0,5,181900.0,SMA,konsumtif,keluarga,tetap,no
23,6246000.0,14102000.0,29100000.0,12,4039000.0,7193000.0,0,2716000.0,D3,renovasi,keluarga,tetap,yes
49,8887000.0,14836000.0,12301000.0,24,3316000.0,9079000.0,3,574000.0,D3,modal_usaha,sewa,kontrak,no
62,12983000.0,14390000.0,11103000.0,24,2754000.0,16510000.0,0,518100.0,D3,kendaraan,milik,tetap,no
58,10134000.0,11353000.0,26823000.0,36,16223000.0,22271000.0,1,834500.0,SMA,kendaraan,milik,tetap,no
38,20936000.0,4362000.0,121803000.0,48,8387000.0,43031000.0,3,2842100.0,S2,kendaraan,milik,tetap,no
25,8270000.0,9661000.0,18156000.0,12,3856000.0,14493000.0,3,1694600.0,S1,kendaraan,milik,wiraswasta,yes
61,27038000.0,26202000.0,121219000.0,24,25749000.0,71778000.0,0,5656900.0,S1,kendaraan,sewa,wiraswasta,yes
61,,6103000.0,12008000.0,48,6673000.0,22838000.0,0,280200.0,SMA,konsumtif,keluarga,kontrak,no
46,9924000.0,9821000.0,38865000.0,24,8177000.0,22845000.0,1,1813700.0,S1,modal_usaha,milik,tetap,no
64,11886000.0,20702000.0,43936000.0,24,4707000.0,25169000.0,1,2050300.0,S1,konsumtif,keluarga,kontrak,yes
21,2106000.0,3305000.0,11526000.0,24,744000.0,4910000.0,1,537900.0,SMA,kendaraan,keluarga,wiraswasta,no
48,,3482000.0,38997000.0,48,896000.0,11402000.0,2,909900.0,SMA,pendidikan,keluarga,wiraswasta,no
22,12241000.0,13990000.0,14252000.0,12,2164000.0,16790000.0,1,1330200.0,SMA,renovasi,milik,tetap,yes
62,12264000.0,21962000.0,33437000.0,24,3434000.0,17855000.0,1,1560400.0,SMA,konsumtif,milik,tetap,no
50,13647000.0,37515000.0,6865000.0,36,9900000.0,33167000.0,2,213600.0,D3,modal_usaha,milik,tetap,no
61,8139000.0,7188000.0,14858000.0,12,1434000.0,14251000.0,0,1386700.0,SMA,kendaraan,sewa,tetap,no
45,,9714000.0,38460000.0,60,11535000.0,19163000.0,0,717900.0,SMA,modal_usaha,milik,kontrak,yes
24,12177000.0,4678000.0,36611000.0,48,5243000.0,10819000.0,2,854300.0,S1,pendidikan,milik,wiraswasta,no
22,11994000.0,18068000.0,63228000.0,36,2453000.0,19706000.0,1,1967100.0,SMA,renovasi,keluarga,tetap,yes
35,11990000.0,23636000.0,7560000.0,36,4987000.0,13673000.0,1,235200.0,SMA,modal_usaha,milik,tetap,no
53,18932000.0,36957000.0,101103000.0,24,18704000.0,49146000.0,4,4718100.0,S1,modal_usaha,milik,tetap,yes
27,5400000.0,9975000.0,29115000.0,36,3743000.0,10018000.0,2,905800.0,SMA,renovasi,milik,wiraswasta,yes
58,10205000.0,11785000.0,41778000.0,24,4974000.0,22084000.0,0,1949600.0,SMA,renovasi,sewa,tetap,no
31,4069000.0,4595000.0,4636000.0,36,5997000.0,8608000.0,2,144200.0,SMA,modal_usaha,sewa,tetap,no
42,3628000.0,4950000.0,19294000.0,12,1539000.0,3533000.0,0,1800800.0,SMA,renovasi,milik,wiraswasta,yes
29,4135000.0,8060000.0,22533000.0,48,1131000.0,10438000.0,2,525800.0,D3,pendidikan,milik,kontrak,no
41,6993000.0,10985000.0,11229000.0,24,4934000.0,18240000.0,5,524000.0,SMA,kendaraan,milik,tetap,no
40,5889000.0,15822000.0,33396000.0,36,10658000.0,12581000.0,1,1039000.0,SMA,renovasi,sewa,wiraswasta,yes
21,4765000.0,10231000.0,25472000.0,24,3969000.0,6757000.0,3,1188700.0,S2,pendidikan,keluarga,kontrak,yes
45,13981000.0,23108000.0,22745000.0,24,16840000.0,33457000.0,0,1061400.0,S2,pendidikan,milik,wiraswasta,no
55,7623000.0,16244000.0,20323000.0,36,283000.0,17849000.0,0,632300.0,SMA,kendaraan,sewa,kontrak,no
62,5887000.0,2868000.0,13845000.0,36,10634000.0,16528000.0,1,430700.0,SMA,konsumtif,milik,wiraswasta,no
35,6475000.0,12879000.0,20981000.0,60,831000.0,6851000.0,0,391600.0,D3,konsumtif,sewa,wiraswasta,no
59,12706000.0,17831000.0,68479000.0,24,9247000.0,35597000.0,3,3195700.0,S1,kendaraan,milik,kontrak,no
59,,26699000.0,59051000.0,12,21271000.0,30606000.0,3,5511400.0,S1,kendaraan,sewa,,yes
64,15697000.0,17213000.0,23015000.0,36,13149000.0,22832000.0,3,716000.0,SMA,renovasi,sewa,tetap,no
37,2703000.0,2626000.0,9545000.0,24,1579000.0,6421000.0,2,445400.0,SMA,modal_usaha,sewa,tetap,no
58,4735000.0,11145000.0,16275000.0,48,1621000.0,6535000.0,1,379800.0,D3,kendaraan,milik,tetap,no
45,11427000.0,5558000.0,34020000.0,24,3685000.0,15052000.0,1,1587600.0,S1,pendidikan,milik,tetap,no
23,8018000.0,7761000.0,35527000.0,48,9184000.0,17731000.0,2,829000.0,S1,pendidikan,keluarga,,no
32,6975000.0,14190000.0,28269000.0,36,3008000.0,6348000.0,1,879500.0,SMA,kendaraan,milik,tetap,no
50,,11429000.0,19720000.0,24,880000.0,9916000.0,1,920300.0,S1,pendidikan,keluarga,kontrak,no
28,3580000.0,4658000.0,8645000.0,36,4688000.0,8063000.0,4,269000.0,SMA,modal_usaha,milik,wiraswasta,no
40,10394000.0,27352000.0,55982000.0,36,13474000.0,30081000.0,0,1741700.0,S1,konsumtif,sewa,tetap,yes
55,13954000.0,20971000.0,31979000.0,36,9509000.0,12208000.0,0,994900.0,S2,konsumtif,sewa,kontrak,no
27,13309000.0,19060000.0,39161000.0,24,3365000.0,11318000.0,1,1827500.0,D3,modal_usaha,milik,wiraswasta,yes
42,6017000.0,6006000.0,35205000.0,36,2828000.0,5803000.0,1,1095300.0,SMA,pendidikan,milik,,no
30,8504000.0,921000.0,44349000.0,48,4661000.0,6834000.0,0,1034800.0,S1,konsumtif,milik,tetap,no
44,,3045000.0,119021000.0,36,23492000.0,77870000.0,1,3702900.0,D3,kendaraan,milik,wiraswasta,no
31,8124000.0,15480000.0,17646000.0,36,9222000.0,14972000.0,2,549000.0,S1,pendidikan,milik,tetap,no
63,13050000.0,8431000.0,51654000.0,48,16650000.0,30311000.0,3,1205300.0,SMA,konsumtif,milik,wiraswasta,no
24,10458000.0,2731000.0,42157000.0,36,7737000.0,17946000.0,2,1311600.0,S1,kendaraan,sewa,tetap,yes
63,,14844000.0,39022000.0,36,20640000.0,42274000.0,0,1214000.0,SMA,kendaraan,sewa,kontrak,no
55,10022000.0,18552000.0,7002000.0,24,7903000.0,18599000.0,0,326800.0,SMA,renovasi,sewa,wiraswasta,yes
58,10132000.0,10463000.0,25491000.0,12,6392000.0,29042000.0,1,2379200.0,SMA,kendaraan,milik,wiraswasta,no
58,,10013000.0,32008000.0,24,5691000.0,21656000.0,1,1493700.0,SMA,konsumtif,milik,tetap,yes
29,4252000.0,12562000.0,24346000.0,36,6374000.0,12267000.0,0,757400.0,SMA,modal_usaha,keluarga,tetap,yes
61,17619000.0,9897000.0,79307000.0,48,11484000.0,33288000.0,3,1850500.0,S1,kendaraan,keluarga,tetap,no
47,18980000.0,6489000.0,20756000.0,24,4999000.0,51883000.0,0,968600.0,SMA,kendaraan,keluarga,tetap,no
63,17519000.0,27881000.0,37803000.0,48,7134000.0,26884000.0,1,882100.0,SMA,modal_usaha,sewa,tetap,no
59,10840000.0,4997000.0,36523000.0,12,3626000.0,24440000.0,0,3408800.0,SMA,kendaraan,sewa,tetap,no
46,10997000.0,2779000.0,32784000.0,24,12652000.0,23729000.0,1,1529900.0,SMA,konsumtif,sewa,kontrak,no
37,6682000.0,11999000.0,3529000.0,24,634000.0,12502000.0,2,164700.0,S1,modal_usaha,sewa,wiraswasta,no
26,8982000.0,9839000.0,50686000.0,36,4470000.0,17095000.0,1,1576900.0,S2,kendaraan,milik,wiraswasta,no
25,7854000.0,15020000.0,42979000.0,24,4808000.0,9223000.0,2,2005700.0,SMA,modal_usaha,milik,tetap,yes
38,19643000.0,17401000.0,109620000.0,12,20897000.0,54868000.0,0,10231200.0,S1,modal_usaha,milik,wiraswasta,yes
56,9832000.0,3663000.0,28091000.0,36,11761000.0,17690000.0,2,873900.0,S1,modal_usaha,sewa,,no
43,11033000.0,5684000.0,56087000.0,36,4293000.0,12503000.0,1,1744900.0,S2,kendaraan,milik,wiraswasta,no
42,18580000.0,40673000.0,81695000.0,36,15329000.0,43654000.0,2,2541600.0,SMA,konsumtif,milik,wiraswasta,no
31,5964000.0,8408000.0,19768000.0,24,3194000.0,14312000.0,0,922500.0,SMA,pendidikan,milik,tetap,no
45,20801000.0,31134000.0,19225000.0,24,480000.0,18705000.0,0,897200.0,D3,modal_usaha,keluarga,wiraswasta,no
49,13458000.0,15202000.0,19153000.0,24,2652000.0,20620000.0,1,893800.0,S1,modal_usaha,sewa,,no
64,,10046000.0,32484000.0,24,7721000.0,37420000.0,5,1515900.0,S1,modal_usaha,milik,wiraswasta,no
53,9217000.0,11703000.0,50025000.0,36,5576000.0,24033000.0,2,1556300.0,D3,modal_usaha,milik,kontrak,no
47,11642000.0,36013000.0,48425000.0,36,6470000.0,17269000.0,1,1506600.0,SMA,pendidikan,sewa,,yes
61,28036000.0,20342000.0,165599000.0,60,31628000.0,40911000.0,3,3091200.0,S1,konsumtif,sewa,tetap,no
39,,16620000.0,23240000.0,48,1586000.0,15559000.0,2,542300.0,S1,konsumtif,milik,tetap,no
62,10611000.0,19698000.0,10249000.0,12,5264000.0,13606000.0,1,956600.0,D3,modal_usaha,milik,tetap,no
37,14914000.0,36987000.0,46646000.0,24,17702000.0,41330000.0,4,2176800.0,S1,modal_usaha,sewa,wiraswasta,no
26,6136000.0,17716000.0,6841000.0,48,10927000.0,15579000.0,2,159600.0,D3,kendaraan,keluarga,tetap,no
39,6583000.0,4417000.0,35927000.0,24,4187000.0,18200000.0,2,1676600.0,D3,kendaraan,milik,kontrak,yes
26,10245000.0,3888000.0,20812000.0,36,11552000.0,16169000.0,1,647500.0,D3,modal_usaha,milik,kontrak,no
26,13317000.0,24964000.0,21107000.0,36,2342000.0,15509000.0,0,656700.0,S1,konsumtif,sewa,kontrak,yes
59,,26244000.0,49517000.0,36,8175000.0,31186000.0,5,1540500.0,S2,pendidikan,sewa,tetap,no
55,12062000.0,6240000.0,59574000.0,12,6422000.0,14691000.0,0,5560200.0,D3,pendidikan,milik,tetap,yes
30,3257000.0,6967000.0,10771000.0,24,2947000.0,4512000.0,2,502600.0,SMA,kendaraan,keluarga,wiraswasta,yes
57,7595000.0,12517000.0,5394000.0,12,2149000.0,12769000.0,2,503400.0,D3,renovasi,sewa,tetap,no
24,5325000.0,7163000.0,24422000.0,24,6204000.0,9681000.0,1,1139700.0,SMA,kendaraan,sewa,tetap,yes
33,6005000.0,2485000.0,4128000.0,12,5238000.0,9063000.0,1,385300.0,SMA,konsumtif,sewa,wiraswasta,no
52,5395000.0,12893000.0,20631000.0,36,2233000.0,7695000.0,2,641900.0,SMA,konsumtif,milik,wiraswasta,no
34,5443000.0,16584000.0,21190000.0,36,3727000.0,7309000.0,3,659200.0,D3,modal_usaha,sewa,kontrak,yes
53,5255000.0,6540000.0,8654000.0,12,6727000.0,12183000.0,0,807700.0,SMA,modal_usaha,milik,wiraswasta,no
59,11603000.0,15994000.0,34300000.0,12,11182000.0,17090000.0,2,3201300.0,SMA,kendaraan,milik,wiraswasta,no
23,3168000.0,3367000.0,1692000.0,60,1347000.0,7374000.0,2,31600.0,S1,modal_usaha,milik,tetap,no
22,3081000.0,5459000.0,6348000.0,24,2818000.0,7500000.0,1,296200.0,SMA,kendaraan,keluarga,tetap,no
62,,1102000.0,26173000.0,24,5099000.0,15888000.0,1,1221400.0,S1,kendaraan,keluarga,kontrak,yes
43,16561000.0,18557000.0,34164000.0,36,5238000.0,46566000.0,1,1062900.0,S2,modal_usaha,milik,kontrak,no
43,4890000.0,9840000.0,3726000.0,24,6889000.0,14180000.0,2,173900.0,S1,modal_usaha,sewa,wiraswasta,no
41,6936000.0,5674000.0,29190000.0,24,2972000.0,7790000.0,2,1362200.0,SMA,pendidikan,sewa,tetap,no
40,14045000.0,32743000.0,64371000.0,12,4465000.0,21142000.0,1,6008000.0,SMA,konsumtif,milik,tetap,yes
51,26992000.0,78131000.0,141611000.0,60,18869000.0,68367000.0,2,2643400.0,S1,pendidikan,milik,tetap,yes
46,4136000.0,9386000.0,21985000.0,36,4330000.0,10423000.0,1,684000.0,D3,konsumtif,keluarga,wiraswasta,no
28,6189000.0,7691000.0,19989000.0,36,2098000.0,5917000.0,0,621900.0,SMA,kendaraan,sewa,kontrak,no
48,6193000.0,11165000.0,16972000.0,48,6173000.0,18062000.0,2,396000.0,D3,renovasi,sewa,tetap,no
50,5857000.0,5080000.0,21801000.0,36,8895000.0,15718000.0,1,678300.0,D3,modal_usaha,keluarga,kontrak,no
25,4872000.0,16767000.0,23676000.0,24,6516000.0,13536000.0,1,1104900.0,SMA,pendidikan,keluarga,kontrak,yes
37,17171000.0,7604000.0,53476000.0,36,6382000.0,21458000.0,1,1663700.0,S1,renovasi,milik,tetap,no
55,11523000.0,34859000.0,68832000.0,36,5805000.0,21917000.0,1,2141400.0,SMA,modal_usaha,milik,wiraswasta,yes
48,5622000.0,12597000.0,22524000.0,24,4628000.0,9946000.0,0,1051100.0,SMA,renovasi,sewa,tetap,no
27,11333000.0,6540000.0,24871000.0,48,4645000.0,18050000.0,0,580300.0,S1,pendidikan,sewa,wiraswasta,no
22,1770000.0,3577000.0,8612000.0,12,1314000.0,2301000.0,1,803800.0,SMA,konsumtif,keluarga,tetap,yes
46,8279000.0,11515000.0,11005000.0,24,5017000.0,9166000.0,1,513600.0,S1,konsumtif,milik,kontrak,no
41,5881000.0,6274000.0,33209000.0,24,12325000.0,15968000.0,2,1549800.0,D3,kendaraan,sewa,wiraswasta,no
63,10525000.0,10917000.0,24965000.0,12,5492000.0,20702000.0,1,2330100.0,SMA,modal_usaha,milik,,no
43,12519000.0,13526000.0,53428000.0,60,4642000.0,26563000.0,3,997300.0,S2,renovasi,milik,kontrak,no
61,9197000.0,13103000.0,36229000.0,36,6658000.0,12651000.0,1,1127100.0,SMA,modal_usaha,milik,kontrak,yes
30,5185000.0,14447000.0,5327000.0,12,1392000.0,14814000.0,1,497200.0,SMA,pendidikan,milik,kontrak,no
40,13126000.0,2913000.0,58659000.0,36,8311000.0,37541000.0,1,1824900.0,S2,pendidikan,sewa,wiraswasta,no
27,10523000.0,4858000.0,23308000.0,48,16358000.0,23963000.0,3,543900.0,S1,renovasi,milik,wiraswasta,yes
46,12425000.0,4489000.0,32261000.0,36,9993000.0,18702000.0,1,1003700.0,S1,modal_usaha,milik,wiraswasta,no
29,4848000.0,10939000.0,4998000.0,36,352000.0,6362000.0,2,155500.0,SMA,konsumtif,sewa,tetap,no
42,8342000.0,11776000.0,41338000.0,48,4331000.0,17598000.0,2,964600.0,SMA,modal_usaha,milik,tetap,no
36,14073000.0,8189000.0,73623000.0,24,12729000.0,37045000.0,1,3435700.0,S1,kendaraan,sewa,tetap,no
29,4290000.0,4994000.0,5313000.0,36,6165000.0,12558000.0,1,165300.0,SMA,kendaraan,milik,kontrak,no
25,4992000.0,8195000.0,24807000.0,36,2289000.0,4742000.0,1,771800.0,SMA,pendidikan,milik,wiraswasta,no
43,18566000.0,10439000.0,100980000.0,48,16874000.0,28503000.0,0,2356200.0,S1,modal_usaha,milik,kontrak,no
62,6075000.0,8390000.0,6288000.0,48,2527000.0,10088000.0,0,146700.0,SMA,konsumtif,sewa,tetap,no
29,12411000.0,19504000.0,74290000.0,60,6499000.0,20005000.0,1,1386700.0,SMA,pendidikan,sewa,kontrak,yes
38,3546000.0,484000.0,1862000.0,12,2078000.0,8046000.0,2,173800.0,SMA,kendaraan,sewa,tetap,no
30,5984000.0,11401000.0,30717000.0,48,3804000.0,11991000.0,2,716700.0,D3,kendaraan,sewa,kontrak,no
56,9069000.0,22172000.0,32382000.0,36,14944000.0,25040000.0,2,1007400.0,S1,modal_usaha,milik,kontrak,yes
39,27414000.0,47920000.0,158043000.0,24,16204000.0,35353000.0,3,7375300.0,S1,renovasi,milik,kontrak,yes
63,8101000.0,7092000.0,19115000.0,60,2272000.0,13598000.0,3,356800.0,SMA,kendaraan,milik,wiraswasta,no
31,4559000.0,5744000.0,11328000.0,48,3175000.0,9075000.0,4,264300.0,SMA,renovasi,milik,,no
24,5310000.0,3805000.0,27198000.0,48,4637000.0,13790000.0,1,634600.0,D3,kendaraan,milik,kontrak,no
46,9733000.0,16287000.0,42911000.0,12,18851000.0,25414000.0,3,4005000.0,D3,renovasi,sewa,kontrak,yes
49,8488000.0,19235000.0,32279000.0,24,7702000.0,22838000.0,2,1506400.0,D3,kendaraan,sewa,wiraswasta,yes
64,,14882000.0,76244000.0,60,24805000.0,36614000.0,2,1423200.0,S2,kendaraan,milik,wiraswasta,no
59,2407000.0,3399000.0,10241000.0,60,795000.0,3205000.0,2,191200.0,D3,kendaraan,milik,tetap,no
59,12088000.0,14466000.0,9225000.0,24,17465000.0,28984000.0,0,430500.0,D3,kendaraan,keluarga,tetap,no
48,15127000.0,25114000.0,17363000.0,24,21002000.0,43873000.0,1,810300.0,S2,pendidikan,milik,tetap,no
36,9973000.0,19457000.0,14929000.0,36,1462000.0,14238000.0,2,464500.0,SMA,konsumtif,sewa,tetap,no
39,23002000.0,28746000.0,33866000.0,12,12112000.0,28441000.0,3,3160800.0,S2,renovasi,sewa,wiraswasta,no
26,5978000.0,3391000.0,30703000.0,36,1890000.0,5078000.0,1,955200.0,D3,konsumtif,sewa,tetap,no
39,11867000.0,9832000.0,31683000.0,60,12022000.0,26893000.0,1,591400.0,D3,kendaraan,milik,tetap,no
37,7499000.0,9553000.0,23936000.0,24,6209000.0,14991000.0,3,1117000.0,S2,modal_usaha,keluarga,tetap,no
22,8549000.0,15241000.0,8478000.0,48,1343000.0,9373000.0,2,197800.0,D3,renovasi,milik,tetap,yes
29,5306000.0,13798000.0,28060000.0,36,1507000.0,6574000.0,1,873000.0,D3,konsumtif,sewa,tetap,yes
44,4235000.0,12564000.0,2357000.0,24,6133000.0,9558000.0,1,110000.0,SMA,modal_usaha,sewa,kontrak,no
37,9088000.0,3839000.0,8707000.0,36,3046000.0,15988000.0,0,270900.0,S1,modal_usaha,sewa,tetap,no
64,30166000.0,66481000.0,149823000.0,36,34729000.0,39611000.0,2,4661200.0,S1,modal_usaha,sewa,tetap,yes
42,7553000.0,9606000.0,9202000.0,48,8419000.0,16109000.0,3,214700.0,SMA,konsumtif,sewa,wiraswasta,no
63,30936000.0,101158000.0,150456000.0,36,16947000.0,28333000.0,1,4680900.0,S1,renovasi,sewa,wiraswasta,no
50,8913000.0,9624000.0,21634000.0,60,3428000.0,7448000.0,0,403800.0,S1,modal_usaha,sewa,tetap,no
22,9699000.0,17836000.0,46250000.0,12,7778000.0,13326000.0,0,4316700.0,D3,modal_usaha,sewa,tetap,yes
29,4108000.0,7648000.0,3192000.0,60,2696000.0,5903000.0,2,59600.0,SMA,pendidikan,sewa,tetap,no
52,11495000.0,15063000.0,27323000.0,36,3983000.0,11835000.0,1,850000.0,D3,renovasi,keluarga,tetap,no
44,7957000.0,15840000.0,25041000.0,24,1776000.0,8376000.0,0,1168600.0,SMA,modal_usaha,keluarga,tetap,no
34,8119000.0,1621000.0,32000000.0,12,6387000.0,9492000.0,3,2986700.0,SMA,renovasi,milik,wiraswasta,yes
43,9888000.0,7507000.0,50421000.0,24,5304000.0,23673000.0,0,2353000.0,D3,kendaraan,keluarga,tetap,no
60,6902000.0,7152000.0,12731000.0,36,3963000.0,17763000.0,1,396100.0,SMA,renovasi,sewa,tetap,no
38,9628000.0,8351000.0,39705000.0,60,8245000.0,11549000.0,0,741200.0,SMA,pendidikan,sewa,kontrak,no
22,16440000.0,10384000.0,21943000.0,48,25238000.0,36906000.0,0,512000.0,S1,kendaraan,sewa,wiraswasta,no
34,4636000.0,2507000.0,22593000.0,12,1103000.0,6092000.0,0,2108700.0,SMA,kendaraan,milik,tetap,yes
62,8454000.0,18440000.0,47619000.0,24,4213000.0,23131000.0,2,2222200.0,S2,modal_usaha,milik,tetap,yes
54,20930000.0,32133000.0,15908000.0,36,13765000.0,29127000.0,2,494900.0,S2,renovasi,milik,tetap,no
57,12200000.0,3001000.0,11458000.0,48,1562000.0,13243000.0,1,267400.0,S1,konsumtif,keluarga,wiraswasta,no
61,,23123000.0,86372000.0,48,19090000.0,31573000.0,3,2015300.0,S2,modal_usaha,sewa,wiraswasta,no
26,10410000.0,9266000.0,55603000.0,24,1253000.0,11860000.0,1,2594800.0,S1,konsumtif,milik,wiraswasta,yes
33,4822000.0,7395000.0,19602000.0,12,3953000.0,5962000.0,1,1829500.0,SMA,renovasi,sewa,tetap,yes
23,6804000.0,22179000.0,20661000.0,12,4729000.0,10519000.0,2,1928400.0,S1,pendidikan,sewa,tetap,yes
21,4561000.0,2566000.0,21573000.0,36,4082000.0,10279000.0,1,671200.0,SMA,renovasi,sewa,tetap,no
57,27437000.0,20591000.0,58946000.0,12,13590000.0,29003000.0,0,5501600.0,S1,kendaraan,milik,tetap,yes
62,12604000.0,9813000.0,75052000.0,24,3981000.0,17961000.0,2,3502400.0,D3,modal_usaha,sewa,tetap,no
27,,2522000.0,15740000.0,48,1449000.0,8194000.0,0,367300.0,SMA,kendaraan,keluarga,tetap,no
52,4866000.0,1556000.0,26175000.0,36,3411000.0,6824000.0,0,814300.0,SMA,modal_usaha,milik,wiraswasta,no
44,14867000.0,21657000.0,77336000.0,60,4234000.0,17403000.0,3,1443600.0,S2,modal_usaha,sewa,,no
24,3029000.0,2332000.0,17056000.0,48,2342000.0,5979000.0,2,398000.0,SMA,modal_usaha,milik,tetap,no
61,4852000.0,5639000.0,4147000.0,24,886000.0,4237000.0,2,193500.0,SMA,konsumtif,sewa,tetap,no
59,12585000.0,10363000.0,69185000.0,12,13290000.0,32327000.0,2,6457300.0,SMA,kendaraan,sewa,wiraswasta,yes
45,,40207000.0,23267000.0,36,8610000.0,16066000.0,0,723900.0,D3,renovasi,keluarga,wiraswasta,yes
52,,17095000.0,27146000.0,48,4934000.0,11978000.0,1,633400.0,S1,modal_usaha,milik,tetap,no
38,11480000.0,17711000.0,29138000.0,36,5461000.0,29596000.0,1,906500.0,S1,konsumtif,keluarga,wiraswasta,no
55,11931000.0,22751000.0,21218000.0,60,7093000.0,31666000.0,2,396100.0,D3,modal_usaha,keluarga,tetap,no
40,8807000.0,12627000.0,25640000.0,48,8949000.0,21281000.0,1,598300.0,SMA,modal_usaha,keluarga,wiraswasta,no
64,13580000.0,46189000.0,44547000.0,36,7304000.0,17873000.0,5,1385900.0,SMA,modal_usaha,sewa,kontrak,no
23,1908000.0,2943000.0,2514000.0,12,1692000.0,3738000.0,0,234600.0,D3,modal_usaha,milik,kontrak,no
28,7540000.0,5948000.0,18679000.0,24,6248000.0,22107000.0,0,871700.0,S1,konsumtif,sewa,tetap,no
63,,19610000.0,48093000.0,36,12658000.0,36866000.0,0,1496200.0,S1,pendidikan,sewa,kontrak,no
33,6134000.0,14553000.0,25828000.0,24,5873000.0,17722000.0,1,1205300.0,D3,renovasi,milik,tetap,yes
34,9514000.0,5826000.0,35148000.0,48,14745000.0,21768000.0,1,820100.0,S1,kendaraan,keluarga,tetap,no
55,15368000.0,2062000.0,68212000.0,36,9856000.0,40863000.0,1,2122200.0,D3,kendaraan,milik,tetap,no
29,8872000.0,6718000.0,42689000.0,24,8223000.0,10853000.0,1,1992200.0,S1,modal_usaha,keluarga,kontrak,yes
43,17410000.0,40495000.0,72574000.0,48,18158000.0,49424000.0,1,1693400.0,D3,modal_usaha,keluarga,tetap,no
33,15266000.0,27751000.0,27889000.0,36,4618000.0,40873000.0,1,867700.0,S1,modal_usaha,sewa,tetap,yes
29,6509000.0,12145000.0,21230000.0,24,1073000.0,16449000.0,1,990700.0,D3,renovasi,keluarga,tetap,no
63,17982000.0,6973000.0,55136000.0,36,42242000.0,51621000.0,1,1715300.0,S2,modal_usaha,milik,kontrak,no
29,1904000.0,654000.0,1727000.0,36,4293000.0,4828000.0,0,53700.0,D3,renovasi,milik,tetap,no
25,4426000.0,2711000.0,23987000.0,36,732000.0,9157000.0,3,746300.0,SMA,modal_usaha,milik,,no
50,4373000.0,7389000.0,4386000.0,24,1197000.0,9739000.0,1,204700.0,SMA,kendaraan,milik,tetap,no
59,13014000.0,21899000.0,76398000.0,36,16926000.0,33914000.0,2,2376800.0,D3,renovasi,milik,tetap,no
26,6968000.0,1759000.0,4701000.0,36,4773000.0,17059000.0,1,146300.0,D3,kendaraan,milik,wiraswasta,no
52,17701000.0,27099000.0,79889000.0,12,21373000.0,37206000.0,0,7456300.0,S1,kendaraan,milik,tetap,yes
44,21010000.0,44838000.0,43736000.0,24,37955000.0,44452000.0,2,2041000.0,S1,kendaraan,sewa,kontrak,no
57,9013000.0,28393000.0,49355000.0,36,17712000.0,24665000.0,1,1535500.0,SMA,renovasi,milik,wiraswasta,no
26,22616000.0,23591000.0,113808000.0,24,10721000.0,18586000.0,6,5311000.0,S1,renovasi,sewa,tetap,no
63,17516000.0,8180000.0,11168000.0,60,7677000.0,41679000.0,2,208500.0,S1,modal_usaha,sewa,kontrak,no
48,5360000.0,5092000.0,3327000.0,24,1420000.0,10958000.0,0,155300.0,D3,modal_usaha,sewa,tetap,no
58,8985000.0,11122000.0,34301000.0,48,7955000.0,23759000.0,1,800400.0,D3,modal_usaha,keluarga,wiraswasta,no
36,5284000.0,16433000.0,6989000.0,60,4437000.0,6615000.0,3,130500.0,SMA,modal_usaha,sewa,tetap,no
62,16231000.0,8078000.0,9379000.0,24,11152000.0,31744000.0,0,437700.0,D3,kendaraan,sewa,tetap,no
48,7863000.0,19804000.0,45784000.0,36,2678000.0,8498000.0,1,1424400.0,S1,kendaraan,milik,tetap,yes
26,8832000.0,9849000.0,35158000.0,12,4741000.0,19878000.0,2,3281400.0,S2,renovasi,milik,wiraswasta,yes
61,14154000.0,22142000.0,7920000.0,36,20822000.0,35106000.0,0,246400.0,S1,kendaraan,sewa,tetap,no
56,7322000.0,8744000.0,23415000.0,60,6760000.0,15902000.0,1,437100.0,SMA,renovasi,keluarga,wiraswasta,no
34,13486000.0,55374000.0,18428000.0,60,18679000.0,27248000.0,0,344000.0,S1,kendaraan,sewa,wiraswasta,yes
45,15227000.0,18872000.0,75046000.0,36,3321000.0,23685000.0,0,2334800.0,S1,pendidikan,keluarga,wiraswasta,no
38,10951000.0,3299000.0,7203000.0,48,17348000.0,24175000.0,2,168100.0,SMA,modal_usaha,keluarga,tetap,no
44,9656000.0,14429000.0,24527000.0,48,7900000.0,26833000.0,3,572300.0,S1,renovasi,keluarga,kontrak,no
63,17455000.0,20201000.0,31579000.0,24,22112000.0,41667000.0,0,1473700.0,SMA,konsumtif,sewa,tetap,no
60,5211000.0,4549000.0,30718000.0,48,722000.0,4432000.0,3,716800.0,SMA,modal_usaha,keluarga,tetap,no
30,3003000.0,2436000.0,2792000.0,24,3088000.0,5763000.0,0,130300.0,SMA,renovasi,sewa,tetap,no
63,,9874000.0,26239000.0,60,1924000.0,14240000.0,1,489800.0,SMA,renovasi,milik,wiraswasta,no
40,10471000.0,27748000.0,32765000.0,48,7589000.0,19991000.0,1,764500.0,S1,kendaraan,milik,tetap,no
52,17842000.0,11022000.0,89044000.0,36,15388000.0,37486000.0,3,2770300.0,D3,modal_usaha,keluarga,wiraswasta,no
54,,4646000.0,11060000.0,24,6081000.0,18488000.0,4,516100.0,SMA,renovasi,milik,tetap,no
42,7000000.0,12709000.0,36429000.0,60,1468000.0,19059000.0,0,680000.0,D3,modal_usaha,milik,wiraswasta,no
41,7731000.0,15343000.0,44276000.0,12,5095000.0,7568000.0,3,4132400.0,D3,renovasi,sewa,wiraswasta,yes
41,8849000.0,20261000.0,14796000.0,36,3736000.0,17019000.0,0,460300.0,SMA,renovasi,milik,tetap,no
58,7490000.0,4925000.0,13745000.0,36,7326000.0,16247000.0,2,427600.0,SMA,renovasi,sewa,kontrak,no
37,7771000.0,13229000.0,45073000.0,24,9580000.0,20783000.0,3,2103400.0,S1,pendidikan,keluarga,tetap,yes
33,3232000.0,5086000.0,9333000.0,12,2289000.0,4473000.0,2,871100.0,SMA,renovasi,sewa,tetap,yes
36,7502000.0,9120000.0,38214000.0,24,3730000.0,8310000.0,3,1783300.0,S1,konsumtif,milik,kontrak,no
29,9359000.0,22015000.0,48043000.0,60,6903000.0,19782000.0,2,896800.0,SMA,renovasi,milik,wiraswasta,no
38,10479000.0,14521000.0,23155000.0,48,4340000.0,19163000.0,1,540300.0,S1,modal_usaha,sewa,kontrak,no
26,5810000.0,2727000.0,8618000.0,48,5573000.0,7942000.0,2,201100.0,S1,renovasi,milik,wiraswasta,no
24,8782000.0,23475000.0,22095000.0,36,5346000.0,25243000.0,1,687400.0,SMA,kendaraan,milik,kontrak,no
52,6405000.0,2520000.0,24054000.0,36,3158000.0,9599000.0,1,748300.0,SMA,modal_usaha,milik,tetap,no
24,18457000.0,22941000.0,59689000.0,36,5972000.0,17011000.0,1,1857000.0,S2,renovasi,milik,wiraswasta,no
46,17533000.0,40852000.0,79817000.0,36,5253000.0,16294000.0,0,2483200.0,D3,konsumtif,keluarga,wiraswasta,no
55,14009000.0,14693000.0,49290000.0,48,4696000.0,17405000.0,3,1150100.0,S1,modal_usaha,milik,tetap,no
52,4247000.0,2350000.0,20939000.0,24,1859000.0,4488000.0,0,977200.0,SMA,konsumtif,milik,wiraswasta,no
40,18817000.0,18920000.0,20165000.0,60,3428000.0,31393000.0,1,376400.0,SMA,renovasi,sewa,wiraswasta,no
29,8172000.0,18358000.0,23822000.0,60,4480000.0,7984000.0,0,444700.0,D3,modal_usaha,milik,wiraswasta,no
61,13154000.0,7939000.0,7739000.0,36,7342000.0,26763000.0,2,240800.0,S1,kendaraan,milik,wiraswasta,no
57,,25264000.0,16330000.0,60,9107000.0,23819000.0,1,304800.0,SMA,renovasi,milik,tetap,no
47,16225000.0,30549000.0,37695000.0,48,5064000.0,34323000.0,0,879600.0,S1,modal_usaha,keluarga,tetap,no
24,14103000.0,13975000.0,76979000.0,12,7806000.0,41975000.0,1,7184700.0,S1,kendaraan,milik,tetap,yes
22,3605000.0,4167000.0,9340000.0,12,3800000.0,10751000.0,0,871700.0,SMA,kendaraan,sewa,tetap,no
34,6957000.0,17356000.0,13942000.0,48,660000.0,11948000.0,1,325300.0,SMA,renovasi,sewa,wiraswasta,yes
27,3117000.0,8333000.0,13058000.0,48,3197000.0,5011000.0,1,304700.0,SMA,kendaraan,milik,tetap,no
58,15617000.0,24215000.0,68232000.0,24,23590000.0,35910000.0,0,3184200.0,D3,modal_usaha,sewa,tetap,no
30,8621000.0,18538000.0,27133000.0,36,5953000.0,13870000.0,2,844100.0,S1,modal_usaha,milik,tetap,no
33,8372000.0,9363000.0,17471000.0,36,11639000.0,21032000.0,2,543500.0,D3,modal_usaha,milik,tetap,no
63,9513000.0,762000.0,20548000.0,36,4352000.0,20202000.0,1,639300.0,SMA,konsumtif,sewa,wiraswasta,no
57,12649000.0,8029000.0,19233000.0,12,2950000.0,15670000.0,1,1795100.0,S1,modal_usaha,milik,wiraswasta,no
30,5893000.0,705000.0,14699000.0,24,1363000.0,10093000.0,2,686000.0,S1,konsumtif,keluarga,tetap,no
37,11316000.0,13177000.0,16130000.0,48,3227000.0,30554000.0,1,376400.0,D3,renovasi,sewa,kontrak,no
43,21517000.0,2843000.0,86844000.0,12,14828000.0,43408000.0,0,8105400.0,S1,renovasi,milik,kontrak,yes
50,6259000.0,2549000.0,33929000.0,36,3702000.0,14783000.0,3,1055600.0,SMA,kendaraan,milik,kontrak,yes
62,19877000.0,20022000.0,37734000.0,36,15507000.0,46943000.0,0,1173900.0,S1,modal_usaha,sewa,tetap,no
59,14310000.0,43155000.0,26219000.0,60,8313000.0,26627000.0,1,489400.0,D3,modal_usaha,keluarga,tetap,no
63,12707000.0,23709000.0,69124000.0,60,2642000.0,18426000.0,1,1290300.0,D3,modal_usaha,milik,tetap,no
22,2444000.0,2919000.0,8858000.0,60,2503000.0,5162000.0,0,165300.0,SMA,renovasi,milik,wiraswasta,no
31,4937000.0,8881000.0,22284000.0,36,1493000.0,5178000.0,1,693300.0,S1,renovasi,sewa,tetap,no
45,8029000.0,7845000.0,43278000.0,12,3406000.0,16975000.0,0,4039300.0,S1,modal_usaha,sewa,kontrak,no
23,1889000.0,4239000.0,7853000.0,24,554000.0,1938000.0,1,366500.0,SMA,modal_usaha,sewa,kontrak,yes
36,,4131000.0,83810000.0,36,23982000.0,50905000.0,1,2607400.0,S1,kendaraan,sewa,kontrak,no
27,9737000.0,13960000.0,25591000.0,12,16274000.0,23724000.0,2,2388500.0,S1,pendidikan,milik,kontrak,yes
62,9845000.0,17309000.0,55722000.0,12,5297000.0,11801000.0,0,5200700.0,SMA,konsumtif,milik,tetap,yes
23,2866000.0,2926000.0,12529000.0,24,3610000.0,7240000.0,1,584700.0,S1,modal_usaha,keluarga,kontrak,no
27,2915000.0,3480000.0,2607000.0,24,850000.0,6987000.0,1,121700.0,D3,modal_usaha,milik,tetap,no
29,10649000.0,16373000.0,40186000.0,36,18832000.0,25585000.0,2,1250200.0,S2,renovasi,milik,tetap,no
27,12900000.0,3587000.0,13166000.0,60,10330000.0,19835000.0,2,245800.0,SMA,modal_usaha,milik,wiraswasta,no
46,5464000.0,16095000.0,18423000.0,24,5708000.0,10655000.0,2,859700.0,SMA,renovasi,milik,wiraswasta,yes
37,11695000.0,5338000.0,11539000.0,12,5991000.0,24427000.0,3,1077000.0,D3,renovasi,milik,wiraswasta,no
61,7897000.0,18093000.0,31192000.0,36,2757000.0,12867000.0,1,970400.0,SMA,pendidikan,keluarga,tetap,yes
32,9257000.0,15917000.0,27864000.0,24,6175000.0,18818000.0,2,1300300.0,S1,modal_usaha,keluarga,wiraswasta,no
44,15535000.0,4691000.0,55024000.0,60,3530000.0,20768000.0,1,1027100.0,D3,konsumtif,sewa,tetap,no
50,6881000.0,3017000.0,28000000.0,36,5539000.0,18749000.0,1,871100.0,SMA,konsumtif,milik,tetap,no
48,,3715000.0,13298000.0,24,9924000.0,20637000.0,1,620600.0,D3,pendidikan,sewa,tetap,no
56,26328000.0,19794000.0,59432000.0,48,2260000.0,39987000.0,2,1386700.0,S1,renovasi,milik,wiraswasta,no
29,8732000.0,7018000.0,27518000.0,36,4139000.0,13563000.0,0,856100.0,S1,kendaraan,milik,tetap,no
43,14433000.0,38805000.0,52171000.0,36,2409000.0,18412000.0,2,1623100.0,D3,modal_usaha,milik,tetap,yes
56,6581000.0,5233000.0,36722000.0,24,6204000.0,17785000.0,0,1713700.0,SMA,pendidikan,sewa,tetap,yes
58,17488000.0,11466000.0,42591000.0,24,3318000.0,20276000.0,2,1987600.0,SMA,renovasi,milik,tetap,no
48,,6729000.0,51140000.0,12,27387000.0,34836000.0,3,4773100.0,S1,konsumtif,milik,tetap,yes
49,14912000.0,34272000.0,83119000.0,48,801000.0,39235000.0,1,1939400.0,S1,renovasi,sewa,kontrak,no
59,15576000.0,5604000.0,69283000.0,24,11204000.0,23297000.0,0,3233200.0,S1,pendidikan,keluarga,tetap,no
48,9593000.0,22976000.0,22120000.0,12,11526000.0,24068000.0,1,2064500.0,S1,kendaraan,sewa,kontrak,yes
62,9972000.0,26956000.0,27731000.0,36,5565000.0,17915000.0,0,862700.0,SMA,kendaraan,sewa,tetap,yes
26,6641000.0,5711000.0,35419000.0,36,3311000.0,10404000.0,1,1101900.0,S1,modal_usaha,milik,tetap,yes
36,9624000.0,20040000.0,27980000.0,24,14685000.0,26615000.0,1,1305700.0,SMA,pendidikan,milik,tetap,no
25,4679000.0,5499000.0,8826000.0,60,4052000.0,8412000.0,0,164800.0,SMA,konsumtif,milik,tetap,no
24,3200000.0,1475000.0,10806000.0,36,250000.0,2949000.0,4,336200.0,D3,renovasi,milik,wiraswasta,no
41,4002000.0,5710000.0,6095000.0,60,2998000.0,8788000.0,0,113800.0,D3,modal_usaha,milik,tetap,no
30,,9410000.0,18469000.0,24,7110000.0,11216000.0,1,861900.0,S2,konsumtif,keluarga,wiraswasta,yes
38,8556000.0,16519000.0,50936000.0,36,9276000.0,18791000.0,3,1584700.0,SMA,konsumtif,milik,tetap,no
40,6211000.0,7417000.0,36217000.0,36,2398000.0,9892000.0,2,1126800.0,S1,modal_usaha,milik,,no
48,13784000.0,2552000.0,53425000.0,36,14325000.0,31606000.0,1,1662100.0,S1,modal_usaha,milik,tetap,no
62,16477000.0,3605000.0,88556000.0,12,8456000.0,23734000.0,1,8265200.0,S1,modal_usaha,milik,tetap,no
58,17451000.0,15586000.0,86964000.0,24,2765000.0,31789000.0,3,4058300.0,S2,kendaraan,milik,wiraswasta,no
37,9658000.0,19908000.0,55328000.0,48,4816000.0,12331000.0,1,1291000.0,D3,konsumtif,sewa,kontrak,no
35,8213000.0,5805000.0,43546000.0,48,3847000.0,17651000.0,0,1016100.0,D3,renovasi,sewa,kontrak,no
54,2553000.0,3436000.0,13911000.0,12,4614000.0,6595000.0,5,1298400.0,SMA,konsumtif,milik,tetap,yes
26,4513000.0,4324000.0,7954000.0,12,2712000.0,4580000.0,1,742400.0,SMA,modal_usaha,sewa,tetap,no
44,,8767000.0,18577000.0,12,2950000.0,11662000.0,0,1733900.0,S1,renovasi,milik,kontrak,no
39,17195000.0,16292000.0,12756000.0,36,3650000.0,42549000.0,0,396900.0,D3,modal_usaha,milik,kontrak,no
29,11768000.0,19238000.0,48557000.0,24,5730000.0,17774000.0,0,2266000.0,SMA,konsumtif,keluarga,tetap,yes
48,4200000.0,1424000.0,23664000.0,48,1883000.0,6352000.0,2,552200.0,SMA,modal_usaha,keluarga,kontrak,no
35,6535000.0,3691000.0,38989000.0,12,924000.0,13347000.0,0,3639000.0,D3,konsumtif,milik,kontrak,yes
29,4228000.0,9249000.0,21934000.0,48,3060000.0,7910000.0,3,511800.0,S1,kendaraan,sewa,tetap,yes
49,,5687000.0,79349000.0,48,9947000.0,16704000.0,1,1851500.0,SMA,konsumtif,sewa,tetap,no
28,13254000.0,21959000.0,44452000.0,12,12696000.0,32777000.0,3,4148900.0,S1,pendidikan,keluarga,wiraswasta,yes
50,14618000.0,10367000.0,43646000.0,48,12295000.0,17363000.0,0,1018400.0,S1,pendidikan,milik,tetap,no
28,9054000.0,3398000.0,36413000.0,60,14336000.0,23697000.0,0,679700.0,S1,modal_usaha,milik,tetap,no
40,12501000.0,15598000.0,7812000.0,36,18641000.0,31022000.0,1,243000.0,SMA,modal_usaha,sewa,wiraswasta,no
56,23989000.0,48214000.0,116797000.0,24,10307000.0,28017000.0,0,5450500.0,S1,kendaraan,milik,wiraswasta,no
31,9618000.0,4248000.0,39589000.0,36,16488000.0,23738000.0,2,1231700.0,SMA,modal_usaha,keluarga,tetap,no
54,,23464000.0,18979000.0,24,12937000.0,29806000.0,0,885700.0,D3,renovasi,milik,tetap,no
52,11060000.0,5970000.0,44199000.0,60,7091000.0,32738000.0,0,825000.0,S1,modal_usaha,sewa,,no
60,21109000.0,33341000.0,80153000.0,36,11504000.0,49944000.0,0,2493600.0,S1,pendidikan,milik,tetap,no
28,7812000.0,12168000.0,37763000.0,48,636000.0,12956000.0,0,881100.0,SMA,modal_usaha,sewa,,no
52,11878000.0,13246000.0,60651000.0,36,13784000.0,25705000.0,2,1886900.0,S1,modal_usaha,milik,wiraswasta,no
62,8520000.0,12991000.0,16135000.0,24,10688000.0,19222000.0,0,753000.0,SMA,modal_usaha,milik,wiraswasta,no
54,22342000.0,5035000.0,111255000.0,36,34845000.0,54524000.0,0,3461300.0,S1,modal_usaha,milik,tetap,no
29,22541000.0,6081000.0,33846000.0,48,17802000.0,41272000.0,0,789700.0,S2,pendidikan,sewa,wiraswasta,no
57,8111000.0,3012000.0,21642000.0,24,5594000.0,21258000.0,2,1010000.0,D3,modal_usaha,milik,,no
25,7071000.0,6766000.0,22695000.0,24,4543000.0,10121000.0,0,1059100.0,S1,kendaraan,milik,tetap,no
46,13605000.0,33517000.0,67033000.0,60,18518000.0,39718000.0,0,1251300.0,S1,kendaraan,keluarga,wiraswasta,no
42,13456000.0,18002000.0,73415000.0,24,3519000.0,19955000.0,0,3426000.0,S1,modal_usaha,milik,tetap,no
44,8859000.0,16778000.0,5268000.0,48,2504000.0,7819000.0,2,122900.0,S1,renovasi,milik,tetap,no
43,25689000.0,24824000.0,117009000.0,24,14230000.0,31862000.0,0,5460400.0,S1,modal_usaha,sewa,tetap,no
22,5873000.0,1444000.0,31282000.0,48,14058000.0,16681000.0,2,729900.0,SMA,renovasi,milik,tetap,no
43,,13595000.0,80367000.0,36,15252000.0,35483000.0,2,2500300.0,S1,kendaraan,sewa,wiraswasta,no
62,22021000.0,29311000.0,43456000.0,12,12396000.0,38903000.0,2,4055900.0,SMA,pendidikan,milik,tetap,no
40,10617000.0,19291000.0,15408000.0,12,19438000.0,29636000.0,2,1438100.0,S2,konsumtif,keluarga,tetap,no
33,5690000.0,6367000.0,18459000.0,24,6889000.0,7639000.0,1,861400.0,SMA,konsumtif,milik,wiraswasta,no
64,5886000.0,4448000.0,32111000.0,36,4663000.0,7733000.0,0,999000.0,SMA,modal_usaha,milik,tetap,no
25,7366000.0,2581000.0,16469000.0,24,3301000.0,7983000.0,2,768600.0,S1,kendaraan,keluarga,wiraswasta,no
42,3563000.0,5772000.0,11679000.0,24,4250000.0,6318000.0,1,545000.0,SMA,renovasi,sewa,tetap,yes
43,12367000.0,9097000.0,73900000.0,36,13005000.0,23882000.0,0,2299100.0,D3,renovasi,milik,kontrak,no
42,13059000.0,9838000.0,39284000.0,60,2764000.0,14617000.0,2,733300.0,S1,pendidikan,milik,wiraswasta,no
61,8652000.0,11855000.0,34222000.0,12,2388000.0,9103000.0,2,3194100.0,SMA,pendidikan,sewa,wiraswasta,yes
39,6305000.0,11783000.0,37677000.0,36,4340000.0,10460000.0,3,1172200.0,SMA,konsumtif,sewa,tetap,yes
63,,16415000.0,44943000.0,60,3381000.0,23395000.0,0,838900.0,D3,konsumtif,milik,kontrak,no
23,2966000.0,1160000.0,5935000.0,36,2030000.0,6120000.0,3,184600.0,SMA,renovasi,sewa,tetap,no
53,9303000.0,6842000.0,19118000.0,60,8161000.0,18174000.0,4,356900.0,SMA,kendaraan,milik,tetap,no
47,10436000.0,12722000.0,40633000.0,36,5768000.0,12079000.0,3,1264100.0,SMA,konsumtif,keluarga,tetap,no
31,3191000.0,3502000.0,4451000.0,36,760000.0,2646000.0,0,138500.0,D3,kendaraan,sewa,kontrak,no
31,7773000.0,5729000.0,10920000.0,48,2442000.0,17245000.0,1,254800.0,SMA,kendaraan,sewa,tetap,yes
52,3924000.0,1776000.0,7576000.0,24,6221000.0,9811000.0,2,353500.0,SMA,pendidikan,sewa,wiraswasta,no
49,11630000.0,15842000.0,40416000.0,36,10103000.0,21797000.0,0,1257400.0,S1,kendaraan,milik,tetap,no
47,7007000.0,6983000.0,36037000.0,36,3459000.0,14477000.0,0,1121200.0,S1,modal_usaha,milik,tetap,no
23,9417000.0,19393000.0,32121000.0,12,11813000.0,27458000.0,1,2998000.0,SMA,modal_usaha,keluarga,wiraswasta,yes
47,4526000.0,1143000.0,21745000.0,36,3609000.0,11265000.0,3,676500.0,SMA,renovasi,keluarga,kontrak,no
64,7644000.0,7291000.0,44080000.0,48,1976000.0,11729000.0,1,1028500.0,S1,konsumtif,milik,tetap,no
21,7866000.0,10563000.0,35948000.0,12,7670000.0,21007000.0,2,3355100.0,S1,renovasi,keluarga,kontrak,yes
41,7073000.0,7704000.0,28542000.0,36,10846000.0,14193000.0,1,888000.0,D3,modal_usaha,milik,tetap,no
42,4408000.0,6445000.0,2403000.0,12,2697000.0,8588000.0,3,224300.0,D3,renovasi,sewa,,no
60,12196000.0,9658000.0,36177000.0,24,10688000.0,28321000.0,1,1688300.0,SMA,renovasi,keluarga,wiraswasta,no
33,,2882000.0,7407000.0,36,677000.0,6547000.0,0,230400.0,S1,konsumtif,milik,wiraswasta,no
41,8299000.0,17959000.0,27539000.0,12,6163000.0,22720000.0,2,2570300.0,S2,renovasi,milik,tetap,yes
52,,17012000.0,71345000.0,36,7431000.0,14541000.0,1,2219600.0,S2,pendidikan,milik,wiraswasta,no
23,7096000.0,13029000.0,16054000.0,12,1639000.0,12263000.0,1,1498400.0,SMA,konsumtif,sewa,wiraswasta,no
56,16046000.0,34091000.0,22213000.0,60,7506000.0,15127000.0,2,414600.0,SMA,konsumtif,sewa,tetap,no
57,14980000.0,16434000.0,75536000.0,48,2081000.0,35231000.0,1,1762500.0,SMA,konsumtif,sewa,wiraswasta,no
52,7780000.0,11642000.0,46277000.0,24,5510000.0,10850000.0,0,2159600.0,SMA,kendaraan,keluarga,tetap,no
49,2649000.0,2324000.0,12690000.0,12,932000.0,4598000.0,2,1184400.0,SMA,renovasi,milik,wiraswasta,no
53,15711000.0,34581000.0,19814000.0,24,38450000.0,43205000.0,0,924700.0,S1,kendaraan,keluarga,kontrak,no
55,17052000.0,1300000.0,60173000.0,12,2830000.0,20630000.0,0,5616100.0,SMA,pendidikan,milik,tetap,no
60,32450000.0,16465000.0,88541000.0,48,5070000.0,26121000.0,1,2066000.0,S2,renovasi,keluarga,tetap,no
39,8124000.0,12962000.0,32365000.0,36,8358000.0,16832000.0,1,1006900.0,SMA,pendidikan,sewa,tetap,no
41,4004000.0,7516000.0,16726000.0,36,3768000.0,7057000.0,0,520400.0,SMA,konsumtif,keluarga,tetap,yes
49,9680000.0,14702000.0,47809000.0,48,3523000.0,8914000.0,3,1115500.0,S1,modal_usaha,keluarga,wiraswasta,no
29,20424000.0,25864000.0,37181000.0,48,2773000.0,29650000.0,0,867600.0,S1,konsumtif,milik,tetap,no
58,6116000.0,7670000.0,35508000.0,36,3893000.0,8110000.0,0,1104700.0,D3,kendaraan,sewa,tetap,yes
54,,13488000.0,13453000.0,36,1987000.0,10992000.0,2,418500.0,S1,renovasi,milik,kontrak,no
48,11854000.0,14690000.0,14018000.0,36,10862000.0,30077000.0,0,436100.0,SMA,renovasi,milik,kontrak,no
34,4965000.0,9042000.0,25117000.0,36,3724000.0,7301000.0,0,781400.0,SMA,renovasi,sewa,tetap,no
36,4575000.0,7986000.0,13944000.0,24,2689000.0,8588000.0,1,650700.0,D3,renovasi,sewa,,no
40,16644000.0,28204000.0,53199000.0,24,6238000.0,23038000.0,0,2482600.0,D3,modal_usaha,sewa,wiraswasta,no
50,15363000.0,28699000.0,34614000.0,24,20310000.0,44417000.0,2,1615300.0,S1,modal_usaha,sewa,tetap,no
55,7409000.0,7387000.0,5596000.0,24,9325000.0,18547000.0,2,261100.0,SMA,renovasi,milik,tetap,no
50,7455000.0,9177000.0,11666000.0,36,11063000.0,12906000.0,0,362900.0,S1,modal_usaha,milik,wiraswasta,no
61,,45600000.0,179298000.0,48,62153000.0,91747000.0,2,4183600.0,S1,modal_usaha,keluarga,tetap,no
63,10049000.0,15881000.0,17427000.0,24,6515000.0,14999000.0,1,813300.0,SMA,konsumtif,sewa,wiraswasta,no
52,15631000.0,3972000.0,93155000.0,60,9890000.0,15333000.0,2,1738900.0,SMA,pendidikan,milik,tetap,no
37,11854000.0,15815000.0,57187000.0,24,6770000.0,20711000.0,0,2668700.0,D3,konsumtif,milik,wiraswasta,no
47,,18852000.0,48350000.0,60,1844000.0,19108000.0,1,902500.0,S1,pendidikan,keluarga,tetap,no
39,8131000.0,14190000.0,43119000.0,24,9898000.0,12754000.0,2,2012200.0,S1,renovasi,milik,wiraswasta,no
48,23088000.0,40158000.0,102833000.0,24,11199000.0,38866000.0,3,4798900.0,S1,kendaraan,keluarga,,no
56,21555000.0,31405000.0,66045000.0,24,26868000.0,51123000.0,0,3082100.0,D3,pendidikan,milik,tetap,no
37,2734000.0,4586000.0,15156000.0,24,1878000.0,7573000.0,1,707300.0,SMA,pendidikan,sewa,tetap,no
43,11312000.0,6300000.0,32193000.0,24,11226000.0,31301000.0,2,1502300.0,D3,modal_usaha,milik,tetap,no
23,4683000.0,11273000.0,4809000.0,36,3376000.0,9678000.0,0,149600.0,SMA,modal_usaha,milik,wiraswasta,no
53,8277000.0,1336000.0,31291000.0,24,7873000.0,18084000.0,1,1460200.0,S1,modal_usaha,milik,kontrak,no
42,7832000.0,16469000.0,8463000.0,12,10218000.0,15446000.0,0,789900.0,SMA,modal_usaha,sewa,wiraswasta,no
41,3725000.0,486000.0,15290000.0,24,2358000.0,6022000.0,3,713500.0,SMA,konsumtif,sewa,tetap,no
44,7291000.0,17796000.0,43647000.0,36,2787000.0,17673000.0,0,1357900.0,D3,kendaraan,milik,tetap,no
30,4880000.0,7782000.0,20563000.0,36,4468000.0,5098000.0,0,639700.0,D3,modal_usaha,sewa,tetap,no
47,9446000.0,11599000.0,15662000.0,24,18036000.0,26135000.0,1,730900.0,S1,modal_usaha,milik,tetap,no
53,10240000.0,14166000.0,12884000.0,12,8512000.0,14584000.0,1,1202500.0,D3,renovasi,keluarga,tetap,no
36,7656000.0,9546000.0,18835000.0,48,7668000.0,9810000.0,0,439500.0,S2,renovasi,sewa,tetap,no
26,16452000.0,1265000.0,21416000.0,48,14103000.0,23079000.0,3,499700.0,S1,pendidikan,milik,tetap,no
38,12559000.0,13796000.0,45631000.0,36,10089000.0,32475000.0,0,1419600.0,S1,modal_usaha,sewa,tetap,no
29,19183000.0,31107000.0,92213000.0,36,8203000.0,26694000.0,2,2868800.0,S1,renovasi,milik,kontrak,no
37,9193000.0,25159000.0,37873000.0,24,3783000.0,19682000.0,3,1767400.0,S1,konsumtif,keluarga,kontrak,yes
48,,11418000.0,36640000.0,36,4599000.0,14629000.0,0,1139900.0,S1,renovasi,milik,wiraswasta,no
25,14094000.0,13356000.0,40814000.0,48,10832000.0,31628000.0,1,952300.0,D3,konsumtif,sewa,tetap,no
53,6543000.0,960000.0,9487000.0,48,2971000.0,13751000.0,1,221400.0,SMA,pendidikan,sewa,kontrak,no
30,8039000.0,6397000.0,32219000.0,24,21416000.0,24077000.0,2,1503600.0,S1,renovasi,keluarga,kontrak,no
60,13310000.0,15626000.0,37353000.0,36,6538000.0,19753000.0,1,1162100.0,SMA,pendidikan,milik,wiraswasta,no
53,4862000.0,8235000.0,10599000.0,36,2394000.0,7631000.0,0,329700.0,SMA,kendaraan,sewa,kontrak,no
32,12436000.0,7377000.0,51312000.0,48,6209000.0,15387000.0,1,1197300.0,S1,konsumtif,milik,tetap,yes
45,,20484000.0,24668000.0,36,3484000.0,17394000.0,2,767400.0,SMA,modal_usaha,milik,,no
25,11310000.0,16115000.0,16126000.0,48,15659000.0,29883000.0,4,376300.0,D3,pendidikan,milik,kontrak,no
25,11882000.0,12657000.0,37539000.0,24,5622000.0,15021000.0,0,1751800.0,S1,kendaraan,milik,wiraswasta,no
63,,42353000.0,38125000.0,24,12927000.0,53163000.0,0,1779200.0,SMA,renovasi,sewa,tetap,no
56,13234000.0,15101000.0,60005000.0,24,4568000.0,10970000.0,0,2800200.0,S1,pendidikan,milik,kontrak,no
27,3605000.0,7740000.0,2736000.0,36,833000.0,9270000.0,1,85100.0,SMA,modal_usaha,keluarga,tetap,no
33,23760000.0,36370000.0,123330000.0,36,31998000.0,55161000.0,1,3836900.0,S1,renovasi,keluarga,wiraswasta,no
29,4304000.0,5633000.0,13073000.0,36,8587000.0,12015000.0,1,406700.0,S1,renovasi,milik,wiraswasta,no
38,3409000.0,3668000.0,2003000.0,36,3688000.0,6641000.0,2,62300.0,SMA,renovasi,milik,wiraswasta,no
33,7635000.0,2677000.0,9418000.0,36,4815000.0,17546000.0,0,293000.0,SMA,kendaraan,milik,wiraswasta,no
35,12753000.0,3913000.0,72691000.0,36,4756000.0,11589000.0,3,2261500.0,SMA,konsumtif,sewa,wiraswasta,no
44,9794000.0,11361000.0,33824000.0,24,5238000.0,16332000.0,1,1578500.0,D3,modal_usaha,sewa,tetap,no
29,,11622000.0,40832000.0,24,3432000.0,21556000.0,0,1905500.0,SMA,renovasi,milik,kontrak,no
59,,5131000.0,39902000.0,24,6228000.0,7747000.0,2,1862100.0,S2,renovasi,sewa,tetap,yes
53,6778000.0,11389000.0,15330000.0,48,13252000.0,17089000.0,0,357700.0,SMA,konsumtif,milik,tetap,no
54,5773000.0,1838000.0,20252000.0,12,5270000.0,8534000.0,1,1890200.0,S1,kendaraan,milik,tetap,no
28,7688000.0,7631000.0,31342000.0,24,5568000.0,12121000.0,1,1462600.0,SMA,konsumtif,milik,kontrak,yes
52,8038000.0,13171000.0,41225000.0,24,11513000.0,17878000.0,1,1923800.0,S2,pendidikan,sewa,tetap,no
57,,7429000.0,14423000.0,36,708000.0,4988000.0,0,448700.0,SMA,pendidikan,sewa,wiraswasta,no
28,8498000.0,6801000.0,48733000.0,60,6936000.0,18476000.0,1,909700.0,D3,konsumtif,milik,wiraswasta,no
54,21635000.0,29565000.0,83060000.0,48,19418000.0,60799000.0,2,1938100.0,S1,modal_usaha,milik,wiraswasta,yes
36,5818000.0,3074000.0,30872000.0,12,3838000.0,5855000.0,3,2881400.0,SMA,konsumtif,milik,tetap,yes
55,17656000.0,33087000.0,16923000.0,36,9310000.0,23952000.0,1,526500.0,S1,renovasi,sewa,wiraswasta,no
42,,14545000.0,27033000.0,12,1578000.0,7361000.0,2,2523100.0,SMA,konsumtif,milik,tetap,no
56,10130000.0,10871000.0,15047000.0,48,6267000.0,19648000.0,3,351100.0,D3,modal_usaha,sewa,tetap,yes
27,4047000.0,2224000.0,22321000.0,24,7173000.0,9746000.0,0,1041600.0,D3,modal_usaha,sewa,wiraswasta,yes
38,12971000.0,13251000.0,23250000.0,24,7053000.0,36813000.0,1,1085000.0,S1,modal_usaha,sewa,tetap,no
33,7802000.0,17944000.0,34496000.0,36,1838000.0,12559000.0,2,1073200.0,SMA,modal_usaha,milik,wiraswasta,no
31,8540000.0,4534000.0,7223000.0,36,840000.0,9627000.0,1,224700.0,SMA,modal_usaha,sewa,,no
34,6937000.0,7710000.0,11131000.0,60,4326000.0,5993000.0,3,207800.0,SMA,renovasi,milik,kontrak,no
37,3761000.0,225000.0,8497000.0,12,650000.0,5698000.0,2,793100.0,SMA,modal_usaha,milik,tetap,no
26,7122000.0,14867000.0,34188000.0,60,6132000.0,13723000.0,1,638200.0,SMA,modal_usaha,milik,wiraswasta,yes
52,,29920000.0,30323000.0,24,24011000.0,44833000.0,0,1415100.0,S2,renovasi,milik,kontrak,yes
45,7369000.0,7477000.0,36792000.0,12,2913000.0,9404000.0,4,3433900.0,D3,pendidikan,milik,tetap,yes
57,12403000.0,21811000.0,59998000.0,48,7749000.0,31241000.0,0,1400000.0,S1,modal_usaha,sewa,tetap,no
52,7613000.0,14587000.0,45352000.0,36,2666000.0,14145000.0,0,1411000.0,D3,pendidikan,keluarga,tetap,no
27,7929000.0,6717000.0,33494000.0,48,8937000.0,21476000.0,0,781500.0,SMA,pendidikan,keluarga,wiraswasta,no
24,3315000.0,4618000.0,13280000.0,36,3238000.0,8946000.0,0,413200.0,D3,renovasi,sewa,wiraswasta,no
39,4218000.0,4051000.0,16064000.0,36,5340000.0,11333000.0,0,499800.0,SMA,modal_usaha,keluarga,kontrak,no
42,6005000.0,11673000.0,6623000.0,24,3744000.0,10106000.0,3,309100.0,SMA,pendidikan,milik,tetap,no
31,14712000.0,7869000.0,48884000.0,60,382000.0,22975000.0,2,912500.0,D3,kendaraan,keluarga,kontrak,no
55,17618000.0,39215000.0,91317000.0,36,9550000.0,22129000.0,1,2841000.0,D3,renovasi,milik,tetap,no
46,6918000.0,5179000.0,4253000.0,36,6401000.0,9011000.0,3,132300.0,S2,pendidikan,sewa,tetap,no
53,15589000.0,8064000.0,18654000.0,48,2675000.0,33605000.0,3,435300.0,SMA,modal_usaha,milik,wiraswasta,no
25,11725000.0,27001000.0,44590000.0,12,16509000.0,34193000.0,2,4161700.0,D3,kendaraan,sewa,wiraswasta,yes
56,,9664000.0,27242000.0,48,1952000.0,11265000.0,1,635600.0,SMA,kendaraan,sewa,tetap,no
30,,2877000.0,3951000.0,36,1535000.0,3080000.0,4,122900.0,SMA,renovasi,sewa,wiraswasta,no
40,10094000.0,14151000.0,53429000.0,48,1545000.0,13459000.0,1,1246700.0,S1,pendidikan,milik,tetap,no
40,,30066000.0,26224000.0,48,2950000.0,24866000.0,2,611900.0,SMA,konsumtif,keluarga,tetap,no
57,28979000.0,39220000.0,88676000.0,36,23950000.0,36632000.0,0,2758800.0,S1,pendidikan,milik,kontrak,yes
33,4986000.0,670000.0,28628000.0,48,3884000.0,5013000.0,1,668000.0,D3,renovasi,milik,kontrak,no
31,12565000.0,26692000.0,35141000.0,48,4089000.0,12638000.0,1,820000.0,SMA,renovasi,milik,,no
35,4358000.0,5392000.0,16548000.0,12,8146000.0,11640000.0,1,1544500.0,S2,modal_usaha,milik,tetap,yes
36,6599000.0,4898000.0,37252000.0,48,4045000.0,10829000.0,1,869200.0,D3,konsumtif,sewa,tetap,no
28,6964000.0,21402000.0,13608000.0,36,14475000.0,19978000.0,1,423400.0,S1,pendidikan,milik,kontrak,yes
28,11325000.0,8779000.0,11389000.0,48,10759000.0,21436000.0,2,265700.0,D3,renovasi,sewa,kontrak,no
31,19821000.0,5444000.0,114351000.0,48,13933000.0,46011000.0,5,2668200.0,S2,konsumtif,keluarga,tetap,no
41,10505000.0,12222000.0,37598000.0,24,2267000.0,27516000.0,1,1754600.0,SMA,pendidikan,sewa,kontrak,no
36,,450000.0,24649000.0,12,3502000.0,11552000.0,1,2300600.0,D3,modal_usaha,sewa,kontrak,yes
38,14830000.0,24947000.0,78111000.0,24,3730000.0,17167000.0,2,3645200.0,S1,kendaraan,milik,kontrak,no
52,10481000.0,13135000.0,39518000.0,48,9988000.0,13381000.0,4,922100.0,SMA,konsumtif,milik,kontrak,yes
31,3355000.0,4491000.0,10375000.0,48,2251000.0,3792000.0,3,242100.0,D3,kendaraan,milik,tetap,no
61,7481000.0,13635000.0,23501000.0,48,6684000.0,13318000.0,0,548400.0,S2,renovasi,milik,tetap,no
54,21404000.0,9705000.0,30246000.0,48,12259000.0,24424000.0,0,705700.0,S1,kendaraan,milik,tetap,no
28,7748000.0,1357000.0,23202000.0,36,13280000.0,17293000.0,0,721800.0,S1,renovasi,sewa,tetap,no
34,5250000.0,9588000.0,26353000.0,36,1786000.0,8391000.0,1,819900.0,S1,renovasi,sewa,kontrak,no
29,7790000.0,11648000.0,46260000.0,60,6778000.0,22754000.0,2,863500.0,S1,pendidikan,keluarga,wiraswasta,yes
33,10830000.0,2268000.0,62618000.0,12,8167000.0,28120000.0,5,5844300.0,S1,modal_usaha,sewa,wiraswasta,yes
37,9518000.0,27652000.0,55128000.0,36,2956000.0,22781000.0,1,1715100.0,S1,modal_usaha,sewa,,yes
26,2596000.0,2324000.0,1569000.0,24,1357000.0,6010000.0,2,73200.0,SMA,pendidikan,keluarga,kontrak,no
21,11145000.0,13534000.0,37188000.0,12,3458000.0,9887000.0,2,3470900.0,SMA,modal_usaha,milik,wiraswasta,yes
40,16385000.0,9503000.0,26228000.0,36,4533000.0,16125000.0,1,816000.0,S1,renovasi,keluarga,wiraswasta,no
51,10931000.0,24738000.0,42457000.0,24,241000.0,19136000.0,0,1981300.0,S1,kendaraan,milik,,no
34,6578000.0,13821000.0,37508000.0,36,9203000.0,18500000.0,4,1166900.0,D3,konsumtif,milik,tetap,no
58,10916000.0,4712000.0,58090000.0,12,3099000.0,10991000.0,2,5421700.0,SMA,modal_usaha,sewa,kontrak,yes
37,3827000.0,4143000.0,20154000.0,24,3383000.0,6599000.0,1,940500.0,SMA,konsumtif,keluarga,wiraswasta,yes
60,13870000.0,18476000.0,34834000.0,24,14731000.0,35322000.0,1,1625600.0,D3,renovasi,milik,tetap,no
31,4873000.0,4011000.0,15869000.0,48,213000.0,7327000.0,4,370300.0,S1,modal_usaha,sewa,tetap,no
44,6992000.0,12723000.0,14338000.0,36,11938000.0,19890000.0,1,446100.0,SMA,kendaraan,keluarga,tetap,no
54,7930000.0,13365000.0,28121000.0,48,9571000.0,22651000.0,0,656200.0,S1,modal_usaha,milik,tetap,no
23,4643000.0,1866000.0,10069000.0,36,1240000.0,4296000.0,0,313300.0,S1,kendaraan,sewa,tetap,no
61,39768000.0,88701000.0,196773000.0,12,35029000.0,85743000.0,1,18365500.0,S2,kendaraan,milik,tetap,yes
37,6535000.0,10240000.0,19960000.0,36,2408000.0,7321000.0,3,621000.0,SMA,pendidikan,keluarga,tetap,no
42,14788000.0,10071000.0,64360000.0,12,13291000.0,26178000.0,1,6006900.0,S2,kendaraan,milik,tetap,no
48,4871000.0,7663000.0,25815000.0,24,2471000.0,13518000.0,1,1204700.0,S1,kendaraan,sewa,wiraswasta,yes
49,9373000.0,11455000.0,20139000.0,36,4466000.0,9011000.0,0,626500.0,S1,renovasi,sewa,tetap,no
22,5978000.0,8970000.0,23443000.0,48,10045000.0,17110000.0,1,547000.0,SMA,pendidikan,milik,kontrak,no
59,12857000.0,35273000.0,66239000.0,48,22573000.0,38414000.0,4,1545600.0,D3,renovasi,keluarga,tetap,yes
48,4568000.0,8337000.0,26170000.0,24,5343000.0,10390000.0,0,1221300.0,S1,pendidikan,milik,tetap,yes
64,11355000.0,7017000.0,15861000.0,36,2652000.0,17984000.0,0,493500.0,SMA,pendidikan,milik,tetap,no
41,10049000.0,17193000.0,42686000.0,36,10843000.0,13589000.0,0,1328000.0,D3,renovasi,sewa,wiraswasta,no
47,21077000.0,20162000.0,60991000.0,48,1335000.0,36921000.0,1,1423100.0,S1,renovasi,milik,kontrak,no
40,7765000.0,16014000.0,16076000.0,60,2355000.0,9284000.0,0,300100.0,S1,pendidikan,keluarga,tetap,no
60,3510000.0,2106000.0,4800000.0,36,668000.0,2963000.0,0,149300.0,SMA,kendaraan,sewa,wiraswasta,no
57,7257000.0,6948000.0,26993000.0,24,4278000.0,6807000.0,0,1259700.0,D3,modal_usaha,keluarga,kontrak,no
60,5876000.0,4530000.0,13735000.0,48,6134000.0,13279000.0,0,320500.0,SMA,pendidikan,sewa,tetap,no
43,19106000.0,13839000.0,79743000.0,36,7238000.0,16157000.0,0,2480900.0,S2,konsumtif,keluarga,tetap,no
55,5013000.0,8275000.0,10254000.0,48,783000.0,7335000.0,0,239300.0,S2,renovasi,sewa,tetap,no
36,5108000.0,10828000.0,2571000.0,36,3946000.0,11687000.0,2,80000.0,SMA,modal_usaha,milik,kontrak,no
41,12989000.0,21402000.0,61305000.0,60,2959000.0,15386000.0,0,1144400.0,SMA,kendaraan,milik,tetap,no
54,8669000.0,7949000.0,12026000.0,12,1967000.0,13272000.0,3,1122400.0,SMA,modal_usaha,milik,tetap,no
24,9392000.0,11578000.0,17739000.0,48,1226000.0,8163000.0,1,413900.0,D3,kendaraan,keluarga,kontrak,no
52,6182000.0,6684000.0,11093000.0,24,1919000.0,6475000.0,2,517700.0,S1,renovasi,keluarga,tetap,no
21,2891000.0,2684000.0,6887000.0,36,387000.0,3750000.0,0,214300.0,D3,konsumtif,milik,wiraswasta,yes
46,14286000.0,15140000.0,45278000.0,60,4787000.0,15394000.0,0,845200.0,SMA,kendaraan,milik,wiraswasta,no
41,7157000.0,12333000.0,35559000.0,36,2162000.0,13158000.0,4,1106300.0,SMA,kendaraan,milik,tetap,no
41,7163000.0,8856000.0,29198000.0,48,2777000.0,7731000.0,2,681300.0,SMA,pendidikan,sewa,tetap,yes
42,6536000.0,4551000.0,8516000.0,24,3535000.0,9617000.0,1,397400.0,S1,modal_usaha,milik,tetap,no
42,11312000.0,11282000.0,17084000.0,24,10417000.0,27057000.0,2,797300.0,S1,modal_usaha,keluarga,tetap,no
38,6006000.0,4922000.0,30984000.0,36,2709000.0,13444000.0,0,963900.0,S1,modal_usaha,milik,wiraswasta,no
40,11457000.0,14096000.0,21473000.0,36,13149000.0,18819000.0,0,668000.0,SMA,pendidikan,sewa,tetap,no
45,48522000.0,53009000.0,82621000.0,12,18805000.0,138210000.0,1,7711300.0,S2,kendaraan,sewa,tetap,no
54,,8550000.0,5582000.0,48,19459000.0,27200000.0,1,130200.0,SMA,modal_usaha,milik,wiraswasta,no
45,8574000.0,8111000.0,40790000.0,36,2432000.0,18312000.0,0,1269000.0,S1,konsumtif,sewa,kontrak,yes
49,3921000.0,1199000.0,17886000.0,12,2307000.0,6905000.0,1,1669400.0,S1,renovasi,sewa,tetap,no
57,5325000.0,6326000.0,12843000.0,12,2078000.0,4963000.0,2,1198700.0,D3,modal_usaha,keluarga,tetap,no
64,32336000.0,38612000.0,17469000.0,24,10366000.0,55239000.0,1,815200.0,S1,kendaraan,keluarga,tetap,no
25,3226000.0,8404000.0,15551000.0,36,711000.0,6451000.0,2,483800.0,SMA,pendidikan,sewa,tetap,yes
52,10953000.0,15866000.0,11462000.0,48,14748000.0,32643000.0,1,267400.0,S1,modal_usaha,sewa,tetap,no
30,7534000.0,8449000.0,22847000.0,36,13952000.0,21800000.0,0,710800.0,SMA,kendaraan,keluarga,tetap,yes
29,13377000.0,2301000.0,68501000.0,12,5369000.0,14004000.0,1,6393400.0,D3,modal_usaha,keluarga,tetap,no
55,8042000.0,3426000.0,14826000.0,48,10340000.0,23759000.0,0,345900.0,SMA,modal_usaha,sewa,wiraswasta,no
24,4197000.0,8577000.0,10863000.0,12,3670000.0,10325000.0,0,1013900.0,SMA,kendaraan,milik,tetap,no
58,9590000.0,9587000.0,39652000.0,36,6520000.0,22059000.0,5,1233600.0,SMA,pendidikan,milik,wiraswasta,no
54,6515000.0,6676000.0,27379000.0,36,12201000.0,18163000.0,2,851800.0,SMA,renovasi,keluarga,tetap,no
64,12407000.0,22583000.0,37778000.0,60,12175000.0,18798000.0,3,705200.0,S1,modal_usaha,milik,tetap,no
50,12059000.0,18051000.0,34798000.0,48,9451000.0,20241000.0,0,812000.0,D3,modal_usaha,keluarga,wiraswasta,no
59,10277000.0,9517000.0,28851000.0,12,14788000.0,27913000.0,3,2692800.0,SMA,renovasi,sewa,kontrak,no
26,26356000.0,25290000.0,83632000.0,24,13909000.0,27115000.0,3,3902800.0,S2,konsumtif,keluarga,tetap,yes
60,22691000.0,25301000.0,54607000.0,24,22577000.0,53554000.0,4,2548300.0,S2,pendidikan,milik,wiraswasta,no
28,9084000.0,6682000.0,17353000.0,24,16793000.0,23451000.0,1,809800.0,SMA,renovasi,milik,kontrak,yes
34,4639000.0,4012000.0,10383000.0,24,4673000.0,12744000.0,0,484500.0,D3,konsumtif,keluarga,wiraswasta,no
26,10266000.0,6058000.0,32109000.0,36,6992000.0,13163000.0,1,998900.0,S1,konsumtif,sewa,tetap,no
38,7266000.0,9268000.0,18904000.0,48,7679000.0,16671000.0,2,441100.0,S1,renovasi,sewa,,yes
53,12635000.0,16719000.0,47008000.0,12,4844000.0,12491000.0,2,4387400.0,D3,modal_usaha,keluarga,wiraswasta,no
32,12309000.0,2101000.0,48882000.0,36,6051000.0,33162000.0,1,1520800.0,S1,modal_usaha,milik,tetap,no
57,9327000.0,25489000.0,55764000.0,48,7083000.0,17348000.0,2,1301200.0,SMA,pendidikan,milik,kontrak,no
47,22506000.0,25423000.0,87401000.0,36,26747000.0,48909000.0,3,2719100.0,SMA,renovasi,milik,kontrak,no
48,22899000.0,29708000.0,103973000.0,36,26867000.0,61210000.0,0,3234700.0,S1,kendaraan,sewa,kontrak,no
62,26318000.0,13343000.0,27349000.0,48,19766000.0,50353000.0,3,638100.0,S1,renovasi,sewa,,no
40,,33268000.0,68870000.0,48,9245000.0,28225000.0,0,1607000.0,S1,pendidikan,sewa,tetap,yes
36,,19673000.0,45585000.0,36,10734000.0,25180000.0,2,1418200.0,SMA,modal_usaha,sewa,wiraswasta,no
64,5419000.0,8797000.0,28537000.0,60,5000000.0,11497000.0,2,532700.0,SMA,renovasi,sewa,tetap,no
45,13614000.0,12677000.0,79506000.0,12,2148000.0,32376000.0,0,7420600.0,SMA,kendaraan,milik,tetap,yes
48,4965000.0,9726000.0,8773000.0,12,7609000.0,12767000.0,0,818800.0,SMA,konsumtif,milik,wiraswasta,no
34,,3817000.0,26222000.0,36,371000.0,4047000.0,1,815800.0,SMA,renovasi,keluarga,kontrak,no
30,8999000.0,29961000.0,37742000.0,24,3262000.0,14090000.0,1,1761300.0,D3,kendaraan,milik,tetap,yes
28,11745000.0,3558000.0,53617000.0,24,5673000.0,20572000.0,1,2502100.0,D3,pendidikan,sewa,wiraswasta,no
30,5183000.0,4157000.0,16057000.0,24,1431000.0,5272000.0,1,749300.0,S1,kendaraan,sewa,tetap,no
29,5451000.0,1569000.0,13362000.0,36,2882000.0,13374000.0,2,415700.0,D3,pendidikan,sewa,tetap,no
53,8867000.0,15357000.0,43450000.0,36,2639000.0,17294000.0,0,1351800.0,SMA,modal_usaha,keluarga,wiraswasta,no
23,7061000.0,9392000.0,4384000.0,48,2135000.0,5678000.0,1,102300.0,S1,modal_usaha,keluarga,kontrak,no
48,11391000.0,13571000.0,39564000.0,24,20128000.0,24935000.0,4,1846300.0,SMA,kendaraan,keluarga,tetap,yes
62,72723000.0,124303000.0,65892000.0,36,40655000.0,112419000.0,1,2050000.0,S1,kendaraan,milik,wiraswasta,no
54,10435000.0,15023000.0,19832000.0,24,13208000.0,25034000.0,1,925500.0,SMA,pendidikan,milik,wiraswasta,no
38,5799000.0,7796000.0,26029000.0,12,889000.0,6932000.0,3,2429400.0,D3,modal_usaha,sewa,wiraswasta,yes
23,4285000.0,8553000.0,19930000.0,36,1890000.0,3439000.0,2,620000.0,S1,modal_usaha,sewa,kontrak,no
57,12233000.0,4051000.0,65933000.0,12,1382000.0,12123000.0,2,6153700.0,S1,kendaraan,milik,tetap,no
21,4852000.0,9692000.0,21518000.0,36,3748000.0,8583000.0,1,669400.0,S1,pendidikan,sewa,wiraswasta,no
50,15408000.0,18038000.0,64885000.0,36,19827000.0,37682000.0,1,2018600.0,S1,pendidikan,sewa,wiraswasta,no
50,,23427000.0,56150000.0,36,4286000.0,20975000.0,0,1746900.0,SMA,modal_usaha,sewa,kontrak,yes
29,6945000.0,15764000.0,24000000.0,36,1848000.0,5785000.0,0,746700.0,S1,pendidikan,keluarga,tetap,no
53,32192000.0,42514000.0,131870000.0,48,18639000.0,67653000.0,1,3077000.0,S1,kendaraan,keluarga,wiraswasta,no
28,,3610000.0,39663000.0,12,6520000.0,13993000.0,0,3701900.0,S2,renovasi,milik,kontrak,yes
30,6624000.0,2880000.0,31135000.0,60,5350000.0,16907000.0,3,581200.0,D3,modal_usaha,milik,tetap,no
56,11943000.0,4815000.0,56545000.0,12,2836000.0,16298000.0,1,5277500.0,SMA,renovasi,milik,,yes
64,,52000000.0,82841000.0,36,2874000.0,57152000.0,0,2577300.0,S1,modal_usaha,keluarga,wiraswasta,no
32,12876000.0,22993000.0,43819000.0,60,3717000.0,28197000.0,6,818000.0,D3,pendidikan,milik,kontrak,no
61,11885000.0,8931000.0,48347000.0,24,8218000.0,25797000.0,0,2256200.0,SMA,modal_usaha,sewa,kontrak,yes
61,15727000.0,16200000.0,68460000.0,48,13805000.0,26614000.0,1,1597400.0,SMA,modal_usaha,milik,kontrak,no
54,6406000.0,5007000.0,22444000.0,36,1921000.0,5306000.0,3,698300.0,SMA,kendaraan,sewa,kontrak,no
27,10010000.0,10946000.0,15216000.0,48,5219000.0,12140000.0,0,355000.0,D3,konsumtif,milik,kontrak,no
34,9058000.0,19962000.0,16905000.0,12,1175000.0,24070000.0,1,1577800.0,SMA,kendaraan,milik,tetap,no
50,15884000.0,14952000.0,51018000.0,36,16394000.0,34263000.0,2,1587200.0,SMA,pendidikan,sewa,tetap,no
64,,4732000.0,7922000.0,24,605000.0,10117000.0,1,369700.0,SMA,renovasi,milik,wiraswasta,no
56,11522000.0,2522000.0,32598000.0,12,6620000.0,22543000.0,2,3042500.0,S2,modal_usaha,milik,tetap,no
39,9553000.0,20830000.0,12508000.0,36,2950000.0,9259000.0,1,389100.0,SMA,renovasi,keluarga,tetap,no
31,1732000.0,2433000.0,2259000.0,48,1386000.0,2710000.0,1,52700.0,SMA,modal_usaha,milik,tetap,no
63,15798000.0,18698000.0,81165000.0,48,21675000.0,34157000.0,4,1893900.0,D3,kendaraan,keluarga,,no
33,9539000.0,21293000.0,33218000.0,48,4911000.0,10266000.0,2,775100.0,SMA,kendaraan,keluarga,tetap,no
36,9329000.0,16365000.0,44708000.0,48,7435000.0,26365000.0,2,1043200.0,S2,renovasi,milik,kontrak,no
63,16198000.0,10486000.0,9127000.0,36,13539000.0,15547000.0,1,284000.0,S2,renovasi,milik,tetap,no
45,5647000.0,4647000.0,11695000.0,24,7573000.0,12963000.0,2,545800.0,D3,kendaraan,milik,tetap,no
32,5730000.0,6035000.0,3422000.0,48,1287000.0,8381000.0,0,79800.0,D3,pendidikan,sewa,tetap,no
21,4763000.0,1395000.0,2470000.0,36,1435000.0,12861000.0,2,76800.0,D3,pendidikan,milik,wiraswasta,no
39,4851000.0,6432000.0,3280000.0,24,4415000.0,12705000.0,5,153100.0,SMA,konsumtif,milik,tetap,yes
64,7423000.0,16936000.0,25004000.0,36,7247000.0,11380000.0,0,777900.0,SMA,modal_usaha,sewa,tetap,no
40,5945000.0,2097000.0,5942000.0,24,2031000.0,10800000.0,0,277300.0,SMA,renovasi,sewa,tetap,no
51,7207000.0,14450000.0,35250000.0,48,8211000.0,20973000.0,1,822500.0,SMA,modal_usaha,sewa,kontrak,no
32,20986000.0,29491000.0,70073000.0,24,26472000.0,44855000.0,0,3270100.0,S1,modal_usaha,milik,tetap,yes
55,7368000.0,9629000.0,13627000.0,36,3616000.0,5992000.0,1,424000.0,SMA,renovasi,sewa,kontrak,no
55,10271000.0,11245000.0,52512000.0,48,15409000.0,25779000.0,0,1225300.0,SMA,kendaraan,sewa,kontrak,yes
47,,15336000.0,24185000.0,60,4054000.0,11678000.0,2,451500.0,D3,modal_usaha,keluarga,kontrak,no
54,8258000.0,6566000.0,20062000.0,36,11165000.0,11618000.0,1,624200.0,D3,pendidikan,sewa,,no
46,3475000.0,4010000.0,12592000.0,48,4412000.0,9142000.0,0,293800.0,SMA,renovasi,sewa,kontrak,no
37,,5214000.0,13173000.0,36,1525000.0,9187000.0,1,409800.0,SMA,kendaraan,sewa,tetap,no
53,4930000.0,2294000.0,17617000.0,12,1311000.0,4617000.0,1,1644300.0,SMA,pendidikan,milik,wiraswasta,yes
57,9906000.0,14494000.0,55774000.0,24,4979000.0,16432000.0,1,2602800.0,SMA,modal_usaha,sewa,wiraswasta,no
58,,64343000.0,57259000.0,24,23328000.0,33121000.0,1,2672100.0,S1,modal_usaha,keluarga,tetap,no
30,4857000.0,3608000.0,13380000.0,12,5098000.0,13478000.0,2,1248800.0,S2,kendaraan,keluarga,kontrak,yes
50,7826000.0,13850000.0,40881000.0,36,5494000.0,21200000.0,2,1271900.0,D3,kendaraan,milik,wiraswasta,no
21,3214000.0,3374000.0,12876000.0,12,4096000.0,8943000.0,1,1201800.0,D3,modal_usaha,milik,tetap,no
46,10315000.0,4352000.0,59976000.0,48,2969000.0,9220000.0,3,1399400.0,S1,renovasi,milik,tetap,no
46,18851000.0,40884000.0,91558000.0,24,10734000.0,17159000.0,2,4272700.0,S1,modal_usaha,sewa,tetap,yes
36,5111000.0,5267000.0,16974000.0,24,7585000.0,10289000.0,0,792100.0,SMA,renovasi,sewa,tetap,no
64,10126000.0,4560000.0,40412000.0,36,2950000.0,11819000.0,0,1257300.0,SMA,modal_usaha,keluarga,wiraswasta,no
59,22677000.0,48708000.0,61987000.0,48,5403000.0,23762000.0,0,1446400.0,D3,pendidikan,milik,wiraswasta,no
22,9268000.0,25916000.0,11141000.0,60,4933000.0,12723000.0,1,208000.0,S1,modal_usaha,sewa,tetap,no
30,3985000.0,9539000.0,10915000.0,48,1964000.0,9407000.0,1,254700.0,SMA,kendaraan,milik,wiraswasta,no
30,6026000.0,6459000.0,12342000.0,48,3790000.0,13725000.0,1,288000.0,SMA,pendidikan,sewa,tetap,no
60,6633000.0,8170000.0,28054000.0,24,7946000.0,16764000.0,0,1309200.0,SMA,kendaraan,keluarga,wiraswasta,no
43,8565000.0,16498000.0,35807000.0,36,2706000.0,8034000.0,0,1114000.0,SMA,pendidikan,keluarga,tetap,no
53,13335000.0,20772000.0,75416000.0,24,6134000.0,33152000.0,0,3519400.0,D3,konsumtif,milik,wiraswasta,no
56,7518000.0,12371000.0,7044000.0,60,6122000.0,14129000.0,2,131500.0,S1,konsumtif,keluarga,wiraswasta,no
54,11650000.0,6798000.0,35784000.0,12,1731000.0,17342000.0,1,3339800.0,D3,pendidikan,keluarga,tetap,no
24,4776000.0,4251000.0,12859000.0,36,6369000.0,10233000.0,1,400100.0,SMA,pendidikan,sewa,tetap,no
27,6791000.0,7531000.0,23096000.0,24,3675000.0,17378000.0,0,1077800.0,SMA,renovasi,milik,tetap,no
38,14623000.0,4002000.0,16928000.0,48,6553000.0,15040000.0,3,395000.0,S1,konsumtif,milik,tetap,no
35,9481000.0,12227000.0,30366000.0,24,5900000.0,24423000.0,0,1417100.0,D3,kendaraan,milik,,no
53,7404000.0,7471000.0,30457000.0,48,6808000.0,15199000.0,1,710700.0,SMA,modal_usaha,keluarga,kontrak,no
27,8089000.0,17890000.0,18005000.0,60,8367000.0,17506000.0,0,336100.0,SMA,modal_usaha,milik,kontrak,no
37,6670000.0,18724000.0,27196000.0,24,12344000.0,18234000.0,0,1269100.0,S1,kendaraan,keluarga,,no
31,4895000.0,3401000.0,9600000.0,48,8264000.0,11562000.0,2,224000.0,S1,renovasi,sewa,tetap,no
29,2031000.0,3279000.0,5141000.0,24,234000.0,4232000.0,2,239900.0,S1,kendaraan,milik,kontrak,no
28,8141000.0,4625000.0,44695000.0,36,2580000.0,12531000.0,0,1390500.0,S1,konsumtif,milik,tetap,no
29,4744000.0,4632000.0,3026000.0,24,1800000.0,9121000.0,3,141200.0,D3,modal_usaha,milik,wiraswasta,no
45,10952000.0,12259000.0,21910000.0,36,11844000.0,28918000.0,1,681600.0,D3,pendidikan,milik,kontrak,no
39,2717000.0,2092000.0,15342000.0,24,3054000.0,8125000.0,0,716000.0,SMA,konsumtif,sewa,wiraswasta,yes
40,7793000.0,8245000.0,10199000.0,48,4202000.0,19198000.0,2,238000.0,S1,pendidikan,milik,tetap,no
42,13358000.0,9240000.0,35876000.0,48,12109000.0,33907000.0,3,837100.0,S1,modal_usaha,sewa,kontrak,no
53,5339000.0,4016000.0,16004000.0,24,7424000.0,12486000.0,0,746900.0,SMA,kendaraan,keluarga,tetap,no
58,17334000.0,47422000.0,70888000.0,12,16907000.0,43115000.0,1,6616200.0,S1,modal_usaha,milik,tetap,yes
44,6999000.0,8714000.0,27049000.0,12,3255000.0,9344000.0,2,2524600.0,D3,renovasi,milik,wiraswasta,no
49,7781000.0,12895000.0,30713000.0,24,4412000.0,13480000.0,3,1433300.0,SMA,konsumtif,keluarga,tetap,no
53,11093000.0,5357000.0,62922000.0,60,8595000.0,22443000.0,2,1174500.0,SMA,konsumtif,sewa,,no
51,19516000.0,22845000.0,51919000.0,24,13214000.0,39204000.0,2,2422900.0,S1,pendidikan,milik,wiraswasta,no
26,10529000.0,4849000.0,33629000.0,48,11282000.0,22258000.0,1,784700.0,S2,modal_usaha,milik,tetap,no
64,8937000.0,20849000.0,51851000.0,60,10990000.0,26291000.0,2,967900.0,D3,renovasi,milik,tetap,no
28,8520000.0,16757000.0,10265000.0,24,4702000.0,22847000.0,0,479000.0,S2,modal_usaha,milik,tetap,no
39,13642000.0,6825000.0,77966000.0,36,13441000.0,35759000.0,1,2425600.0,S1,kendaraan,sewa,tetap,no
49,7744000.0,8016000.0,44261000.0,48,3214000.0,20342000.0,2,1032800.0,S1,kendaraan,milik,tetap,no
38,9285000.0,10531000.0,53334000.0,36,5604000.0,23633000.0,3,1659300.0,S1,pendidikan,milik,tetap,no
31,5983000.0,3054000.0,5197000.0,12,5973000.0,13726000.0,5,485100.0,D3,pendidikan,milik,tetap,no
61,14527000.0,16370000.0,53410000.0,48,5920000.0,19821000.0,1,1246200.0,S1,renovasi,sewa,tetap,no
24,4964000.0,11646000.0,25366000.0,60,2736000.0,13317000.0,1,473500.0,S1,renovasi,milik,tetap,no
31,3854000.0,4525000.0,8577000.0,48,923000.0,5455000.0,2,200100.0,S1,konsumtif,milik,,no
64,,24231000.0,49014000.0,48,26255000.0,31316000.0,3,1143700.0,SMA,konsumtif,milik,tetap,no
53,20335000.0,28878000.0,38849000.0,48,10504000.0,21233000.0,3,906500.0,S1,kendaraan,keluarga,tetap,no
24,4349000.0,5563000.0,5275000.0,36,6396000.0,8715000.0,1,164100.0,S2,konsumtif,keluarga,kontrak,no
54,10201000.0,3420000.0,52917000.0,24,10887000.0,15315000.0,0,2469500.0,SMA,kendaraan,sewa,tetap,no
63,32006000.0,18241000.0,188730000.0,60,12986000.0,75208000.0,1,3523000.0,S2,pendidikan,keluarga,kontrak,no
25,8353000.0,8531000.0,7381000.0,12,2745000.0,22400000.0,1,688900.0,D3,kendaraan,keluarga,tetap,no
39,5468000.0,4798000.0,6383000.0,48,2555000.0,4561000.0,0,148900.0,SMA,modal_usaha,sewa,wiraswasta,no
41,4472000.0,12025000.0,16713000.0,24,1537000.0,4702000.0,1,779900.0,SMA,konsumtif,keluarga,tetap,yes
26,8406000.0,13717000.0,8193000.0,36,6531000.0,23841000.0,0,254900.0,S1,renovasi,keluarga,tetap,no
29,9564000.0,5921000.0,37983000.0,48,2690000.0,12686000.0,2,886300.0,S1,modal_usaha,milik,tetap,no
28,5650000.0,12745000.0,25183000.0,48,6418000.0,13604000.0,1,587600.0,SMA,modal_usaha,milik,tetap,no
29,7889000.0,14132000.0,21935000.0,24,2253000.0,20414000.0,0,1023600.0,S1,kendaraan,sewa,tetap,no
38,3980000.0,1201000.0,18544000.0,36,4384000.0,9668000.0,2,576900.0,SMA,kendaraan,sewa,,no
41,10306000.0,12080000.0,11594000.0,24,2415000.0,8973000.0,3,541100.0,D3,pendidikan,sewa,wiraswasta,no
31,10961000.0,27531000.0,23641000.0,12,13563000.0,26503000.0,2,2206500.0,S1,pendidikan,sewa,kontrak,yes
33,10063000.0,4847000.0,49731000.0,36,15243000.0,29338000.0,4,1547200.0,S1,pendidikan,milik,tetap,no
29,8993000.0,9642000.0,8866000.0,60,3906000.0,14491000.0,1,165500.0,S1,kendaraan,milik,tetap,no
56,29611000.0,74427000.0,61235000.0,60,35089000.0,69958000.0,3,1143100.0,S1,modal_usaha,milik,tetap,no
30,8195000.0,13457000.0,32095000.0,36,4974000.0,11540000.0,1,998500.0,S2,modal_usaha,sewa,wiraswasta,no
60,17135000.0,15111000.0,31882000.0,48,23686000.0,51309000.0,1,743900.0,SMA,modal_usaha,milik,tetap,no
44,5187000.0,3852000.0,16312000.0,24,4312000.0,6527000.0,1,761200.0,SMA,pendidikan,milik,wiraswasta,no
56,14754000.0,39154000.0,75313000.0,24,9986000.0,21722000.0,2,3514600.0,SMA,renovasi,keluarga,wiraswasta,yes
49,21360000.0,6048000.0,42360000.0,48,6872000.0,24978000.0,1,988400.0,S1,konsumtif,sewa,tetap,no
32,7914000.0,16178000.0,22928000.0,48,16630000.0,22962000.0,0,535000.0,S1,renovasi,milik,wiraswasta,no
47,24976000.0,27927000.0,14995000.0,48,26495000.0,51379000.0,0,349900.0,S1,pendidikan,milik,wiraswasta,no
33,7312000.0,12440000.0,32144000.0,12,3786000.0,9823000.0,1,3000100.0,SMA,renovasi,milik,kontrak,yes
26,3517000.0,5225000.0,8627000.0,24,1663000.0,3854000.0,3,402600.0,SMA,renovasi,milik,wiraswasta,no
32,7630000.0,8255000.0,39907000.0,12,11321000.0,20789000.0,4,3724700.0,S1,renovasi,milik,tetap,yes
33,19072000.0,19877000.0,18826000.0,48,8084000.0,17887000.0,0,439300.0,S2,pendidikan,milik,kontrak,yes
26,7908000.0,17322000.0,37976000.0,24,8267000.0,17518000.0,1,1772200.0,SMA,renovasi,keluarga,tetap,no
22,3017000.0,6977000.0,15012000.0,36,1903000.0,6463000.0,0,467000.0,SMA,modal_usaha,milik,wiraswasta,yes
62,9373000.0,3448000.0,44694000.0,36,16485000.0,23413000.0,3,1390500.0,SMA,modal_usaha,keluarga,kontrak,yes
43,9680000.0,20255000.0,43938000.0,12,8613000.0,22265000.0,1,4100900.0,D3,pendidikan,keluarga,tetap,yes
38,5156000.0,6661000.0,9321000.0,24,4657000.0,13613000.0,1,435000.0,SMA,renovasi,milik,kontrak,no
61,28318000.0,43252000.0,79065000.0,48,12243000.0,25024000.0,0,1844900.0,SMA,konsumtif,milik,wiraswasta,no
30,9676000.0,13313000.0,25378000.0,24,2016000.0,16900000.0,1,1184300.0,S1,modal_usaha,sewa,wiraswasta,no
38,6301000.0,6395000.0,11504000.0,36,2612000.0,6163000.0,2,357900.0,SMA,modal_usaha,keluarga,tetap,no
58,19774000.0,20960000.0,63362000.0,60,15757000.0,33447000.0,2,1182800.0,D3,kendaraan,sewa,wiraswasta,no
48,6581000.0,1440000.0,28538000.0,12,1801000.0,13385000.0,2,2663500.0,SMA,kendaraan,milik,kontrak,yes
38,19724000.0,42504000.0,61795000.0,24,23873000.0,41545000.0,1,2883800.0,S2,modal_usaha,keluarga,wiraswasta,yes
32,3421000.0,2475000.0,20046000.0,36,4151000.0,9697000.0,0,623700.0,D3,modal_usaha,sewa,kontrak,no
22,3960000.0,6847000.0,17417000.0,36,1820000.0,11198000.0,2,541900.0,SMA,modal_usaha,milik,tetap,no
24,8073000.0,7314000.0,23693000.0,60,1910000.0,11960000.0,2,442300.0,SMA,konsumtif,milik,tetap,no
28,17032000.0,5057000.0,46357000.0,12,7478000.0,39820000.0,1,4326700.0,S1,konsumtif,sewa,tetap,no
55,9646000.0,19703000.0,35785000.0,48,14066000.0,22841000.0,0,835000.0,S1,konsumtif,sewa,kontrak,no
49,5291000.0,8931000.0,15210000.0,36,2371000.0,15374000.0,1,473200.0,SMA,modal_usaha,milik,tetap,no
40,8670000.0,7180000.0,14918000.0,24,4090000.0,8537000.0,2,696200.0,SMA,kendaraan,keluarga,wiraswasta,no
55,6647000.0,8740000.0,22372000.0,36,6445000.0,14342000.0,0,696000.0,SMA,pendidikan,milik,tetap,no
28,7446000.0,20614000.0,31273000.0,36,2545000.0,12628000.0,2,972900.0,S1,kendaraan,milik,tetap,yes
30,16101000.0,6889000.0,39793000.0,24,13830000.0,25184000.0,0,1857000.0,S2,modal_usaha,sewa,wiraswasta,no
38,6320000.0,10265000.0,13008000.0,24,4886000.0,13642000.0,0,607000.0,D3,modal_usaha,milik,tetap,yes
61,4047000.0,2048000.0,6862000.0,24,4086000.0,5726000.0,2,320200.0,SMA,modal_usaha,sewa,tetap,no
48,6706000.0,1146000.0,16735000.0,36,2578000.0,5894000.0,2,520600.0,S1,pendidikan,milik,tetap,no
58,14483000.0,9964000.0,26707000.0,12,17750000.0,36369000.0,1,2492700.0,S1,konsumtif,milik,kontrak,no
31,2469000.0,1499000.0,11597000.0,12,869000.0,2447000.0,3,1082400.0,SMA,modal_usaha,milik,tetap,yes
58,8124000.0,17530000.0,32601000.0,24,7823000.0,12365000.0,1,1521400.0,SMA,pendidikan,milik,,no
24,3354000.0,2806000.0,6970000.0,48,579000.0,7073000.0,0,162600.0,D3,modal_usaha,milik,kontrak,no
31,18550000.0,17316000.0,110467000.0,60,15672000.0,40295000.0,1,2062100.0,S1,modal_usaha,milik,tetap,no
44,,32787000.0,120280000.0,12,45744000.0,67271000.0,1,11226100.0,S1,pendidikan,sewa,kontrak,no
23,4770000.0,7241000.0,6123000.0,60,3253000.0,14252000.0,1,114300.0,S1,renovasi,keluarga,wiraswasta,no
58,16184000.0,31776000.0,81913000.0,36,14682000.0,27239000.0,3,2548400.0,S1,kendaraan,milik,wiraswasta,no
59,6137000.0,2484000.0,28509000.0,60,4625000.0,6766000.0,2,532200.0,SMA,renovasi,milik,tetap,no
44,6280000.0,11394000.0,20411000.0,36,5559000.0,6930000.0,1,635000.0,SMA,modal_usaha,milik,wiraswasta,no
34,13573000.0,24975000.0,24215000.0,36,862000.0,26095000.0,0,753400.0,SMA,kendaraan,milik,tetap,yes
25,6453000.0,12572000.0,32006000.0,48,2831000.0,10610000.0,0,746800.0,S1,kendaraan,milik,tetap,no
48,10589000.0,18414000.0,12546000.0,36,3739000.0,29744000.0,0,390300.0,S1,konsumtif,sewa,kontrak,no
44,4723000.0,1496000.0,13221000.0,48,1638000.0,9087000.0,1,308500.0,SMA,kendaraan,milik,wiraswasta,no
54,14473000.0,21393000.0,72297000.0,48,8483000.0,25969000.0,4,1686900.0,SMA,modal_usaha,milik,tetap,no
47,2724000.0,4841000.0,13369000.0,36,1421000.0,7347000.0,0,415900.0,S1,kendaraan,milik,,no
26,6641000.0,9687000.0,26328000.0,36,8768000.0,16944000.0,0,819100.0,S1,pendidikan,keluarga,tetap,no
26,7939000.0,1845000.0,4308000.0,36,12039000.0,18820000.0,1,134000.0,S1,modal_usaha,sewa,tetap,no
55,6534000.0,3874000.0,15238000.0,36,6762000.0,12808000.0,1,474100.0,SMA,kendaraan,keluarga,wiraswasta,no
27,15166000.0,11955000.0,78751000.0,36,6939000.0,19963000.0,1,2450000.0,S2,kendaraan,milik,tetap,no
62,,72218000.0,118894000.0,36,21456000.0,54515000.0,5,3698900.0,S1,konsumtif,keluarga,wiraswasta,yes
25,4217000.0,8461000.0,20909000.0,12,2635000.0,4448000.0,0,1951500.0,S1,renovasi,keluarga,tetap,yes
53,33803000.0,60630000.0,28611000.0,60,28338000.0,66963000.0,0,534100.0,S1,kendaraan,keluarga,tetap,no
63,10361000.0,12242000.0,58791000.0,24,8826000.0,27697000.0,1,2743600.0,S2,kendaraan,milik,tetap,no
40,23205000.0,46455000.0,40836000.0,24,13225000.0,44856000.0,1,1905700.0,S2,renovasi,milik,kontrak,no
23,8215000.0,15277000.0,19121000.0,24,3673000.0,7810000.0,0,892300.0,S1,modal_usaha,keluarga,tetap,yes
59,9392000.0,14824000.0,48117000.0,12,3121000.0,8161000.0,1,4490900.0,D3,renovasi,sewa,kontrak,yes
29,5710000.0,14871000.0,15612000.0,36,3341000.0,15377000.0,0,485700.0,D3,modal_usaha,sewa,tetap,yes
44,11039000.0,22707000.0,44564000.0,12,4508000.0,14278000.0,2,4159300.0,S1,renovasi,milik,tetap,no
64,,37724000.0,62417000.0,24,27580000.0,34517000.0,2,2912800.0,S1,konsumtif,milik,kontrak,no
53,5609000.0,6574000.0,29523000.0,12,5480000.0,14073000.0,2,2755500.0,SMA,modal_usaha,milik,kontrak,yes
23,4451000.0,13210000.0,6047000.0,24,2901000.0,6040000.0,0,282200.0,SMA,kendaraan,sewa,wiraswasta,no
57,12475000.0,39871000.0,12947000.0,60,5851000.0,30219000.0,0,241700.0,S2,modal_usaha,milik,wiraswasta,no
28,4863000.0,3876000.0,19345000.0,36,944000.0,4696000.0,4,601800.0,S1,renovasi,milik,tetap,no
53,11367000.0,2378000.0,58489000.0,12,12935000.0,27814000.0,1,5459000.0,S2,kendaraan,keluarga,tetap,no
48,,12941000.0,32124000.0,36,1350000.0,5419000.0,0,999400.0,D3,konsumtif,keluarga,,no
33,7610000.0,12375000.0,20544000.0,36,3540000.0,10728000.0,1,639100.0,S1,modal_usaha,keluarga,tetap,no
39,12442000.0,6552000.0,56508000.0,36,153000.0,16980000.0,0,1758000.0,S1,kendaraan,milik,tetap,no
26,5511000.0,2295000.0,14600000.0,24,9233000.0,15216000.0,1,681300.0,SMA,konsumtif,sewa,kontrak,no
64,,30800000.0,56688000.0,36,13932000.0,49697000.0,4,1763600.0,SMA,modal_usaha,milik,kontrak,no
31,4087000.0,3196000.0,2588000.0,12,5939000.0,10850000.0,2,241500.0,S2,modal_usaha,keluarga,tetap,no
34,7446000.0,9239000.0,13966000.0,24,1418000.0,15495000.0,2,651700.0,SMA,modal_usaha,sewa,wiraswasta,no
43,11038000.0,22008000.0,15850000.0,60,7866000.0,28425000.0,0,295900.0,S1,modal_usaha,keluarga,tetap,yes
50,18021000.0,4328000.0,35634000.0,36,8027000.0,36275000.0,0,1108600.0,S1,modal_usaha,milik,wiraswasta,no
43,15194000.0,2152000.0,31725000.0,12,7872000.0,27194000.0,0,2961000.0,S1,pendidikan,keluarga,tetap,no
43,6581000.0,6959000.0,34379000.0,24,5863000.0,14791000.0,2,1604400.0,SMA,modal_usaha,milik,kontrak,no
46,12556000.0,11172000.0,20323000.0,48,4202000.0,17957000.0,0,474200.0,S1,kendaraan,milik,tetap,no
58,6644000.0,11474000.0,33261000.0,12,2293000.0,18744000.0,0,3104400.0,SMA,pendidikan,keluarga,tetap,yes
38,13259000.0,6183000.0,69297000.0,24,25298000.0,37097000.0,5,3233900.0,S1,renovasi,milik,tetap,no
57,3916000.0,6080000.0,11947000.0,24,881000.0,3759000.0,3,557500.0,SMA,konsumtif,milik,wiraswasta,yes
55,,29395000.0,86903000.0,24,27879000.0,54584000.0,1,4055500.0,S1,pendidikan,milik,wiraswasta,no
63,15612000.0,32400000.0,35164000.0,36,6156000.0,18736000.0,1,1094000.0,S1,modal_usaha,sewa,tetap,no
61,7872000.0,16796000.0,4705000.0,12,7510000.0,18096000.0,0,439100.0,SMA,modal_usaha,sewa,kontrak,no
56,8068000.0,6074000.0,35524000.0,36,4020000.0,21064000.0,3,1105200.0,SMA,pendidikan,keluarga,wiraswasta,no
31,8255000.0,11249000.0,31660000.0,12,9742000.0,10985000.0,3,2954900.0,S1,kendaraan,sewa,tetap,no
55,15773000.0,11205000.0,47910000.0,60,4277000.0,16528000.0,2,894300.0,SMA,kendaraan,sewa,kontrak,no
53,36363000.0,40542000.0,197916000.0,36,32049000.0,89584000.0,1,6157400.0,SMA,kendaraan,sewa,,no
33,12774000.0,10556000.0,57482000.0,12,13736000.0,22653000.0,2,5365000.0,D3,kendaraan,milik,tetap,yes
50,12062000.0,21134000.0,34264000.0,24,9511000.0,22564000.0,0,1599000.0,S2,pendidikan,milik,tetap,no
32,11988000.0,40368000.0,9513000.0,48,14865000.0,29683000.0,1,222000.0,S1,modal_usaha,keluarga,wiraswasta,no
44,12176000.0,3115000.0,64758000.0,48,623000.0,16539000.0,0,1511000.0,D3,kendaraan,milik,kontrak,no
56,11429000.0,22528000.0,67609000.0,24,5432000.0,11586000.0,2,3155100.0,S2,renovasi,milik,kontrak,no
29,3893000.0,5300000.0,15533000.0,12,6172000.0,11317000.0,2,1449700.0,D3,modal_usaha,keluarga,kontrak,yes
35,7434000.0,12501000.0,35126000.0,36,6589000.0,17390000.0,4,1092800.0,D3,konsumtif,keluarga,tetap,yes
55,15768000.0,9736000.0,51768000.0,24,14580000.0,35237000.0,0,2415800.0,D3,modal_usaha,sewa,wiraswasta,no
40,,734000.0,5859000.0,12,1373000.0,4984000.0,1,546800.0,SMA,modal_usaha,sewa,wiraswasta,no
63,7345000.0,5538000.0,40518000.0,24,3729000.0,21966000.0,2,1890800.0,SMA,modal_usaha,milik,tetap,no
21,9585000.0,6648000.0,41081000.0,48,5822000.0,12361000.0,1,958600.0,S1,modal_usaha,sewa,tetap,no
52,,20024000.0,29871000.0,24,6250000.0,10122000.0,3,1394000.0,SMA,modal_usaha,sewa,tetap,no
56,,41598000.0,111839000.0,12,10516000.0,39465000.0,0,10438300.0,S1,pendidikan,sewa,wiraswasta,yes
61,5193000.0,5788000.0,17216000.0,12,5717000.0,12597000.0,2,1606800.0,SMA,modal_usaha,milik,,no
27,19086000.0,22774000.0,15672000.0,36,6534000.0,25221000.0,0,487600.0,D3,konsumtif,milik,tetap,no
64,5178000.0,13481000.0,21398000.0,36,2805000.0,7705000.0,1,665700.0,SMA,renovasi,sewa,tetap,no
38,4036000.0,5218000.0,2134000.0,36,4821000.0,7931000.0,1,66400.0,S1,renovasi,sewa,wiraswasta,no
36,9450000.0,17281000.0,16177000.0,36,4947000.0,21072000.0,1,503300.0,S1,kendaraan,sewa,,no
36,4674000.0,12376000.0,6347000.0,36,1493000.0,5274000.0,0,197500.0,D3,modal_usaha,milik,wiraswasta,no
49,,14677000.0,18399000.0,36,11390000.0,17386000.0,1,572400.0,SMA,renovasi,sewa,kontrak,no
50,,9245000.0,42746000.0,60,3366000.0,12743000.0,1,797900.0,SMA,kendaraan,keluarga,wiraswasta,no
41,9722000.0,2753000.0,9123000.0,48,3950000.0,15181000.0,0,212900.0,S1,renovasi,sewa,tetap,no
24,3447000.0,1997000.0,8499000.0,24,759000.0,3357000.0,2,396600.0,SMA,modal_usaha,milik,kontrak,no
64,19515000.0,10184000.0,91283000.0,36,40455000.0,57427000.0,2,2839900.0,S1,renovasi,keluarga,wiraswasta,no
30,4863000.0,7897000.0,25516000.0,12,5351000.0,11306000.0,2,2381500.0,SMA,modal_usaha,sewa,tetap,yes
25,8424000.0,19093000.0,38318000.0,12,2400000.0,8590000.0,3,3576300.0,SMA,konsumtif,sewa,wiraswasta,yes
47,10906000.0,11092000.0,63349000.0,24,2083000.0,17512000.0,2,2956300.0,S1,modal_usaha,milik,tetap,no
39,5325000.0,2893000.0,23044000.0,48,1781000.0,5198000.0,0,537700.0,D3,modal_usaha,milik,kontrak,no
48,3629000.0,5190000.0,16680000.0,60,4501000.0,7227000.0,1,311400.0,SMA,pendidikan,keluarga,kontrak,no
59,16929000.0,24180000.0,47763000.0,36,6111000.0,39619000.0,0,1486000.0,S2,modal_usaha,keluarga,,no
25,2896000.0,2355000.0,6259000.0,48,1512000.0,2677000.0,1,146000.0,SMA,konsumtif,milik,wiraswasta,no
33,4019000.0,10062000.0,12219000.0,12,5930000.0,11369000.0,3,1140400.0,D3,modal_usaha,keluarga,wiraswasta,yes
43,11199000.0,27490000.0,52899000.0,60,1836000.0,18177000.0,1,987400.0,D3,renovasi,sewa,kontrak,yes
55,4926000.0,5346000.0,20081000.0,12,1456000.0,6485000.0,1,1874200.0,D3,kendaraan,milik,kontrak,yes
47,22331000.0,30525000.0,105971000.0,60,15453000.0,24244000.0,1,1978100.0,S1,modal_usaha,milik,kontrak,no
37,,6766000.0,27018000.0,12,2467000.0,7660000.0,0,2521700.0,SMA,konsumtif,sewa,wiraswasta,yes
47,14451000.0,15862000.0,65493000.0,12,4922000.0,38578000.0,0,6112700.0,S2,kendaraan,milik,wiraswasta,no
64,10083000.0,12320000.0,13674000.0,36,2651000.0,18715000.0,1,425400.0,S1,renovasi,sewa,tetap,no
42,19000000.0,9516000.0,43322000.0,12,31207000.0,48575000.0,0,4043400.0,S2,renovasi,keluarga,kontrak,no
59,14661000.0,16444000.0,52582000.0,12,16976000.0,19053000.0,1,4907700.0,S1,modal_usaha,sewa,tetap,yes
55,12500000.0,23313000.0,7388000.0,36,5267000.0,18744000.0,3,229800.0,S2,renovasi,keluarga,tetap,no
34,10241000.0,4596000.0,56506000.0,48,1430000.0,17489000.0,2,1318500.0,S1,renovasi,sewa,wiraswasta,no
31,3338000.0,1147000.0,6066000.0,24,2672000.0,6008000.0,1,283100.0,D3,renovasi,sewa,kontrak,no
54,5158000.0,8008000.0,5090000.0,36,962000.0,5235000.0,2,158400.0,D3,kendaraan,milik,tetap,no
30,5261000.0,1279000.0,21851000.0,36,2345000.0,4730000.0,1,679800.0,S1,kendaraan,sewa,tetap,no
35,8951000.0,14302000.0,14013000.0,24,9877000.0,26772000.0,0,653900.0,D3,renovasi,keluarga,tetap,no
31,8855000.0,10062000.0,31795000.0,36,2108000.0,20069000.0,1,989200.0,S1,modal_usaha,milik,kontrak,no
47,12213000.0,14367000.0,22831000.0,36,3333000.0,11242000.0,3,710300.0,SMA,modal_usaha,milik,tetap,no
33,6077000.0,7289000.0,8585000.0,48,4570000.0,15190000.0,3,200300.0,S1,konsumtif,sewa,kontrak,no
49,10228000.0,1014000.0,46460000.0,36,5854000.0,16308000.0,3,1445400.0,SMA,modal_usaha,keluarga,tetap,no
62,18343000.0,21587000.0,48353000.0,36,14008000.0,46815000.0,2,1504300.0,S2,kendaraan,milik,kontrak,no
57,5966000.0,3228000.0,21832000.0,36,7005000.0,17239000.0,1,679200.0,SMA,modal_usaha,milik,tetap,yes
62,,17558000.0,20041000.0,48,4774000.0,10188000.0,2,467600.0,SMA,kendaraan,keluarga,tetap,no
22,7321000.0,9300000.0,25904000.0,48,15325000.0,21388000.0,4,604400.0,S1,renovasi,milik,tetap,no
41,8000000.0,7463000.0,22534000.0,36,4544000.0,9317000.0,1,701100.0,S1,renovasi,milik,kontrak,no
30,8876000.0,7793000.0,6939000.0,12,8741000.0,12905000.0,1,647600.0,S1,modal_usaha,milik,wiraswasta,no
61,17889000.0,30058000.0,80443000.0,48,10198000.0,38985000.0,1,1877000.0,S2,konsumtif,sewa,kontrak,no
52,7778000.0,20938000.0,27519000.0,36,1986000.0,18473000.0,3,856100.0,SMA,renovasi,milik,wiraswasta,no
35,7915000.0,14364000.0,44327000.0,36,7052000.0,9296000.0,2,1379100.0,S1,modal_usaha,milik,wiraswasta,no
45,5090000.0,7996000.0,25164000.0,36,1951000.0,5604000.0,1,782900.0,D3,modal_usaha,sewa,tetap,no
47,9817000.0,2730000.0,35745000.0,24,2001000.0,14042000.0,1,1668100.0,D3,kendaraan,milik,kontrak,no
42,6045000.0,6398000.0,4454000.0,36,1571000.0,9166000.0,2,138600.0,D3,modal_usaha,milik,wiraswasta,no
41,4320000.0,7929000.0,20026000.0,36,1099000.0,6480000.0,0,623000.0,SMA,renovasi,milik,kontrak,yes
23,6891000.0,3774000.0,24255000.0,24,3661000.0,8110000.0,2,1131900.0,S1,modal_usaha,milik,wiraswasta,no
40,14509000.0,12490000.0,73890000.0,12,14500000.0,42595000.0,1,6896400.0,S1,renovasi,keluarga,kontrak,no
36,6794000.0,15732000.0,24986000.0,48,11134000.0,17364000.0,2,583000.0,SMA,kendaraan,milik,kontrak,no
57,,14798000.0,7102000.0,36,24604000.0,41071000.0,1,221000.0,S2,modal_usaha,milik,tetap,no
59,9110000.0,24101000.0,45386000.0,48,4478000.0,9366000.0,2,1059000.0,D3,modal_usaha,sewa,tetap,no
54,11503000.0,35535000.0,56319000.0,12,7008000.0,11115000.0,2,5256400.0,SMA,konsumtif,milik,tetap,yes
22,2565000.0,5306000.0,2685000.0,36,2774000.0,5077000.0,1,83500.0,S1,kendaraan,sewa,tetap,no
58,13294000.0,5917000.0,56646000.0,12,10401000.0,28606000.0,1,5287000.0,SMA,konsumtif,milik,kontrak,yes
38,2788000.0,7072000.0,9461000.0,48,1286000.0,6126000.0,0,220800.0,SMA,modal_usaha,sewa,tetap,no
39,5417000.0,1968000.0,20284000.0,36,2004000.0,5445000.0,0,631100.0,S1,konsumtif,milik,tetap,no
62,7917000.0,11252000.0,42684000.0,36,9756000.0,21030000.0,2,1327900.0,SMA,kendaraan,sewa,kontrak,no
59,,25661000.0,47010000.0,60,24237000.0,47129000.0,0,877500.0,SMA,modal_usaha,keluarga,wiraswasta,no
23,16335000.0,18218000.0,9350000.0,24,4896000.0,26298000.0,1,436300.0,S1,renovasi,keluarga,tetap,no
36,,14470000.0,14145000.0,36,5090000.0,16401000.0,0,440100.0,SMA,renovasi,keluarga,kontrak,no
53,15470000.0,7787000.0,85598000.0,48,4019000.0,13753000.0,2,1997300.0,S1,konsumtif,sewa,tetap,no
44,4848000.0,10269000.0,8061000.0,36,2676000.0,6172000.0,1,250800.0,S1,kendaraan,milik,,no
32,6240000.0,4424000.0,26269000.0,36,7474000.0,18699000.0,2,817300.0,SMA,kendaraan,milik,tetap,no
44,7024000.0,9185000.0,34019000.0,60,9416000.0,14158000.0,0,635000.0,D3,konsumtif,milik,kontrak,no
59,6547000.0,1843000.0,32556000.0,36,2431000.0,6369000.0,3,1012900.0,SMA,renovasi,keluarga,tetap,no
30,9339000.0,7090000.0,5206000.0,24,6539000.0,13488000.0,1,242900.0,S1,modal_usaha,sewa,wiraswasta,no
53,6865000.0,3658000.0,3788000.0,24,5294000.0,8283000.0,2,176800.0,SMA,renovasi,milik,tetap,no
53,24281000.0,18530000.0,144218000.0,48,53184000.0,68821000.0,1,3365100.0,S2,konsumtif,milik,wiraswasta,no
59,,3569000.0,13454000.0,12,6051000.0,10181000.0,1,1255700.0,SMA,kendaraan,milik,tetap,no
34,9682000.0,7267000.0,8233000.0,36,4537000.0,19395000.0,2,256100.0,S1,modal_usaha,keluarga,wiraswasta,no
30,3777000.0,4537000.0,2445000.0,60,5561000.0,10930000.0,2,45600.0,SMA,konsumtif,milik,tetap,no
45,6111000.0,1038000.0,30306000.0,48,5965000.0,9902000.0,0,707100.0,SMA,pendidikan,keluarga,tetap,yes
44,10315000.0,14364000.0,56498000.0,12,17562000.0,27881000.0,1,5273100.0,D3,renovasi,sewa,kontrak,no
39,6195000.0,4078000.0,20968000.0,48,4570000.0,11328000.0,1,489300.0,S1,renovasi,keluarga,tetap,no
55,18327000.0,35812000.0,46632000.0,24,23914000.0,48878000.0,2,2176200.0,S2,pendidikan,sewa,tetap,no
56,8141000.0,7096000.0,35519000.0,60,10955000.0,22644000.0,0,663000.0,SMA,konsumtif,milik,,no
31,4243000.0,6238000.0,2644000.0,36,2884000.0,7716000.0,1,82300.0,SMA,renovasi,milik,tetap,no
56,9032000.0,4678000.0,49171000.0,36,10460000.0,10763000.0,1,1529800.0,D3,kendaraan,keluarga,kontrak,no
31,6639000.0,11531000.0,12671000.0,12,1442000.0,8121000.0,1,1182600.0,D3,modal_usaha,sewa,tetap,no
38,7120000.0,5261000.0,11036000.0,24,3834000.0,10221000.0,2,515000.0,S1,renovasi,sewa,,no
22,9428000.0,10843000.0,20830000.0,36,3510000.0,12167000.0,1,648000.0,S2,konsumtif,sewa,tetap,no
35,8409000.0,12541000.0,7152000.0,48,5501000.0,13910000.0,2,166900.0,S1,kendaraan,milik,wiraswasta,no
63,,18706000.0,20393000.0,36,4733000.0,14776000.0,0,634400.0,SMA,konsumtif,sewa,tetap,no
40,17114000.0,13921000.0,75834000.0,48,8463000.0,16971000.0,1,1769500.0,D3,modal_usaha,keluarga,wiraswasta,no
52,15601000.0,8764000.0,50549000.0,12,8003000.0,43702000.0,0,4717900.0,S1,renovasi,milik,kontrak,no
25,4316000.0,5201000.0,18014000.0,24,1717000.0,3476000.0,3,840700.0,SMA,pendidikan,milik,tetap,yes
48,12860000.0,9230000.0,21550000.0,36,4002000.0,14201000.0,2,670400.0,S1,modal_usaha,milik,tetap,no
37,4009000.0,8481000.0,10778000.0,36,2263000.0,3281000.0,1,335300.0,SMA,pendidikan,keluarga,tetap,yes
53,6972000.0,2277000.0,23406000.0,36,3886000.0,20709000.0,0,728200.0,SMA,renovasi,sewa,wiraswasta,no
61,13177000.0,18622000.0,48084000.0,24,6354000.0,22446000.0,1,2243900.0,S1,modal_usaha,sewa,wiraswasta,no
44,4118000.0,4908000.0,6281000.0,12,1858000.0,5070000.0,1,586200.0,SMA,modal_usaha,milik,tetap,no
25,11808000.0,17502000.0,58357000.0,36,10167000.0,12529000.0,2,1815600.0,S2,renovasi,milik,tetap,no
41,5446000.0,5628000.0,5425000.0,60,3864000.0,8795000.0,1,101300.0,SMA,modal_usaha,milik,tetap,no
26,4448000.0,2713000.0,4628000.0,48,10186000.0,13108000.0,4,108000.0,SMA,renovasi,sewa,tetap,no
40,5200000.0,3890000.0,9741000.0,48,5770000.0,10437000.0,2,227300.0,SMA,konsumtif,milik,tetap,no
23,18729000.0,6852000.0,76761000.0,36,12666000.0,29578000.0,1,2388100.0,SMA,renovasi,keluarga,kontrak,no
49,7303000.0,8416000.0,6748000.0,48,3057000.0,11699000.0,2,157500.0,D3,pendidikan,sewa,wiraswasta,no
34,2376000.0,2087000.0,1289000.0,48,814000.0,2514000.0,0,30100.0,SMA,renovasi,milik,tetap,no
29,4164000.0,5008000.0,12896000.0,12,3695000.0,8067000.0,2,1203600.0,S1,modal_usaha,milik,kontrak,no
21,10425000.0,8579000.0,25089000.0,24,7051000.0,18069000.0,0,1170800.0,S1,kendaraan,milik,tetap,no
60,21887000.0,21603000.0,29812000.0,48,19347000.0,52605000.0,1,695600.0,D3,kendaraan,milik,kontrak,no
57,6711000.0,12284000.0,27566000.0,48,4766000.0,8203000.0,3,643200.0,SMA,renovasi,keluarga,tetap,no
56,,9055000.0,79937000.0,48,8807000.0,21873000.0,3,1865200.0,D3,modal_usaha,keluarga,tetap,no
23,10721000.0,15435000.0,12548000.0,24,4136000.0,22291000.0,0,585600.0,S1,kendaraan,milik,tetap,no
36,8910000.0,17498000.0,15716000.0,48,5536000.0,21673000.0,1,366700.0,S1,renovasi,milik,tetap,no
63,9037000.0,4127000.0,22659000.0,24,7545000.0,17121000.0,1,1057400.0,SMA,renovasi,milik,kontrak,no
46,10114000.0,8871000.0,60130000.0,24,2485000.0,25670000.0,1,2806100.0,D3,modal_usaha,sewa,tetap,no
26,9654000.0,12147000.0,45637000.0,36,14841000.0,25587000.0,2,1419800.0,D3,renovasi,milik,tetap,no
27,6355000.0,20943000.0,14962000.0,36,1546000.0,17899000.0,1,465500.0,SMA,konsumtif,milik,kontrak,yes
32,4288000.0,876000.0,24913000.0,24,3789000.0,6998000.0,1,1162600.0,SMA,renovasi,milik,kontrak,no
63,18176000.0,3923000.0,54567000.0,36,8605000.0,50703000.0,2,1697600.0,S2,renovasi,milik,tetap,no
28,13198000.0,32903000.0,34207000.0,48,21311000.0,31146000.0,0,798200.0,SMA,pendidikan,milik,wiraswasta,no
60,10778000.0,14289000.0,61365000.0,24,13088000.0,23440000.0,3,2863700.0,SMA,renovasi,milik,,yes
50,11890000.0,5072000.0,54087000.0,24,4961000.0,23998000.0,0,2524100.0,SMA,konsumtif,sewa,wiraswasta,no
61,19403000.0,15138000.0,68166000.0,36,10796000.0,16364000.0,0,2120700.0,S1,modal_usaha,milik,wiraswasta,no
57,,24920000.0,48887000.0,60,16788000.0,26125000.0,1,912600.0,D3,modal_usaha,milik,kontrak,no
35,6446000.0,2581000.0,37712000.0,48,14234000.0,16204000.0,1,879900.0,SMA,pendidikan,sewa,,no
57,17019000.0,18903000.0,22822000.0,12,13110000.0,50621000.0,2,2130100.0,D3,pendidikan,sewa,kontrak,no
28,11610000.0,7945000.0,27971000.0,36,7664000.0,20351000.0,1,870200.0,S1,renovasi,keluarga,tetap,no
33,6667000.0,3551000.0,18772000.0,48,9463000.0,19857000.0,2,438000.0,SMA,modal_usaha,milik,tetap,no
30,7943000.0,5472000.0,46990000.0,24,907000.0,9344000.0,2,2192900.0,S2,modal_usaha,milik,tetap,no
26,6209000.0,9013000.0,5980000.0,36,9170000.0,18056000.0,2,186000.0,SMA,modal_usaha,sewa,tetap,no
24,4886000.0,4594000.0,5443000.0,36,3348000.0,10247000.0,1,169300.0,SMA,renovasi,milik,tetap,no
29,9279000.0,17418000.0,26858000.0,36,14532000.0,20949000.0,1,835600.0,S2,pendidikan,milik,kontrak,no
26,27057000.0,54877000.0,38714000.0,12,24927000.0,55794000.0,2,3613300.0,S1,pendidikan,milik,wiraswasta,yes
37,3183000.0,5480000.0,13580000.0,24,1378000.0,9429000.0,1,633700.0,SMA,kendaraan,sewa,kontrak,yes
24,12035000.0,15387000.0,29892000.0,24,5668000.0,10801000.0,1,1395000.0,S1,modal_usaha,milik,tetap,no
23,4180000.0,5884000.0,21544000.0,36,584000.0,7119000.0,2,670300.0,D3,pendidikan,milik,wiraswasta,yes
64,10974000.0,7426000.0,50671000.0,12,10383000.0,29910000.0,2,4729300.0,SMA,modal_usaha,milik,wiraswasta,yes
24,24837000.0,66920000.0,76732000.0,36,7054000.0,29000000.0,1,2387200.0,S1,kendaraan,sewa,tetap,no
24,5070000.0,7736000.0,26097000.0,36,4511000.0,10409000.0,2,811900.0,S1,renovasi,milik,wiraswasta,no
22,3507000.0,4810000.0,3698000.0,12,1460000.0,6845000.0,1,345100.0,SMA,pendidikan,sewa,wiraswasta,no
26,8041000.0,6850000.0,29720000.0,24,15850000.0,20716000.0,0,1386900.0,S1,renovasi,keluarga,tetap,no
44,6143000.0,15749000.0,23517000.0,24,1921000.0,17324000.0,0,1097500.0,D3,kendaraan,milik,,no
57,13576000.0,12094000.0,25158000.0,60,6659000.0,18591000.0,2,469600.0,SMA,modal_usaha,sewa,kontrak,no
53,12909000.0,26112000.0,9978000.0,12,12655000.0,30012000.0,0,931300.0,S2,pendidikan,sewa,wiraswasta,no
46,,20198000.0,43090000.0,36,12302000.0,25087000.0,1,1340600.0,D3,renovasi,milik,tetap,no
24,4299000.0,6893000.0,14295000.0,36,3126000.0,9708000.0,3,444700.0,S1,modal_usaha,keluarga,wiraswasta,no
55,6058000.0,3828000.0,24807000.0,24,4380000.0,7517000.0,1,1157700.0,S1,pendidikan,sewa,,no
22,6804000.0,1964000.0,11370000.0,48,3338000.0,9525000.0,2,265300.0,S1,kendaraan,sewa,kontrak,no
48,3829000.0,8861000.0,5698000.0,36,4623000.0,7695000.0,2,177300.0,SMA,pendidikan,milik,kontrak,no
39,,77686000.0,148562000.0,36,16407000.0,20381000.0,3,4621900.0,S2,modal_usaha,sewa,,yes
59,7375000.0,7563000.0,8299000.0,12,11191000.0,17524000.0,1,774600.0,S1,pendidikan,milik,tetap,no
34,5868000.0,4517000.0,35189000.0,24,2149000.0,6780000.0,2,1642200.0,S1,kendaraan,milik,tetap,no
49,11853000.0,18714000.0,52863000.0,24,5278000.0,33768000.0,2,2466900.0,D3,modal_usaha,milik,tetap,no
40,5158000.0,7584000.0,20432000.0,36,12971000.0,13892000.0,0,635700.0,SMA,renovasi,milik,tetap,no
43,3579000.0,8521000.0,8478000.0,60,4137000.0,7771000.0,2,158300.0,SMA,renovasi,milik,kontrak,yes
62,,16691000.0,164193000.0,36,20141000.0,85954000.0,0,5108200.0,D3,kendaraan,keluarga,tetap,yes
52,5311000.0,5613000.0,29239000.0,24,9224000.0,15784000.0,1,1364500.0,SMA,renovasi,keluarga,tetap,no
39,9376000.0,9133000.0,41914000.0,12,20329000.0,23486000.0,0,3912000.0,S1,modal_usaha,milik,tetap,yes
40,9491000.0,2099000.0,41802000.0,24,10258000.0,20677000.0,4,1950800.0,S1,pendidikan,milik,kontrak,yes
52,,4354000.0,36862000.0,12,6159000.0,20522000.0,1,3440500.0,SMA,kendaraan,milik,wiraswasta,no
36,7695000.0,5737000.0,7142000.0,24,5215000.0,19929000.0,4,333300.0,SMA,renovasi,milik,kontrak,no
28,5792000.0,12000000.0,34721000.0,60,9756000.0,13610000.0,2,648100.0,S1,konsumtif,milik,tetap,no
41,,6132000.0,3458000.0,36,1940000.0,10864000.0,3,107600.0,SMA,kendaraan,sewa,tetap,no
24,8797000.0,16908000.0,28368000.0,24,4664000.0,16715000.0,0,1323800.0,S2,modal_usaha,milik,wiraswasta,no
28,,12733000.0,23794000.0,24,8191000.0,12313000.0,2,1110400.0,D3,konsumtif,sewa,kontrak,yes
39,,8927000.0,18593000.0,36,4811000.0,9884000.0,1,578400.0,SMA,kendaraan,keluarga,tetap,yes
56,22212000.0,1287000.0,100993000.0,12,41341000.0,60690000.0,1,9426000.0,SMA,modal_usaha,milik,wiraswasta,yes
55,12096000.0,5581000.0,47831000.0,48,4002000.0,10115000.0,0,1116100.0,S2,renovasi,sewa,tetap,no
32,5792000.0,12111000.0,5277000.0,36,4181000.0,6059000.0,1,164200.0,SMA,renovasi,milik,tetap,no
39,6077000.0,7421000.0,10955000.0,36,5594000.0,18114000.0,4,340800.0,S1,modal_usaha,sewa,kontrak,no
27,2963000.0,4913000.0,3016000.0,48,1445000.0,3531000.0,1,70400.0,SMA,konsumtif,milik,tetap,no
54,5830000.0,7418000.0,34306000.0,24,6257000.0,14111000.0,1,1600900.0,SMA,modal_usaha,milik,tetap,yes
31,5730000.0,9286000.0,6892000.0,12,4200000.0,10646000.0,2,643300.0,S1,modal_usaha,milik,kontrak,no
56,7434000.0,12081000.0,43263000.0,36,7973000.0,14474000.0,2,1346000.0,SMA,pendidikan,keluarga,tetap,no
58,,9219000.0,6694000.0,24,3576000.0,6207000.0,1,312400.0,SMA,kendaraan,milik,tetap,no
51,,7684000.0,73130000.0,12,4631000.0,15391000.0,0,6825500.0,D3,konsumtif,milik,tetap,yes
35,,2297000.0,24525000.0,60,11438000.0,13878000.0,2,457800.0,S1,modal_usaha,milik,kontrak,no
62,6674000.0,2696000.0,33867000.0,48,6656000.0,10884000.0,3,790200.0,SMA,modal_usaha,milik,,no
51,,13388000.0,27352000.0,12,6908000.0,17523000.0,2,2552900.0,SMA,kendaraan,sewa,,yes
49,23885000.0,48474000.0,112943000.0,48,52882000.0,70183000.0,2,2635300.0,S2,modal_usaha,keluarga,wiraswasta,no
58,15882000.0,36429000.0,71778000.0,12,35240000.0,41088000.0,5,6699300.0,S1,modal_usaha,sewa,wiraswasta,yes
59,14036000.0,12974000.0,27104000.0,48,4677000.0,23763000.0,1,632400.0,S1,modal_usaha,sewa,wiraswasta,no
24,4103000.0,7818000.0,23152000.0,36,5587000.0,7635000.0,2,720300.0,S1,konsumtif,sewa,tetap,yes
59,8778000.0,28514000.0,35464000.0,36,737000.0,10048000.0,1,1103300.0,S1,kendaraan,milik,kontrak,yes
54,6057000.0,16052000.0,9761000.0,36,5088000.0,14116000.0,3,303700.0,D3,renovasi,keluarga,kontrak,no
30,10100000.0,6818000.0,22051000.0,12,7582000.0,18020000.0,0,2058100.0,SMA,pendidikan,keluarga,tetap,no
34,11885000.0,9489000.0,40787000.0,60,22507000.0,31926000.0,1,761400.0,S1,konsumtif,milik,tetap,no
54,,7857000.0,48707000.0,12,2184000.0,20343000.0,0,4546000.0,S1,konsumtif,milik,wiraswasta,yes
30,8419000.0,3680000.0,41103000.0,60,3723000.0,9894000.0,1,767300.0,S2,pendidikan,sewa,tetap,no
40,7193000.0,7850000.0,15546000.0,12,9050000.0,12258000.0,1,1451000.0,S1,konsumtif,keluarga,wiraswasta,yes
51,5495000.0,4837000.0,23555000.0,24,5203000.0,12580000.0,2,1099200.0,SMA,kendaraan,sewa,tetap,no
49,12105000.0,9503000.0,6163000.0,12,3015000.0,32531000.0,1,575200.0,D3,pendidikan,milik,tetap,no
61,13371000.0,47259000.0,31148000.0,24,7745000.0,21016000.0,1,1453600.0,S1,renovasi,milik,tetap,no
25,16298000.0,17215000.0,83409000.0,36,25753000.0,37044000.0,4,2594900.0,D3,konsumtif,milik,wiraswasta,no
33,16138000.0,50010000.0,21489000.0,36,7664000.0,19074000.0,1,668500.0,S1,modal_usaha,keluarga,tetap,no
64,28955000.0,33480000.0,70757000.0,48,32281000.0,80795000.0,3,1651000.0,S1,pendidikan,sewa,wiraswasta,no
46,10121000.0,14051000.0,5119000.0,36,12780000.0,20904000.0,1,159300.0,SMA,modal_usaha,keluarga,wiraswasta,no
31,7332000.0,11136000.0,4599000.0,36,13388000.0,18263000.0,0,143100.0,S1,modal_usaha,milik,tetap,no
33,12031000.0,13484000.0,15678000.0,24,4762000.0,20129000.0,0,731600.0,S1,modal_usaha,milik,,no
35,10150000.0,7169000.0,10762000.0,36,7898000.0,29122000.0,0,334800.0,S2,renovasi,sewa,kontrak,no
45,19070000.0,12463000.0,60900000.0,60,8477000.0,45467000.0,1,1136800.0,D3,kendaraan,milik,wiraswasta,yes
33,11028000.0,6611000.0,60103000.0,24,6440000.0,12550000.0,2,2804800.0,S1,modal_usaha,milik,wiraswasta,no
48,10876000.0,29396000.0,10501000.0,24,5926000.0,21865000.0,1,490000.0,D3,kendaraan,keluarga,kontrak,no
40,8861000.0,5724000.0,46822000.0,24,578000.0,12386000.0,2,2185000.0,D3,konsumtif,sewa,kontrak,yes
47,16670000.0,43529000.0,69595000.0,24,2248000.0,43899000.0,1,3247800.0,SMA,pendidikan,sewa,wiraswasta,no
27,4329000.0,9409000.0,6186000.0,36,8067000.0,10919000.0,0,192500.0,S1,kendaraan,milik,tetap,no
48,34320000.0,50894000.0,71851000.0,12,24972000.0,64796000.0,3,6706100.0,S2,kendaraan,milik,tetap,no
61,11231000.0,6464000.0,17610000.0,48,3659000.0,16445000.0,1,410900.0,D3,renovasi,keluarga,tetap,no
26,4305000.0,3335000.0,20841000.0,12,4206000.0,11520000.0,1,1945200.0,S1,renovasi,milik,tetap,yes
35,4375000.0,4210000.0,19635000.0,24,6372000.0,11686000.0,4,916300.0,SMA,kendaraan,sewa,tetap,no
51,6047000.0,10846000.0,13148000.0,12,3414000.0,11559000.0,0,1227100.0,S1,modal_usaha,sewa,wiraswasta,yes
48,12970000.0,22241000.0,10361000.0,24,18276000.0,30842000.0,3,483500.0,D3,renovasi,milik,kontrak,no
50,7824000.0,1140000.0,11173000.0,48,6038000.0,11173000.0,1,260700.0,S1,modal_usaha,keluarga,wiraswasta,no
45,7928000.0,6862000.0,31429000.0,60,6014000.0,12427000.0,1,586700.0,SMA,pendidikan,milik,wiraswasta,no
51,21176000.0,17954000.0,21114000.0,36,20993000.0,60922000.0,2,656900.0,S1,modal_usaha,milik,tetap,no
47,5630000.0,4853000.0,19427000.0,24,3477000.0,13624000.0,0,906600.0,SMA,kendaraan,sewa,wiraswasta,yes
24,6930000.0,15243000.0,26827000.0,48,1993000.0,6644000.0,3,626000.0,S1,renovasi,milik,wiraswasta,no
54,7463000.0,8034000.0,31961000.0,36,6468000.0,13486000.0,1,994300.0,S1,kendaraan,keluarga,tetap,no
40,5639000.0,2106000.0,6707000.0,36,7952000.0,9421000.0,4,208700.0,SMA,renovasi,milik,tetap,no
23,19625000.0,37268000.0,59432000.0,36,13816000.0,25673000.0,0,1849000.0,D3,kendaraan,sewa,,no
38,14276000.0,16974000.0,43523000.0,36,16592000.0,42669000.0,2,1354000.0,S1,konsumtif,milik,wiraswasta,no
40,9257000.0,22392000.0,47156000.0,12,5911000.0,10171000.0,1,4401200.0,S1,renovasi,sewa,wiraswasta,yes
24,3824000.0,5715000.0,11770000.0,24,2832000.0,5703000.0,0,549300.0,SMA,renovasi,milik,tetap,no
64,,15425000.0,34617000.0,60,6257000.0,33729000.0,1,646200.0,D3,kendaraan,milik,kontrak,no
30,5948000.0,3763000.0,7013000.0,12,1551000.0,6489000.0,1,654500.0,SMA,konsumtif,keluarga,tetap,no
35,7892000.0,17630000.0,34090000.0,24,743000.0,12844000.0,0,1590900.0,S1,modal_usaha,sewa,wiraswasta,no
40,13237000.0,21263000.0,51741000.0,24,17704000.0,29058000.0,1,2414600.0,S1,kendaraan,sewa,tetap,no
57,5938000.0,5789000.0,26384000.0,12,2559000.0,9151000.0,2,2462500.0,SMA,modal_usaha,keluarga,tetap,yes
53,8561000.0,11797000.0,35182000.0,60,5437000.0,14549000.0,2,656700.0,S1,konsumtif,milik,wiraswasta,no
54,15849000.0,2147000.0,84223000.0,12,8674000.0,31860000.0,0,7860800.0,S1,kendaraan,milik,tetap,no
31,5241000.0,5109000.0,27910000.0,36,5269000.0,15177000.0,0,868300.0,S1,konsumtif,sewa,kontrak,yes
58,12891000.0,22750000.0,28260000.0,48,14557000.0,35012000.0,0,659400.0,SMA,modal_usaha,milik,tetap,no
57,9062000.0,12353000.0,13623000.0,12,4241000.0,9482000.0,3,1271500.0,SMA,modal_usaha,sewa,tetap,no
41,3743000.0,5035000.0,20944000.0,12,2651000.0,7683000.0,2,1954800.0,D3,renovasi,sewa,kontrak,yes
45,7720000.0,11890000.0,34136000.0,24,7304000.0,17272000.0,1,1593000.0,SMA,modal_usaha,milik,wiraswasta,yes
22,2835000.0,5261000.0,16557000.0,12,947000.0,4300000.0,0,1545300.0,D3,modal_usaha,sewa,kontrak,yes
54,,17638000.0,38169000.0,24,1297000.0,16305000.0,2,1781200.0,SMA,modal_usaha,milik,tetap,no
63,9084000.0,12829000.0,52618000.0,36,8013000.0,19213000.0,0,1637000.0,SMA,modal_usaha,milik,wiraswasta,no
41,24422000.0,27682000.0,28695000.0,24,12182000.0,41834000.0,2,1339100.0,S1,modal_usaha,keluarga,tetap,no
44,11688000.0,9716000.0,43795000.0,36,7006000.0,32623000.0,1,1362500.0,SMA,renovasi,milik,wiraswasta,no
42,6707000.0,15215000.0,21677000.0,60,2377000.0,7779000.0,1,404600.0,S1,pendidikan,milik,wiraswasta,no
24,2028000.0,2000000.0,1044000.0,24,358000.0,1806000.0,0,48700.0,SMA,modal_usaha,sewa,wiraswasta,yes
48,8574000.0,5782000.0,13384000.0,24,10239000.0,23828000.0,1,624600.0,S1,pendidikan,milik,wiraswasta,no
52,5995000.0,4813000.0,8058000.0,12,8775000.0,16615000.0,0,752100.0,D3,pendidikan,milik,wiraswasta,yes
61,34608000.0,22773000.0,28879000.0,12,37108000.0,59418000.0,2,2695400.0,S1,renovasi,sewa,wiraswasta,no
61,15148000.0,19268000.0,86568000.0,24,20894000.0,37242000.0,1,4039800.0,S1,renovasi,sewa,wiraswasta,no
42,13204000.0,8085000.0,76709000.0,36,11326000.0,35130000.0,0,2386500.0,D3,konsumtif,milik,tetap,no
63,13877000.0,15364000.0,75000000.0,24,6531000.0,18883000.0,1,3500000.0,S1,renovasi,keluarga,tetap,no
44,6657000.0,16112000.0,39535000.0,24,3077000.0,14910000.0,0,1845000.0,SMA,konsumtif,milik,wiraswasta,no
49,12083000.0,17787000.0,61245000.0,12,9984000.0,29262000.0,3,5716200.0,S1,modal_usaha,milik,tetap,yes
47,,14955000.0,70529000.0,36,8674000.0,19885000.0,2,2194200.0,SMA,modal_usaha,milik,kontrak,no
64,,4761000.0,23536000.0,24,23965000.0,42731000.0,0,1098300.0,D3,konsumtif,keluarga,kontrak,no
53,5273000.0,7125000.0,10087000.0,48,4713000.0,15438000.0,1,235400.0,SMA,pendidikan,milik,tetap,no
26,16821000.0,1328000.0,88165000.0,36,19752000.0,31469000.0,1,2742900.0,S1,kendaraan,sewa,tetap,no
24,5500000.0,10439000.0,17254000.0,24,932000.0,5320000.0,0,805200.0,D3,pendidikan,milik,tetap,yes
39,8344000.0,2035000.0,37075000.0,36,12942000.0,23545000.0,0,1153400.0,S1,konsumtif,keluarga,tetap,yes
43,2472000.0,643000.0,8876000.0,12,1580000.0,4822000.0,2,828400.0,D3,modal_usaha,keluarga,wiraswasta,no
50,10697000.0,15434000.0,23330000.0,36,5762000.0,11825000.0,2,725800.0,SMA,modal_usaha,milik,tetap,no
42,7286000.0,8685000.0,15057000.0,24,2374000.0,17564000.0,1,702700.0,SMA,modal_usaha,milik,tetap,no
43,14346000.0,28589000.0,66207000.0,36,21294000.0,33164000.0,1,2059800.0,S2,kendaraan,milik,tetap,no
61,12695000.0,24736000.0,43500000.0,36,10517000.0,14062000.0,2,1353300.0,S1,renovasi,keluarga,tetap,no
35,4738000.0,3234000.0,11734000.0,36,3711000.0,6655000.0,1,365100.0,SMA,kendaraan,sewa,kontrak,no
42,9154000.0,10643000.0,35643000.0,48,12999000.0,24728000.0,0,831700.0,S1,modal_usaha,keluarga,tetap,no
45,11279000.0,11312000.0,31690000.0,12,4989000.0,33082000.0,2,2957700.0,D3,modal_usaha,milik,tetap,no
41,9117000.0,21392000.0,28380000.0,36,9882000.0,15422000.0,0,882900.0,SMA,modal_usaha,keluarga,wiraswasta,yes
63,11410000.0,16651000.0,48247000.0,12,1534000.0,12506000.0,1,4503100.0,D3,konsumtif,keluarga,kontrak,yes
63,15573000.0,14774000.0,47012000.0,24,5519000.0,24517000.0,2,2193900.0,SMA,kendaraan,milik,tetap,no
43,6841000.0,7159000.0,39162000.0,24,5804000.0,13113000.0,0,1827600.0,SMA,modal_usaha,milik,wiraswasta,no
40,8311000.0,1369000.0,26334000.0,36,6053000.0,12142000.0,2,819300.0,S1,pendidikan,milik,,no
46,8181000.0,20503000.0,47368000.0,36,11859000.0,17547000.0,2,1473700.0,SMA,renovasi,sewa,tetap,no
28,4557000.0,12888000.0,23525000.0,48,1055000.0,3725000.0,3,548900.0,S1,konsumtif,sewa,tetap,no
39,11373000.0,31268000.0,61415000.0,36,4079000.0,29527000.0,2,1910700.0,S1,modal_usaha,keluarga,kontrak,yes
30,4351000.0,2106000.0,20441000.0,48,3420000.0,11566000.0,2,477000.0,S1,modal_usaha,sewa,tetap,no
27,5197000.0,8834000.0,19878000.0,48,5303000.0,13116000.0,0,463800.0,S1,modal_usaha,milik,kontrak,no
25,3209000.0,6006000.0,11006000.0,12,739000.0,4709000.0,0,1027200.0,S1,konsumtif,keluarga,kontrak,no
46,8617000.0,16569000.0,30453000.0,48,11041000.0,18882000.0,1,710600.0,D3,konsumtif,keluarga,,no
21,12266000.0,10482000.0,19724000.0,24,4536000.0,19668000.0,2,920500.0,D3,modal_usaha,milik,tetap,no
49,9335000.0,12475000.0,15675000.0,24,8637000.0,15463000.0,5,731500.0,D3,pendidikan,keluarga,tetap,yes
40,17359000.0,20902000.0,11941000.0,60,35680000.0,40968000.0,2,222900.0,S2,kendaraan,milik,wiraswasta,no
37,18339000.0,33700000.0,84370000.0,24,24662000.0,48705000.0,3,3937300.0,SMA,modal_usaha,sewa,,yes
54,16092000.0,31721000.0,19097000.0,60,24159000.0,42293000.0,2,356500.0,S1,modal_usaha,sewa,tetap,no
44,7942000.0,6090000.0,29400000.0,48,2494000.0,10391000.0,3,686000.0,S1,modal_usaha,milik,wiraswasta,no
53,7973000.0,4379000.0,10035000.0,48,6938000.0,17921000.0,1,234200.0,D3,kendaraan,sewa,tetap,no
52,,21475000.0,11211000.0,36,6539000.0,17963000.0,2,348800.0,S1,konsumtif,sewa,tetap,no
22,4553000.0,683000.0,15639000.0,36,8124000.0,9937000.0,0,486500.0,D3,modal_usaha,sewa,,no
30,4364000.0,9320000.0,23138000.0,36,3433000.0,7017000.0,0,719800.0,SMA,modal_usaha,sewa,kontrak,no
46,18099000.0,33725000.0,44489000.0,36,13197000.0,45934000.0,0,1384100.0,S1,renovasi,milik,tetap,no
63,,47180000.0,111621000.0,48,6692000.0,57509000.0,1,2604500.0,D3,renovasi,milik,wiraswasta,no
27,2533000.0,2911000.0,1410000.0,24,2281000.0,3642000.0,1,65800.0,SMA,modal_usaha,milik,tetap,no
25,3548000.0,3932000.0,10862000.0,36,3106000.0,9620000.0,1,337900.0,SMA,modal_usaha,milik,tetap,no
62,,8651000.0,10587000.0,60,9287000.0,19664000.0,1,197600.0,SMA,modal_usaha,milik,kontrak,no
63,20658000.0,25588000.0,46208000.0,24,31421000.0,42251000.0,0,2156400.0,S1,modal_usaha,sewa,wiraswasta,yes
28,14054000.0,11386000.0,8861000.0,48,9229000.0,27475000.0,1,206800.0,S1,kendaraan,milik,tetap,no
38,27232000.0,28684000.0,18910000.0,24,20363000.0,40915000.0,2,882500.0,D3,renovasi,sewa,kontrak,no
48,6290000.0,14585000.0,27805000.0,12,4246000.0,7845000.0,3,2595100.0,SMA,konsumtif,keluarga,tetap,yes
29,5694000.0,15333000.0,23345000.0,36,723000.0,5600000.0,0,726300.0,D3,kendaraan,milik,tetap,no
35,12420000.0,6275000.0,20441000.0,36,3279000.0,29403000.0,1,635900.0,S1,pendidikan,milik,tetap,no
38,,3390000.0,40377000.0,48,1840000.0,9541000.0,6,942100.0,S1,kendaraan,milik,tetap,no
49,7412000.0,22754000.0,31752000.0,12,5759000.0,14008000.0,1,2963500.0,SMA,modal_usaha,sewa,wiraswasta,yes
34,5001000.0,4514000.0,11747000.0,12,4145000.0,13791000.0,1,1096400.0,SMA,pendidikan,milik,wiraswasta,no
39,3923000.0,937000.0,10757000.0,48,857000.0,8930000.0,3,251000.0,S2,konsumtif,milik,tetap,no
33,9718000.0,15916000.0,20496000.0,36,5666000.0,11393000.0,3,637700.0,S1,pendidikan,keluarga,kontrak,no
54,7960000.0,7105000.0,40344000.0,36,8115000.0,19230000.0,2,1255100.0,SMA,renovasi,sewa,tetap,no
27,14622000.0,6285000.0,47036000.0,24,9130000.0,18608000.0,2,2195000.0,S1,kendaraan,milik,tetap,no
31,5726000.0,7317000.0,7124000.0,60,7336000.0,14405000.0,2,133000.0,SMA,modal_usaha,sewa,tetap,no
31,3247000.0,3263000.0,5226000.0,60,463000.0,3153000.0,3,97600.0,SMA,renovasi,milik,tetap,no
60,13308000.0,18360000.0,28362000.0,36,3740000.0,14795000.0,0,882400.0,S1,modal_usaha,keluarga,tetap,no
62,4853000.0,2521000.0,13187000.0,24,5113000.0,13856000.0,1,615400.0,D3,modal_usaha,keluarga,tetap,no
43,5122000.0,12349000.0,19256000.0,60,3127000.0,7256000.0,1,359400.0,D3,kendaraan,milik,tetap,no
27,13687000.0,23809000.0,79424000.0,48,6580000.0,15485000.0,1,1853200.0,S2,pendidikan,keluarga,,no
54,12003000.0,14368000.0,23293000.0,36,2137000.0,15277000.0,1,724700.0,S1,konsumtif,sewa,tetap,no
42,10545000.0,15380000.0,24319000.0,36,8454000.0,16813000.0,1,756600.0,SMA,kendaraan,milik,kontrak,yes
58,5950000.0,7921000.0,3759000.0,36,3009000.0,15724000.0,2,116900.0,S1,kendaraan,keluarga,kontrak,no
36,,12666000.0,22179000.0,24,4727000.0,9880000.0,3,1035000.0,S1,modal_usaha,milik,kontrak,no
64,12968000.0,14136000.0,54633000.0,36,4017000.0,10824000.0,1,1699700.0,S1,modal_usaha,milik,wiraswasta,no
56,,40539000.0,154463000.0,36,11494000.0,72024000.0,0,4805500.0,S2,renovasi,sewa,tetap,no
30,11790000.0,18182000.0,53893000.0,36,3148000.0,17205000.0,0,1676700.0,S1,modal_usaha,milik,kontrak,no
52,11128000.0,3677000.0,12786000.0,48,5457000.0,10785000.0,0,298300.0,SMA,kendaraan,keluarga,wiraswasta,no
33,11848000.0,16613000.0,63922000.0,36,6157000.0,10202000.0,1,1988700.0,SMA,renovasi,milik,tetap,no
36,8222000.0,12955000.0,42037000.0,48,7565000.0,22850000.0,0,980900.0,S1,konsumtif,sewa,kontrak,no
32,20517000.0,24610000.0,31588000.0,24,15890000.0,40027000.0,1,1474100.0,S2,modal_usaha,sewa,kontrak,no
51,5117000.0,4873000.0,28854000.0,60,2434000.0,10966000.0,0,538600.0,SMA,konsumtif,keluarga,tetap,no
32,3575000.0,7452000.0,15828000.0,24,3572000.0,7705000.0,2,738600.0,SMA,kendaraan,milik,kontrak,no
49,17205000.0,2386000.0,82679000.0,24,29166000.0,33530000.0,1,3858400.0,S1,kendaraan,milik,tetap,no
46,3801000.0,4244000.0,11499000.0,36,4748000.0,9474000.0,1,357700.0,SMA,renovasi,keluarga,tetap,no
54,11181000.0,21584000.0,17932000.0,12,19622000.0,31233000.0,1,1673700.0,SMA,renovasi,milik,wiraswasta,no
64,16812000.0,23147000.0,82296000.0,24,6051000.0,37161000.0,1,3840500.0,S1,kendaraan,sewa,wiraswasta,no
21,11999000.0,4012000.0,37508000.0,48,13251000.0,31876000.0,1,875200.0,S1,konsumtif,milik,wiraswasta,no
64,15639000.0,15264000.0,91033000.0,24,2383000.0,12842000.0,1,4248200.0,S1,modal_usaha,sewa,kontrak,no
25,8164000.0,7613000.0,10967000.0,48,1770000.0,15156000.0,0,255900.0,S1,pendidikan,milik,tetap,no
44,9076000.0,12707000.0,22279000.0,24,4178000.0,19322000.0,3,1039700.0,SMA,modal_usaha,sewa,kontrak,yes
35,8814000.0,6604000.0,40064000.0,24,7773000.0,10953000.0,2,1869700.0,S2,renovasi,sewa,wiraswasta,no
49,5747000.0,6385000.0,20962000.0,24,1824000.0,6624000.0,2,978200.0,SMA,pendidikan,sewa,wiraswasta,no
52,10319000.0,12002000.0,29750000.0,36,3078000.0,11348000.0,1,925600.0,SMA,modal_usaha,milik,wiraswasta,no
58,14229000.0,13728000.0,62022000.0,36,6926000.0,20299000.0,1,1929600.0,S1,modal_usaha,milik,kontrak,no
38,8375000.0,8946000.0,37967000.0,24,8554000.0,21871000.0,1,1771800.0,S1,modal_usaha,milik,kontrak,no
62,,2497000.0,54863000.0,24,3913000.0,12850000.0,0,2560300.0,S1,modal_usaha,milik,tetap,no
35,12579000.0,1985000.0,28367000.0,12,10060000.0,26735000.0,1,2647600.0,SMA,modal_usaha,milik,kontrak,no
29,8733000.0,6635000.0,34086000.0,36,2463000.0,8296000.0,0,1060500.0,S2,modal_usaha,milik,tetap,no
37,,9965000.0,27952000.0,36,7840000.0,16817000.0,2,869600.0,S1,renovasi,keluarga,tetap,no
44,5197000.0,15816000.0,25398000.0,24,1029000.0,7041000.0,0,1185200.0,S1,renovasi,sewa,kontrak,no
50,15263000.0,25265000.0,62487000.0,24,1635000.0,17494000.0,3,2916100.0,S2,modal_usaha,milik,wiraswasta,no
57,15273000.0,29057000.0,49366000.0,48,14236000.0,27871000.0,0,1151900.0,D3,modal_usaha,keluarga,tetap,no
30,12690000.0,5154000.0,7650000.0,24,3654000.0,16604000.0,1,357000.0,S1,modal_usaha,milik,tetap,no
34,9828000.0,12351000.0,13938000.0,60,2356000.0,16041000.0,1,260200.0,S1,modal_usaha,milik,tetap,no
62,,28803000.0,56012000.0,24,5657000.0,52235000.0,2,2613900.0,S1,modal_usaha,milik,kontrak,no
40,14491000.0,13994000.0,55176000.0,60,18633000.0,41440000.0,0,1030000.0,S1,modal_usaha,sewa,wiraswasta,no
31,14634000.0,11261000.0,71092000.0,36,11574000.0,31598000.0,0,2211800.0,S1,modal_usaha,milik,wiraswasta,no
64,,21162000.0,93112000.0,36,6860000.0,30860000.0,0,2896800.0,SMA,kendaraan,milik,tetap,no
40,13612000.0,26285000.0,51711000.0,24,10615000.0,27570000.0,0,2413200.0,SMA,modal_usaha,milik,kontrak,no
64,18544000.0,7847000.0,83608000.0,60,25069000.0,34095000.0,0,1560700.0,S2,renovasi,keluarga,tetap,no
61,10437000.0,23013000.0,40891000.0,24,4929000.0,21273000.0,1,1908200.0,S2,kendaraan,keluarga,tetap,no
60,25107000.0,36787000.0,71970000.0,48,6632000.0,51580000.0,4,1679300.0,S2,modal_usaha,sewa,wiraswasta,yes
46,10631000.0,9581000.0,40964000.0,12,9130000.0,20016000.0,2,3823300.0,SMA,modal_usaha,keluarga,wiraswasta,no
56,22623000.0,12987000.0,61166000.0,36,3515000.0,57336000.0,1,1902900.0,D3,pendidikan,milik,kontrak,no
63,28080000.0,42017000.0,84100000.0,48,15441000.0,46603000.0,1,1962300.0,S1,modal_usaha,sewa,wiraswasta,no
32,21671000.0,8986000.0,119419000.0,36,9363000.0,22512000.0,0,3715300.0,S1,pendidikan,keluarga,tetap,no
22,6420000.0,9012000.0,23120000.0,36,4985000.0,14218000.0,1,719300.0,SMA,kendaraan,sewa,tetap,no
35,10564000.0,17256000.0,11116000.0,48,14087000.0,26953000.0,3,259400.0,S1,konsumtif,milik,kontrak,no
49,4234000.0,418000.0,14314000.0,36,3236000.0,10653000.0,1,445300.0,SMA,konsumtif,milik,wiraswasta,no
45,10518000.0,15185000.0,60404000.0,24,7419000.0,14249000.0,1,2818900.0,D3,modal_usaha,keluarga,wiraswasta,no
24,3927000.0,978000.0,4124000.0,24,3078000.0,8731000.0,0,192500.0,SMA,konsumtif,milik,wiraswasta,no
45,8082000.0,456000.0,47211000.0,48,20897000.0,24221000.0,3,1101600.0,SMA,modal_usaha,milik,kontrak,no
28,5546000.0,5529000.0,32899000.0,24,4258000.0,5713000.0,1,1535300.0,SMA,renovasi,sewa,wiraswasta,no
43,16959000.0,22246000.0,60780000.0,36,20871000.0,33071000.0,1,1890900.0,S2,renovasi,sewa,kontrak,no
46,,12535000.0,25890000.0,12,3036000.0,16366000.0,1,2416400.0,S1,modal_usaha,sewa,tetap,no
49,23272000.0,35304000.0,12741000.0,60,40940000.0,59127000.0,0,237800.0,S2,renovasi,keluarga,kontrak,no
39,2413000.0,5299000.0,1412000.0,36,2277000.0,3654000.0,3,43900.0,D3,kendaraan,keluarga,kontrak,no
38,8793000.0,19518000.0,23165000.0,36,5165000.0,21225000.0,0,720700.0,D3,modal_usaha,milik,kontrak,no
50,17212000.0,14666000.0,82736000.0,48,2919000.0,19845000.0,1,1930500.0,D3,pendidikan,milik,tetap,yes
53,30570000.0,23507000.0,173731000.0,48,17662000.0,28960000.0,1,4053700.0,S1,konsumtif,keluarga,wiraswasta,no
56,15516000.0,12325000.0,20966000.0,12,9074000.0,15966000.0,1,1956800.0,D3,modal_usaha,milik,wiraswasta,no
35,20342000.0,11259000.0,64741000.0,24,10993000.0,27922000.0,1,3021200.0,S1,modal_usaha,sewa,wiraswasta,no
39,11051000.0,13300000.0,36021000.0,36,10252000.0,29494000.0,2,1120700.0,S1,modal_usaha,sewa,tetap,no
35,9543000.0,22207000.0,24732000.0,24,887000.0,10793000.0,3,1154200.0,S1,modal_usaha,keluarga,tetap,yes
44,9159000.0,20054000.0,31780000.0,24,3523000.0,8000000.0,2,1483100.0,SMA,modal_usaha,milik,wiraswasta,no
26,6495000.0,6334000.0,36292000.0,24,4336000.0,17391000.0,3,1693600.0,D3,renovasi,keluarga,wiraswasta,no
39,,2922000.0,13508000.0,12,3278000.0,7537000.0,0,1260700.0,SMA,kendaraan,milik,tetap,no
29,4369000.0,4364000.0,5495000.0,12,1697000.0,9154000.0,3,512900.0,SMA,kendaraan,milik,kontrak,no
44,6794000.0,9286000.0,28263000.0,24,5369000.0,6688000.0,0,1318900.0,S1,modal_usaha,milik,tetap,no
58,,21414000.0,9871000.0,12,11860000.0,41039000.0,1,921300.0,D3,pendidikan,sewa,wiraswasta,no
64,16145000.0,21414000.0,91552000.0,36,4073000.0,30833000.0,0,2848300.0,S1,kendaraan,milik,tetap,no
40,5711000.0,6377000.0,32378000.0,24,2631000.0,5694000.0,1,1511000.0,SMA,pendidikan,milik,tetap,no
23,7415000.0,9151000.0,7465000.0,12,4427000.0,16271000.0,2,696700.0,S2,renovasi,keluarga,tetap,no
31,,40470000.0,48963000.0,48,17365000.0,22252000.0,2,1142500.0,S2,renovasi,sewa,tetap,no
25,9077000.0,26999000.0,44347000.0,36,6441000.0,14319000.0,1,1379700.0,D3,kendaraan,sewa,wiraswasta,yes
54,8067000.0,8244000.0,24646000.0,48,9952000.0,13698000.0,2,575100.0,S1,modal_usaha,milik,wiraswasta,no
64,5795000.0,5728000.0,18157000.0,60,3763000.0,11114000.0,2,338900.0,SMA,modal_usaha,sewa,tetap,no
45,17532000.0,15451000.0,102319000.0,36,14102000.0,37913000.0,1,3183300.0,S1,modal_usaha,milik,tetap,no
28,4525000.0,11354000.0,7999000.0,48,1500000.0,5078000.0,0,186600.0,S1,renovasi,milik,kontrak,no
21,9477000.0,18433000.0,32172000.0,24,18832000.0,23310000.0,3,1501400.0,S1,kendaraan,keluarga,wiraswasta,no
63,32658000.0,13191000.0,36979000.0,36,12775000.0,28077000.0,1,1150500.0,S1,pendidikan,milik,tetap,no
34,15567000.0,28374000.0,33678000.0,36,7341000.0,36398000.0,1,1047800.0,D3,modal_usaha,milik,kontrak,no
25,11095000.0,25431000.0,57472000.0,36,6492000.0,13350000.0,2,1788000.0,S1,konsumtif,keluarga,wiraswasta,yes
28,11559000.0,25238000.0,51327000.0,12,8798000.0,20610000.0,2,4790500.0,S1,renovasi,sewa,tetap,yes
32,16020000.0,9860000.0,61934000.0,60,7077000.0,32607000.0,0,1156100.0,SMA,modal_usaha,milik,wiraswasta,no
49,2762000.0,4154000.0,3111000.0,36,4003000.0,6143000.0,0,96800.0,SMA,pendidikan,milik,tetap,no
60,,10353000.0,62809000.0,48,8724000.0,30808000.0,1,1465500.0,S1,modal_usaha,milik,tetap,no
33,13468000.0,12153000.0,28816000.0,60,14145000.0,26069000.0,0,537900.0,S1,konsumtif,milik,wiraswasta,no
51,8765000.0,7260000.0,30173000.0,48,10554000.0,23983000.0,2,704000.0,D3,pendidikan,keluarga,wiraswasta,no
23,16716000.0,4207000.0,29823000.0,24,10320000.0,48495000.0,0,1391700.0,S2,renovasi,sewa,tetap,no
21,7277000.0,9204000.0,24480000.0,36,10457000.0,21448000.0,1,761600.0,S1,renovasi,sewa,kontrak,no
23,6539000.0,7820000.0,23487000.0,36,7620000.0,9828000.0,0,730700.0,D3,modal_usaha,milik,kontrak,no
61,10793000.0,14051000.0,25607000.0,36,5749000.0,9398000.0,4,796700.0,D3,renovasi,sewa,wiraswasta,no
46,,15937000.0,30144000.0,36,13387000.0,21807000.0,1,937800.0,S1,pendidikan,milik,kontrak,no
56,10873000.0,23637000.0,29719000.0,36,3172000.0,14724000.0,0,924600.0,S1,modal_usaha,sewa,wiraswasta,no
21,8369000.0,1843000.0,36290000.0,60,11210000.0,20830000.0,0,677400.0,S1,kendaraan,sewa,wiraswasta,no
21,4195000.0,2135000.0,14646000.0,24,2353000.0,3402000.0,3,683500.0,D3,renovasi,milik,tetap,no
58,22141000.0,13980000.0,117999000.0,12,15808000.0,55570000.0,0,11013200.0,S1,modal_usaha,milik,tetap,no
25,10681000.0,25651000.0,8257000.0,36,3299000.0,10193000.0,1,256900.0,S1,modal_usaha,keluarga,wiraswasta,no
27,,24114000.0,8750000.0,36,23347000.0,37010000.0,0,272200.0,S1,modal_usaha,sewa,wiraswasta,no
43,,5903000.0,6555000.0,60,3199000.0,9523000.0,1,122400.0,SMA,konsumtif,sewa,tetap,no
47,5505000.0,6621000.0,6343000.0,48,2206000.0,6362000.0,3,148000.0,S1,renovasi,keluarga,kontrak,no
31,7104000.0,1631000.0,24100000.0,24,7397000.0,13620000.0,1,1124700.0,D3,konsumtif,milik,,no
40,24753000.0,42865000.0,39623000.0,36,26193000.0,47314000.0,1,1232700.0,SMA,pendidikan,sewa,kontrak,no
50,,26389000.0,12984000.0,48,13017000.0,60340000.0,3,303000.0,S1,modal_usaha,milik,tetap,no
40,8125000.0,3666000.0,16692000.0,24,6378000.0,16016000.0,2,779000.0,S1,modal_usaha,milik,wiraswasta,no
37,9598000.0,8388000.0,31679000.0,12,6912000.0,19302000.0,1,2956700.0,D3,pendidikan,sewa,wiraswasta,no
24,10847000.0,4858000.0,48035000.0,36,4855000.0,16290000.0,1,1494400.0,S1,modal_usaha,milik,kontrak,no
40,3628000.0,6117000.0,10562000.0,12,3859000.0,8717000.0,1,985800.0,SMA,pendidikan,milik,tetap,yes
56,16590000.0,15762000.0,96138000.0,60,7630000.0,15108000.0,0,1794600.0,SMA,konsumtif,milik,tetap,no
48,8963000.0,12718000.0,14314000.0,24,6216000.0,26257000.0,2,668000.0,D3,renovasi,sewa,kontrak,no
60,,21880000.0,38314000.0,24,5909000.0,24570000.0,1,1788000.0,D3,kendaraan,keluarga,tetap,no
26,8192000.0,4588000.0,15503000.0,60,2102000.0,21795000.0,2,289400.0,S1,konsumtif,sewa,tetap,no
21,12398000.0,3366000.0,61205000.0,12,24153000.0,31222000.0,0,5712500.0,S1,modal_usaha,sewa,wiraswasta,no
45,,2218000.0,12450000.0,12,7432000.0,10397000.0,1,1162000.0,S1,renovasi,milik,tetap,no
28,2510000.0,3608000.0,14530000.0,12,1613000.0,3604000.0,0,1356100.0,SMA,renovasi,milik,tetap,yes
47,10977000.0,25015000.0,48753000.0,60,13660000.0,15495000.0,0,910100.0,D3,renovasi,sewa,wiraswasta,no
60,3838000.0,5819000.0,13674000.0,60,2231000.0,4975000.0,1,255200.0,SMA,modal_usaha,milik,kontrak,no
35,8323000.0,6291000.0,28531000.0,24,444000.0,6950000.0,0,1331400.0,S1,modal_usaha,sewa,tetap,no
45,12536000.0,15710000.0,31260000.0,48,17639000.0,32835000.0,0,729400.0,SMA,kendaraan,milik,wiraswasta,no
50,,3174000.0,8005000.0,48,10079000.0,25787000.0,3,186800.0,D3,konsumtif,milik,tetap,no
27,13191000.0,10682000.0,72988000.0,12,7160000.0,27709000.0,0,6812200.0,S1,renovasi,sewa,tetap,yes
60,19760000.0,47524000.0,96274000.0,24,23351000.0,37183000.0,0,4492800.0,S1,modal_usaha,milik,tetap,no
29,16300000.0,15807000.0,20240000.0,48,3479000.0,17500000.0,1,472300.0,SMA,kendaraan,sewa,tetap,yes
56,6874000.0,10130000.0,8052000.0,24,5844000.0,12094000.0,2,375800.0,SMA,kendaraan,milik,wiraswasta,no
50,14934000.0,44281000.0,32773000.0,36,3302000.0,21594000.0,1,1019600.0,S1,renovasi,milik,wiraswasta,no
27,5438000.0,3079000.0,25544000.0,24,5792000.0,15023000.0,1,1192100.0,D3,kendaraan,milik,tetap,no
52,12821000.0,24548000.0,41891000.0,36,20650000.0,30035000.0,1,1303300.0,SMA,kendaraan,keluarga,wiraswasta,no
29,8321000.0,8551000.0,34101000.0,24,6016000.0,9634000.0,3,1591400.0,S1,modal_usaha,milik,wiraswasta,yes
47,20573000.0,15934000.0,10987000.0,24,21003000.0,48228000.0,1,512700.0,D3,renovasi,keluarga,tetap,no
63,9970000.0,5489000.0,55636000.0,12,2931000.0,20004000.0,3,5192700.0,D3,modal_usaha,milik,tetap,yes
62,18797000.0,30419000.0,26528000.0,60,14189000.0,18415000.0,0,495200.0,SMA,modal_usaha,milik,tetap,no
59,15385000.0,4319000.0,34677000.0,12,3432000.0,14662000.0,1,3236500.0,D3,renovasi,keluarga,tetap,no
42,6861000.0,2164000.0,39172000.0,36,2565000.0,7714000.0,1,1218700.0,SMA,modal_usaha,milik,tetap,no
45,9380000.0,5297000.0,42500000.0,36,7298000.0,24229000.0,3,1322200.0,SMA,kendaraan,milik,tetap,no
34,10528000.0,17626000.0,34857000.0,24,6824000.0,27645000.0,4,1626700.0,S1,renovasi,sewa,kontrak,no
61,14334000.0,12075000.0,75197000.0,48,9802000.0,30646000.0,2,1754600.0,D3,konsumtif,milik,tetap,no
41,9674000.0,6381000.0,8097000.0,24,2836000.0,8072000.0,3,377900.0,S1,pendidikan,sewa,tetap,no
54,12192000.0,24743000.0,11212000.0,36,12844000.0,18260000.0,2,348800.0,S2,pendidikan,milik,tetap,no
36,5375000.0,1505000.0,7274000.0,36,3978000.0,9041000.0,5,226300.0,SMA,pendidikan,keluarga,kontrak,no
53,3979000.0,9419000.0,7780000.0,48,2445000.0,5673000.0,0,181500.0,SMA,modal_usaha,sewa,tetap,no
30,12722000.0,15230000.0,55973000.0,48,12970000.0,26442000.0,1,1306000.0,S1,modal_usaha,milik,tetap,no
53,9418000.0,8646000.0,32288000.0,24,4156000.0,8823000.0,1,1506800.0,S2,renovasi,milik,kontrak,no
23,6963000.0,2780000.0,19798000.0,48,4021000.0,5876000.0,4,462000.0,S1,kendaraan,milik,tetap,no
25,6863000.0,7997000.0,32971000.0,48,1576000.0,14366000.0,2,769300.0,SMA,konsumtif,milik,tetap,no
36,9118000.0,4338000.0,20464000.0,60,2171000.0,12601000.0,1,382000.0,SMA,modal_usaha,keluarga,tetap,no
42,3133000.0,6322000.0,3039000.0,60,189000.0,7238000.0,1,56700.0,SMA,modal_usaha,milik,wiraswasta,no
52,12418000.0,18597000.0,33308000.0,48,3357000.0,31178000.0,0,777200.0,S1,kendaraan,milik,kontrak,no
36,11934000.0,30446000.0,56272000.0,36,15423000.0,25590000.0,1,1750700.0,S1,renovasi,milik,wiraswasta,no
21,6085000.0,3682000.0,18909000.0,24,3630000.0,18117000.0,1,882400.0,D3,modal_usaha,milik,,yes
35,,6842000.0,102507000.0,48,7602000.0,38642000.0,1,2391800.0,S1,modal_usaha,milik,kontrak,no
40,4640000.0,2185000.0,24168000.0,60,3460000.0,11600000.0,3,451100.0,SMA,modal_usaha,milik,tetap,no
44,4457000.0,14446000.0,21618000.0,12,6216000.0,9851000.0,1,2017700.0,S1,modal_usaha,milik,wiraswasta,yes
49,11372000.0,14780000.0,54045000.0,36,11927000.0,29248000.0,2,1681400.0,SMA,kendaraan,keluarga,tetap,no
31,6964000.0,9154000.0,25740000.0,12,4156000.0,11556000.0,0,2402400.0,S1,modal_usaha,milik,tetap,no
47,5361000.0,5300000.0,29251000.0,24,4207000.0,9412000.0,0,1365000.0,S1,kendaraan,milik,tetap,no
48,11214000.0,23566000.0,41989000.0,24,10989000.0,17241000.0,1,1959500.0,S1,kendaraan,sewa,tetap,no
55,15306000.0,9121000.0,39014000.0,24,16559000.0,31657000.0,1,1820700.0,SMA,modal_usaha,milik,wiraswasta,no
43,6234000.0,7063000.0,9834000.0,48,2046000.0,10125000.0,3,229500.0,S1,konsumtif,milik,tetap,no
56,39793000.0,55355000.0,197852000.0,12,71387000.0,118316000.0,3,18466200.0,S1,konsumtif,sewa,kontrak,yes
30,3848000.0,7566000.0,9779000.0,36,4001000.0,8183000.0,0,304200.0,SMA,konsumtif,sewa,kontrak,yes
52,8668000.0,14252000.0,42040000.0,36,9469000.0,13336000.0,1,1307900.0,SMA,modal_usaha,milik,wiraswasta,no
23,4437000.0,11306000.0,26207000.0,48,2987000.0,8510000.0,5,611500.0,S1,kendaraan,keluarga,tetap,no
25,5224000.0,2938000.0,14068000.0,12,3627000.0,13151000.0,0,1313000.0,SMA,renovasi,keluarga,tetap,yes
59,8902000.0,8018000.0,21134000.0,24,12549000.0,22909000.0,0,986300.0,SMA,renovasi,milik,kontrak,no
41,3498000.0,7515000.0,5021000.0,36,3040000.0,7701000.0,3,156200.0,SMA,renovasi,milik,tetap,no
48,27663000.0,33463000.0,86155000.0,48,7488000.0,22272000.0,0,2010300.0,SMA,kendaraan,milik,tetap,no
47,,13521000.0,31122000.0,36,9494000.0,20592000.0,1,968200.0,D3,modal_usaha,milik,tetap,yes
51,10175000.0,13216000.0,22592000.0,36,21411000.0,28506000.0,2,702900.0,S1,renovasi,milik,tetap,no
31,8834000.0,11984000.0,28014000.0,60,5748000.0,24008000.0,1,522900.0,SMA,konsumtif,milik,tetap,no
28,19009000.0,5934000.0,65655000.0,24,9679000.0,43273000.0,2,3063900.0,S1,pendidikan,milik,wiraswasta,no
22,8064000.0,12653000.0,16239000.0,24,3445000.0,6932000.0,3,757800.0,SMA,konsumtif,milik,tetap,no
59,5507000.0,8413000.0,3466000.0,60,4722000.0,15925000.0,2,64700.0,SMA,modal_usaha,sewa,kontrak,no
30,6176000.0,2678000.0,10412000.0,48,2375000.0,5862000.0,0,242900.0,SMA,pendidikan,sewa,tetap,no
46,4982000.0,5447000.0,24498000.0,24,3985000.0,5624000.0,1,1143200.0,S1,kendaraan,sewa,tetap,yes
41,19851000.0,14320000.0,40284000.0,48,7583000.0,43303000.0,3,940000.0,S2,renovasi,keluarga,kontrak,no
28,3231000.0,8579000.0,1861000.0,24,2467000.0,5867000.0,0,86800.0,D3,modal_usaha,milik,wiraswasta,no
39,4595000.0,4150000.0,13037000.0,48,851000.0,11306000.0,0,304200.0,SMA,modal_usaha,milik,kontrak,no
24,5028000.0,1204000.0,21387000.0,36,3871000.0,11026000.0,1,665400.0,SMA,pendidikan,milik,wiraswasta,no
28,6611000.0,13641000.0,30663000.0,36,1241000.0,5350000.0,2,954000.0,SMA,modal_usaha,milik,tetap,no
27,7338000.0,11736000.0,20374000.0,60,7173000.0,16248000.0,0,380300.0,S1,modal_usaha,milik,tetap,no
57,18067000.0,16025000.0,65858000.0,48,26027000.0,48566000.0,1,1536700.0,SMA,kendaraan,milik,tetap,no
45,19687000.0,24704000.0,90566000.0,12,11260000.0,52657000.0,6,8452800.0,S2,kendaraan,milik,kontrak,yes
61,20341000.0,29678000.0,109655000.0,48,8471000.0,23317000.0,2,2558600.0,S1,kendaraan,sewa,wiraswasta,no
40,4813000.0,7878000.0,19346000.0,48,2436000.0,7528000.0,1,451400.0,D3,pendidikan,milik,kontrak,yes
29,18379000.0,19352000.0,79025000.0,36,11670000.0,19536000.0,1,2458600.0,S1,pendidikan,sewa,wiraswasta,no
47,5307000.0,7896000.0,5534000.0,24,8242000.0,13019000.0,3,258300.0,SMA,pendidikan,sewa,tetap,no
61,,60981000.0,93546000.0,24,21958000.0,72530000.0,0,4365500.0,S1,kendaraan,milik,kontrak,no
44,,6425000.0,96630000.0,60,22513000.0,33453000.0,2,1803800.0,SMA,kendaraan,sewa,,no
21,9330000.0,4564000.0,12912000.0,36,5583000.0,13617000.0,1,401700.0,S1,modal_usaha,milik,tetap,no
34,11952000.0,9224000.0,26351000.0,36,8913000.0,30258000.0,0,819800.0,D3,renovasi,sewa,tetap,no
61,2448000.0,840000.0,10352000.0,36,1119000.0,6221000.0,1,322100.0,SMA,kendaraan,sewa,wiraswasta,no
43,10082000.0,28114000.0,55062000.0,12,7548000.0,18960000.0,2,5139100.0,S1,pendidikan,milik,wiraswasta,yes
62,16387000.0,7840000.0,13515000.0,12,6914000.0,17595000.0,0,1261400.0,SMA,konsumtif,milik,kontrak,no
43,10746000.0,20906000.0,56822000.0,24,16433000.0,19598000.0,1,2651700.0,SMA,modal_usaha,milik,kontrak,yes
21,4279000.0,1645000.0,7325000.0,12,8178000.0,11859000.0,1,683700.0,S1,kendaraan,sewa,wiraswasta,yes
59,10322000.0,6818000.0,54033000.0,48,13122000.0,21521000.0,0,1260800.0,D3,kendaraan,milik,wiraswasta,no
54,4285000.0,7926000.0,23100000.0,12,6098000.0,10536000.0,0,2156000.0,S1,kendaraan,keluarga,tetap,yes
52,,35762000.0,74265000.0,24,13031000.0,22571000.0,0,3465700.0,S1,pendidikan,sewa,wiraswasta,yes
63,6760000.0,2814000.0,37727000.0,36,1794000.0,10512000.0,0,1173700.0,S1,konsumtif,milik,tetap,no
29,9163000.0,15916000.0,53021000.0,48,4775000.0,9691000.0,3,1237200.0,SMA,kendaraan,milik,tetap,yes
60,,4232000.0,91601000.0,12,13468000.0,25474000.0,0,8549400.0,SMA,kendaraan,milik,wiraswasta,yes
31,8926000.0,3687000.0,29654000.0,24,7047000.0,10472000.0,1,1383900.0,S2,renovasi,sewa,tetap,no
63,12846000.0,26113000.0,39183000.0,48,8707000.0,25509000.0,3,914300.0,SMA,modal_usaha,keluarga,wiraswasta,no
29,6226000.0,16409000.0,6716000.0,36,1882000.0,10375000.0,0,208900.0,D3,pendidikan,sewa,kontrak,no
45,8194000.0,17502000.0,13836000.0,36,13576000.0,21621000.0,0,430500.0,SMA,renovasi,milik,wiraswasta,no
55,5250000.0,10397000.0,21462000.0,12,3389000.0,8621000.0,1,2003100.0,SMA,konsumtif,milik,,yes
24,10346000.0,15106000.0,12419000.0,48,342000.0,13110000.0,1,289800.0,S1,kendaraan,keluarga,wiraswasta,no
23,3669000.0,3431000.0,20851000.0,36,1170000.0,3615000.0,0,648700.0,S1,kendaraan,milik,wiraswasta,yes
58,,14739000.0,11066000.0,48,4723000.0,8579000.0,4,258200.0,S1,kendaraan,sewa,wiraswasta,yes
23,7269000.0,11269000.0,7150000.0,60,13535000.0,16967000.0,2,133500.0,S1,pendidikan,milik,tetap,no
48,,4802000.0,12652000.0,48,8098000.0,15359000.0,2,295200.0,SMA,konsumtif,milik,wiraswasta,no
62,14056000.0,6017000.0,10809000.0,12,14879000.0,30416000.0,4,1008800.0,D3,modal_usaha,milik,tetap,no
48,5790000.0,3652000.0,8184000.0,48,7446000.0,15563000.0,1,191000.0,SMA,konsumtif,milik,tetap,no
42,25256000.0,27556000.0,94262000.0,36,12830000.0,34252000.0,1,2932600.0,S1,kendaraan,milik,wiraswasta,no
39,,6340000.0,14823000.0,12,6108000.0,13017000.0,0,1383500.0,SMA,konsumtif,sewa,tetap,no
49,13617000.0,25675000.0,66810000.0,24,5515000.0,15932000.0,1,3117800.0,S1,modal_usaha,milik,tetap,no
46,8176000.0,4096000.0,22288000.0,24,6128000.0,10476000.0,2,1040100.0,SMA,kendaraan,sewa,kontrak,no
43,17284000.0,24616000.0,76513000.0,60,3889000.0,27931000.0,0,1428200.0,S1,modal_usaha,milik,wiraswasta,no
27,10694000.0,2010000.0,47007000.0,48,11910000.0,25191000.0,1,1096800.0,S1,modal_usaha,keluarga,wiraswasta,no
50,15232000.0,11790000.0,18991000.0,48,19881000.0,40124000.0,3,443100.0,S1,modal_usaha,milik,tetap,no
53,11819000.0,26836000.0,9588000.0,48,5408000.0,17443000.0,2,223700.0,SMA,modal_usaha,keluarga,kontrak,no
52,7095000.0,4785000.0,36404000.0,36,3634000.0,11885000.0,4,1132600.0,S2,renovasi,milik,tetap,no
24,2253000.0,3993000.0,9811000.0,48,5106000.0,6202000.0,3,228900.0,SMA,konsumtif,milik,,no
51,7911000.0,2649000.0,11569000.0,24,7948000.0,19908000.0,4,539900.0,SMA,kendaraan,sewa,tetap,no
53,7764000.0,5341000.0,32919000.0,24,6178000.0,18003000.0,2,1536200.0,SMA,pendidikan,sewa,tetap,no
29,7152000.0,9175000.0,16536000.0,36,663000.0,12128000.0,0,514500.0,SMA,konsumtif,sewa,wiraswasta,no
58,14549000.0,28962000.0,11816000.0,48,15092000.0,22556000.0,1,275700.0,S1,konsumtif,milik,tetap,no
44,9378000.0,11755000.0,16488000.0,48,9515000.0,22428000.0,1,384700.0,SMA,konsumtif,milik,wiraswasta,no
41,4865000.0,6941000.0,22656000.0,60,2486000.0,4891000.0,0,422900.0,D3,konsumtif,milik,tetap,no
52,12880000.0,6599000.0,34119000.0,48,5160000.0,25704000.0,0,796100.0,S1,kendaraan,milik,tetap,no
43,6020000.0,7625000.0,21050000.0,24,3730000.0,5621000.0,1,982300.0,S1,modal_usaha,sewa,kontrak,yes
44,13337000.0,17272000.0,16684000.0,24,15263000.0,28959000.0,0,778600.0,S1,pendidikan,sewa,tetap,no
34,4020000.0,3989000.0,4059000.0,36,5269000.0,8243000.0,1,126300.0,S1,renovasi,milik,tetap,no
61,11464000.0,25998000.0,20817000.0,36,1017000.0,10679000.0,0,647600.0,SMA,modal_usaha,sewa,tetap,no
63,8145000.0,4300000.0,25241000.0,36,2469000.0,14040000.0,0,785300.0,S1,modal_usaha,keluarga,tetap,no
26,4393000.0,1267000.0,22661000.0,12,365000.0,5374000.0,0,2115000.0,SMA,renovasi,sewa,wiraswasta,yes
53,12695000.0,17714000.0,59649000.0,36,13920000.0,32447000.0,2,1855700.0,SMA,konsumtif,keluarga,tetap,no
22,5381000.0,9801000.0,7428000.0,48,6636000.0,15116000.0,3,173300.0,SMA,renovasi,milik,kontrak,no
37,4711000.0,5498000.0,4207000.0,24,2167000.0,7030000.0,2,196300.0,S1,kendaraan,milik,tetap,no
63,9355000.0,14970000.0,16280000.0,36,5432000.0,8087000.0,1,506500.0,D3,modal_usaha,milik,,no
28,4275000.0,11227000.0,22178000.0,24,8181000.0,11862000.0,0,1035000.0,S1,modal_usaha,milik,wiraswasta,yes
37,2968000.0,2286000.0,9905000.0,36,4291000.0,7889000.0,3,308200.0,SMA,kendaraan,keluarga,tetap,no
30,7370000.0,2865000.0,36393000.0,48,3976000.0,18816000.0,0,849200.0,D3,renovasi,sewa,tetap,no
53,13608000.0,25371000.0,34465000.0,24,15842000.0,21556000.0,3,1608400.0,D3,pendidikan,milik,tetap,yes
41,8337000.0,6678000.0,31242000.0,48,1524000.0,8132000.0,0,729000.0,SMA,modal_usaha,sewa,wiraswasta,no
47,12449000.0,15913000.0,46946000.0,36,8895000.0,36659000.0,1,1460500.0,D3,modal_usaha,milik,kontrak,no
62,,23736000.0,60831000.0,24,14443000.0,29059000.0,1,2838800.0,S1,renovasi,milik,tetap,no
43,7810000.0,12789000.0,24100000.0,48,2177000.0,12375000.0,1,562300.0,D3,pendidikan,keluarga,wiraswasta,no
53,5236000.0,18170000.0,9508000.0,48,4514000.0,13142000.0,1,221900.0,SMA,modal_usaha,milik,wiraswasta,yes
25,6530000.0,9499000.0,18654000.0,36,3152000.0,14859000.0,0,580300.0,S1,kendaraan,sewa,tetap,no
30,3095000.0,1054000.0,18140000.0,12,1340000.0,2761000.0,1,1693100.0,SMA,modal_usaha,milik,tetap,yes
62,6822000.0,21251000.0,13621000.0,36,4644000.0,19842000.0,2,423800.0,SMA,kendaraan,milik,tetap,yes
58,9665000.0,23637000.0,43363000.0,24,4960000.0,19556000.0,1,2023600.0,SMA,kendaraan,milik,tetap,yes
49,9332000.0,13932000.0,53155000.0,24,5988000.0,11330000.0,4,2480600.0,D3,renovasi,keluarga,wiraswasta,no
37,25270000.0,42933000.0,91336000.0,36,2237000.0,21104000.0,0,2841600.0,SMA,renovasi,milik,kontrak,no
29,4669000.0,3082000.0,14900000.0,60,6739000.0,9408000.0,0,278100.0,S1,modal_usaha,milik,wiraswasta,no
58,8778000.0,15597000.0,10223000.0,12,5488000.0,18494000.0,1,954100.0,SMA,pendidikan,milik,kontrak,no
55,7198000.0,3912000.0,33420000.0,48,2393000.0,7336000.0,2,779800.0,S1,renovasi,milik,wiraswasta,no
31,4797000.0,5489000.0,26447000.0,36,5652000.0,9588000.0,3,822800.0,SMA,modal_usaha,milik,tetap,no
46,9937000.0,7274000.0,58566000.0,36,4299000.0,17388000.0,1,1822100.0,S1,modal_usaha,milik,tetap,no
48,17614000.0,20750000.0,28343000.0,48,16852000.0,31050000.0,3,661300.0,S1,pendidikan,milik,tetap,no
42,7086000.0,10491000.0,39400000.0,24,19252000.0,20872000.0,3,1838700.0,D3,konsumtif,milik,tetap,yes
61,8993000.0,2639000.0,22811000.0,36,3147000.0,13048000.0,1,709700.0,SMA,modal_usaha,milik,tetap,no
26,5359000.0,8876000.0,20929000.0,24,5454000.0,14711000.0,0,976700.0,D3,kendaraan,keluarga,kontrak,no
32,5990000.0,2329000.0,10363000.0,24,5049000.0,9332000.0,0,483600.0,S2,renovasi,milik,tetap,no
25,7397000.0,13840000.0,13804000.0,36,5269000.0,8839000.0,1,429500.0,S2,modal_usaha,sewa,tetap,no
51,6894000.0,9829000.0,26916000.0,12,3892000.0,7825000.0,1,2512200.0,SMA,renovasi,sewa,tetap,yes
49,12676000.0,9257000.0,40140000.0,24,9308000.0,36373000.0,1,1873200.0,S1,kendaraan,milik,wiraswasta,no
64,,4798000.0,77213000.0,24,1540000.0,11324000.0,2,3603300.0,SMA,konsumtif,sewa,tetap,no
44,6494000.0,11113000.0,12693000.0,12,1630000.0,8326000.0,1,1184700.0,SMA,renovasi,milik,tetap,yes
27,7367000.0,15149000.0,39260000.0,24,8622000.0,11412000.0,2,1832100.0,S1,renovasi,keluarga,kontrak,yes
40,3858000.0,2933000.0,11700000.0,12,828000.0,8661000.0,3,1092000.0,D3,renovasi,keluarga,tetap,yes
24,7999000.0,9920000.0,9919000.0,24,7044000.0,13012000.0,4,462900.0,D3,renovasi,sewa,tetap,yes
50,9128000.0,8097000.0,16569000.0,36,2537000.0,7712000.0,0,515500.0,S1,renovasi,keluarga,tetap,no
50,11254000.0,40802000.0,52403000.0,36,6356000.0,21803000.0,0,1630300.0,SMA,modal_usaha,keluarga,wiraswasta,yes
58,26073000.0,22542000.0,131577000.0,60,20313000.0,71592000.0,1,2456100.0,S1,pendidikan,milik,tetap,no
35,7028000.0,8715000.0,5043000.0,60,4315000.0,19330000.0,3,94100.0,D3,renovasi,keluarga,kontrak,no
34,3804000.0,9510000.0,10481000.0,48,6918000.0,11342000.0,1,244600.0,SMA,kendaraan,sewa,tetap,no
24,6228000.0,4720000.0,20041000.0,36,4300000.0,9674000.0,0,623500.0,D3,pendidikan,milik,wiraswasta,no
39,14930000.0,19865000.0,57968000.0,24,4309000.0,15966000.0,2,2705200.0,S2,konsumtif,sewa,kontrak,no
41,7393000.0,9625000.0,30152000.0,24,4461000.0,7045000.0,1,1407100.0,D3,renovasi,sewa,wiraswasta,no
54,,10400000.0,33976000.0,60,914000.0,18152000.0,2,634200.0,SMA,konsumtif,sewa,wiraswasta,yes
54,17289000.0,16219000.0,34641000.0,60,12922000.0,42290000.0,0,646600.0,S1,kendaraan,milik,wiraswasta,no
27,12864000.0,40283000.0,14351000.0,36,16228000.0,28052000.0,1,446500.0,S2,pendidikan,sewa,tetap,no
33,9803000.0,14923000.0,14956000.0,36,12565000.0,18556000.0,1,465300.0,S2,pendidikan,keluarga,kontrak,no
43,5229000.0,4689000.0,29558000.0,12,1214000.0,9444000.0,2,2758700.0,S1,modal_usaha,keluarga,wiraswasta,no
35,9392000.0,4832000.0,32935000.0,12,5547000.0,17720000.0,5,3073900.0,D3,modal_usaha,sewa,tetap,yes
22,5340000.0,9752000.0,9105000.0,36,3353000.0,8546000.0,1,283300.0,S1,pendidikan,keluarga,tetap,no
58,15878000.0,22264000.0,76568000.0,24,5687000.0,29284000.0,0,3573200.0,S1,konsumtif,keluarga,,no
53,14105000.0,18982000.0,52591000.0,36,10582000.0,17811000.0,1,1636200.0,S1,kendaraan,sewa,wiraswasta,yes
43,4704000.0,8665000.0,11856000.0,48,2190000.0,4982000.0,1,276600.0,S1,modal_usaha,milik,wiraswasta,no
