order_id;store_id;customer_id;region;channel;order_date;quantity;unit_price
922;00028;1160;Jawa Timur;online;26/11/2024;7;182.200,00
4911;00036;1734;Yogyakarta;online;06/06/2024;11;38.300,00
280;00053;1757;Jawa Timur;toko;16/09/2024;1;73.700,00
3317;00017;1276;Jawa Tengah;online;24/11/2023;7;92.400,00
596;00050;1327;Jawa Tengah;toko;17/10/2023;6;62.700,00
1827;00016;1540;Jawa Barat;online;17/04/2024;10;58.200,00
4744;00042;1559;Jawa Barat;online;09/06/2024;3;164.200,00
2969;00030;1094;Jawa Tengah;online;09/12/2023;4;48.400,00
2818;00049;1381;Jawa Barat;reseller;06/04/2024;4;66.000,00
3998;00008;1030; YOGYAKARTA;toko;01/05/2024;6;159.400,00
800;00036;1343;Yogyakarta;online;01/11/2023;11;67.800,00
1737;00009;1174;yogyakarta ;toko;17/04/2023;4;283.700,00
3985;00044;1279;jawa tengah;online;07/09/2024;10;98.100,00
483;00010;1724;jawa tengah;toko;22/11/2024;-999;106.000,00
4699;00045;1706;yogyakarta ;toko;13/03/2024;6;91.300,00
3349;00016;1296;Jawa Timur;online;30/08/2023;9;79.700,00
1396;00035;1644;Jawa Barat;toko;01/09/2024;9;141.400,00
1322;00013;1727;jawa tengah;online;06/12/2023;11;132.800,00
4412;00046;1422;yogyakarta ;toko;21/08/2023;1;95.300,00
3503;00032;1299;Jawa Timur;toko;18/11/2024;5;94.500,00
4746;00023;1226;Yogyakarta;reseller;16/03/2024;2;105.400,00
2561;00019;1257;Yogyakarta;reseller;06/09/2024;3;
2606;00016;1607;jawa tengah;online;23/02/2023;9;59.200,00
1605;00055;1161;jawa tengah;online;16/08/2024;8;276.800,00
3779;00035;1713; YOGYAKARTA;online;07/01/2023;11;87.000,00
4267;00010;1234;Jawa Timur;online;23/10/2023;6;104.000,00
1701;00033;1656;Jawa Barat;online;23/07/2023;1;125.300,00
1303;00014;1284;Jawa Barat;reseller;01/12/2023;10;26.600,00
4034;00023;1441;Jawa Barat;online;16/06/2024;10;34.800,00
2221;00013;1473;Yogyakarta;toko;26/04/2023;7;523.400,00
3946;00053;1762;jawa tengah;toko;05/02/2024;6;207.000,00
3196;00033;1299;Jawa Barat;toko;29/06/2024;5;80.200,00
1668;00038;1605;Jawa Tengah;online;12/05/2023;1;84.700,00
1727;00017;1568;Jawa Timur;toko;26/01/2023;9;145.700,00
3052;00005;1667;Yogyakarta;toko;18/01/2023;6;176.000,00
2314;00037;1462;yogyakarta ;reseller;27/12/2023;8;151.500,00
3687;00008;1708;Jawa Barat;online;13/09/2024;4;203.700,00
1934;00023;1045;Jawa Barat;toko;01/08/2023;3;75.700,00
1065;00038;1716;Yogyakarta;reseller;15/02/2023;2;163.500,00
1993;00039;1476;Jawa Tengah;toko;19/11/2024;4;50.000,00
1154;00040;1251; YOGYAKARTA;toko;09/07/2023;1;71.800,00
4704;00053;1443;jawa tengah;toko;14/01/2024;9;292.800,00
500;00023;1002;Jawa Barat;online;05/07/2023;9;
4890;00041;1156;yogyakarta ;online;28/10/2023;5;60.100,00
4426;00059;1214;jawa tengah;toko;04/04/2024;5;126.800,00
929;00010;1615;yogyakarta ;reseller;23/06/2023;1;75.900,00
4213;00006;1086;jawa tengah;online;04/05/2023;9;198.600,00
376;00002;1468; YOGYAKARTA;toko;12/03/2023;7;36.600,00
626;00033;1216;yogyakarta ;toko;15/09/2023;11;141.000,00
2248;00035;1110;Jawa Timur;reseller;09/04/2023;10;416.000,00
4181;00009;1135;Jawa Barat;online;02/11/2024;5;87.500,00
4804;00014;1257;Jawa Barat;toko;15/04/2024;9;246.500,00
3482;00040;1398;Jawa Tengah;reseller;18/02/2024;9;138.600,00
1514;00004;1512;Jawa Tengah;online;21/02/2024;7;40.800,00
386;00003;1097;Jawa Timur;toko;05/06/2024;10;96.300,00
2361;00029;1604;Yogyakarta;toko;25/12/2023;7;93.400,00
812;00057;1614;Jawa Tengah;toko;01/10/2024;9;129.100,00
4393;00040;1417;Jawa Timur;toko;12/05/2024;9;42.400,00
3963;00046;1168;jawa tengah;toko;14/05/2024;1;52.700,00
522;00005;1188;Jawa Timur;toko;22/07/2023;1;54.700,00
231;00034;1052;Jawa Barat;toko;11/05/2023;4;
1307;00029;1502; YOGYAKARTA;online;28/04/2023;7;85.000,00
2308;00057;1264;Yogyakarta;toko;17/02/2024;11;60.500,00
2249;00033;1086;Yogyakarta;toko;20/10/2024;8;66.200,00
1105;00030;1412;Jawa Barat;toko;28/10/2024;2;100.200,00
1203;00057;1180;Yogyakarta;toko;02/08/2024;6;208.200,00
55;00048;1497;Jawa Barat;toko;13/02/2024;1;153.000,00
2585;00043;1131;Yogyakarta;online;12/08/2024;5;39.300,00
314;00020;1266; YOGYAKARTA;toko;24/08/2024;9;73.400,00
239;00050;1578; YOGYAKARTA;toko;16/10/2024;10;219.000,00
2918;00059;1786;jawa tengah;toko;15/08/2023;9;81.800,00
1921;00024;1108;Jawa Tengah;online;23/05/2023;5;44.900,00
1026;00004;1056;jawa tengah;toko;17/02/2024;7;
678;00028;1353;Jawa Timur;toko;30/08/2023;2;65.400,00
3150;00009;1188;jawa tengah;online;21/01/2024;3;80.800,00
2193;00026;1628;Yogyakarta;toko;03/02/2024;6;162.800,00
3676;00015;1794; YOGYAKARTA;online;07/06/2023;4;90.500,00
3883;00033;1314;yogyakarta ;toko;11/02/2024;5;97.900,00
2496;00037;1221; YOGYAKARTA;toko;02/07/2024;5;107.200,00
3169;00010;1410;jawa tengah;toko;28/12/2023;9;131.600,00
2938;00039;1081;Yogyakarta;reseller;03/01/2023;11;112.600,00
375;00026;1622;Yogyakarta;toko;05/12/2023;7;56.200,00
2889;00024;1634;jawa tengah;toko;11/05/2023;10;73.200,00
3250;00043;1430;Jawa Timur;toko;06/12/2024;5;
3784;00025;1627;yogyakarta ;toko;05/03/2024;9;157.600,00
2213;00058;1252;Yogyakarta;toko;01/03/2023;9;49.400,00
3102;00048;1159;yogyakarta ;online;15/10/2024;3;31.400,00
2764;00014;1431;Yogyakarta;toko;26/07/2024;1;82.500,00
73;00043;1023;Yogyakarta;reseller;03/12/2024;2;201.600,00
1304;00013;1537;Yogyakarta;online;25/02/2024;6;64.300,00
2629;00048;1562;yogyakarta ;toko;01/11/2024;5;65.600,00
722;00016;1184;Jawa Timur;online;13/09/2024;9;150.500,00
4317;00031;1387;jawa tengah;online;12/08/2023;-999;82.600,00
4225;00032;1080;Jawa Timur;toko;16/12/2023;7;129.200,00
3778;00045;1098;Yogyakarta;reseller;20/06/2023;1;149.200,00
1610;00047;1391;jawa tengah;toko;31/08/2024;2;169.700,00
3535;00010;1461;Jawa Tengah;online;15/05/2024;2;275.000,00
4766;00012;1537;Jawa Tengah;toko;02/08/2023;7;91.600,00
2944;00043;1069;Jawa Tengah;online;17/03/2023;10;140.000,00
4502;00017;1271;Jawa Timur;toko;28/02/2024;2;37.600,00
3043;00001;1441; YOGYAKARTA;online;29/08/2023;4;53.600,00
3030;00021;1310;Jawa Tengah;toko;26/06/2024;7;112.000,00
843;00032;1227;yogyakarta ;toko;16/01/2023;4;40.600,00
4121;00034;1079;jawa tengah;online;26/02/2023;4;156.300,00
490;00006;1129;Jawa Timur;online;22/11/2024;7;159.800,00
1765;00055;1671; YOGYAKARTA;online;06/06/2023;10;122.800,00
3406;00010;1387;Jawa Tengah;toko;09/12/2024;9;243.700,00
956;00035;1709;Jawa Barat;toko;19/03/2024;2;83.500,00
958;00025;1146;yogyakarta ;reseller;28/07/2024;4;99.600,00
3040;00012;1289;Yogyakarta;online;22/10/2023;8;162.500,00
3529;00022;1212;Jawa Barat;online;26/11/2023;3;148.200,00
3068;00027;1105;Jawa Timur;toko;29/03/2023;9;160.800,00
3865;00008;1008;jawa tengah;online;26/03/2024;1;25.500,00
323;00018;1360;jawa tengah;online;23/10/2024;3;81.800,00
4378;00042;1789;Jawa Barat;toko;19/08/2023;10;132.600,00
2185;00011;1333;Jawa Timur;toko;23/10/2024;-999;111.000,00
2343;00017;1152;jawa tengah;online;05/01/2023;6;153.800,00
3172;00001;1236;Jawa Barat;reseller;30/01/2024;8;106.000,00
2935;00050;1440;Jawa Timur;reseller;09/07/2024;2;172.900,00
3393;00016;1731; YOGYAKARTA;toko;27/09/2024;9;118.800,00
2923;00054;1451;jawa tengah;online;29/09/2023;4;105.000,00
364;00048;1420;Jawa Tengah;reseller;02/05/2024;2;60.700,00
2625;00035;1389;yogyakarta ;reseller;02/06/2024;6;133.600,00
2730;00022;1145;yogyakarta ;toko;14/10/2023;8;69.700,00
3405;00048;1598;Jawa Tengah;toko;02/02/2023;7;
550;00023;1393;Jawa Timur;online;17/08/2024;6;84.000,00
1427;00050;1059;Jawa Tengah;toko;26/10/2023;7;229.400,00
2086;00006;1258;Jawa Timur;online;05/01/2024;1;72.300,00
2953;00001;1754;;online;24/11/2024;9;73.000,00
1354;00004;1164;Jawa Timur;reseller;09/02/2023;1;103.400,00
4006;00056;1500;jawa tengah;reseller;25/08/2024;2;124.600,00
2097;00032;1091;Jawa Tengah;online;29/08/2023;8;195.300,00
939;00045;1208;Jawa Barat;online;31/10/2023;2;153.200,00
4762;00041;1167;yogyakarta ;reseller;28/03/2023;10;164.600,00
89;00042;1616;Jawa Tengah;toko;04/03/2024;10;
587;00027;1286; YOGYAKARTA;toko;11/04/2023;3;239.700,00
4238;00044;1566;Jawa Timur;toko;02/07/2024;10;
3889;00019;1171;Jawa Barat;toko;01/09/2024;10;110.200,00
3348;00054;1455;Jawa Barat;toko;10/08/2023;6;110.100,00
2480;00044;1265;jawa tengah;reseller;01/09/2023;9;242.300,00
3844;00045;1384;Jawa Tengah;reseller;04/12/2023;11;29.800,00
935;00006;1274;Jawa Tengah;toko;19/10/2023;2;87.900,00
3456;00015;1747;Yogyakarta;toko;10/12/2024;8;62.200,00
650;00055;1643;Jawa Barat;online;08/10/2024;9;275.600,00
278;00031;1264;Jawa Tengah;reseller;02/03/2023;3;120.200,00
3922;00022;1225;Jawa Barat;toko;17/12/2024;4;120.700,00
2804;00014;1646;jawa tengah;online;23/12/2024;2;19.700,00
4092;00014;1756;jawa tengah;toko;09/06/2024;5;94.900,00
492;00023;1662;yogyakarta ;online;25/09/2023;9;126.200,00
4832;00024;1763;Jawa Timur;toko;19/06/2023;5;39.700,00
1331;00027;1492; YOGYAKARTA;toko;18/12/2024;2;104.400,00
937;00057;1142;jawa tengah;toko;26/05/2024;8;48.350.000,00
1258;00031;1732;Yogyakarta;online;02/06/2024;2;294.400,00
2751;00001;1049;Jawa Tengah;online;10/07/2024;8;48.900,00
662;00034;1075;Jawa Tengah;online;08/06/2024;11;15.400.000,00
1476;00044;1366;Jawa Barat;toko;02/03/2024;10;132.000,00
2289;00044;1707;Jawa Barat;reseller;10/03/2023;4;51.700,00
883;00020;1636;yogyakarta ;toko;10/03/2023;1;47.300,00
3473;00030;1324;Jawa Barat;toko;24/12/2023;6;42.700,00
1707;00046;1444;Jawa Timur;online;01/10/2024;5;83.600,00
219;00054;1398; YOGYAKARTA;toko;03/07/2023;6;75.200,00
290;00025;1257;Jawa Timur;reseller;31/03/2024;2;128.400,00
3158;00057;1655; YOGYAKARTA;toko;27/04/2024;4;168.800,00
885;00001;1172;Jawa Barat;toko;26/12/2024;4;65.000,00
969;00031;1512; YOGYAKARTA;toko;08/04/2024;2;233.800,00
2084;00013;1426;Jawa Timur;online;11/05/2024;3;181.000,00
2201;00026;1705; YOGYAKARTA;toko;22/02/2023;11;105.000,00
1461;00042;1655; YOGYAKARTA;reseller;08/04/2024;9;113.400,00
3419;00020;1072;Jawa Timur;toko;04/05/2024;9;158.900,00
4386;00022;1453;Yogyakarta;toko;01/07/2023;2;117.200,00
4180;00049;1266;Jawa Barat;online;18/06/2023;11;96.600,00
4703;00027;1007;jawa tengah;online;02/10/2024;1;93.400,00
3073;00033;1275;yogyakarta ;reseller;21/05/2023;2;94.100,00
2778;00042;1474;Yogyakarta;toko;02/02/2024;1;217.600,00
3439;00008;1543;Jawa Tengah;reseller;16/01/2023;4;46.100,00
1454;00051;1578;Jawa Tengah;online;03/06/2024;3;70.600,00
3941;00048;1119;Jawa Timur;online;25/11/2023;6;122.900,00
4159;00050;1392;Jawa Barat;online;08/02/2024;3;126.000,00
3138;00028;1015;Yogyakarta;toko;17/10/2023;7;129.500,00
977;00046;1357;Jawa Timur;online;21/10/2024;5;107.500,00
499;00031;1145;Jawa Barat;online;15/01/2023;9;72.100,00
2492;00044;1292;yogyakarta ;reseller;21/03/2023;9;60.200,00
398;00056;1525;yogyakarta ;reseller;19/10/2023;10;65.900,00
799;00050;1050;Jawa Tengah;toko;19/01/2024;2;70.500,00
684;00019;1567; YOGYAKARTA;online;22/11/2023;8;57.700.000,00
2659;00022;1282;Jawa Barat;online;29/12/2024;7;246.600,00
271;00013;1485;Jawa Tengah;toko;28/05/2023;3;287.600,00
3733;00033;1273;yogyakarta ;toko;08/02/2023;7;152.600,00
1699;00011;1479;yogyakarta ;online;01/10/2023;1;
3814;00032;1449;Jawa Tengah;reseller;26/06/2024;3;83.900,00
4018;00020;1115;jawa tengah;toko;13/07/2023;1;156.700,00
4017;00043;1682; YOGYAKARTA;online;11/08/2024;2;98.200,00
1151;00020;1170; YOGYAKARTA;reseller;19/10/2023;6;168.500,00
627;00002;1153; YOGYAKARTA;online;26/02/2024;4;65.900,00
4729;00047;1779;Jawa Timur;toko;31/01/2023;2;57.900,00
4261;00045;1427;Jawa Tengah;toko;09/10/2023;2;189.700,00
3910;00009;1318;yogyakarta ;online;26/01/2023;6;41.000,00
1500;00010;1234;Jawa Tengah;online;21/04/2023;4;175.900,00
3907;00016;1438;jawa tengah;reseller;09/05/2024;11;94.900,00
122;00036;1497;Jawa Barat;toko;11/09/2023;8;294.600,00
1347;00051;1792;Jawa Barat;online;01/06/2023;8;153.600,00
1704;00012;1760;Yogyakarta;online;18/07/2023;10;40.700,00
2150;00017;1528;Jawa Tengah;reseller;25/06/2024;9;53.800,00
1366;00022;1044;Jawa Tengah;online;09/01/2024;2;80.400,00
2383;00058;1237;yogyakarta ;reseller;23/06/2023;6;97.300.000,00
2584;00027;1029;yogyakarta ;online;24/01/2024;11;42.700,00
2500;00014;1332;Jawa Barat;online;16/04/2024;4;211.000,00
3514;00027;1301;Jawa Barat;toko;21/02/2024;11;
36;00047;1536;jawa tengah;online;10/02/2024;11;50.400,00
1291;00029;1202; YOGYAKARTA;toko;03/04/2024;8;82.300,00
2719;00007;1387;Yogyakarta;online;07/12/2023;7;21.500,00
875;00008;1429;Jawa Timur;toko;21/12/2023;6;59.600,00
1598;00044;1472; YOGYAKARTA;toko;26/08/2024;1;235.000,00
749;00015;1262;jawa tengah;reseller;04/07/2023;2;61.400,00
2577;00011;1216;Jawa Barat;online;14/09/2024;9;63.800,00
1607;00022;1179;Jawa Tengah;online;01/02/2024;9;203.200,00
1212;00011;1553;yogyakarta ;toko;30/11/2023;1;201.600,00
936;00047;1398;jawa tengah;online;10/06/2023;5;66.200,00
2591;00001;1704;Jawa Timur;toko;23/03/2024;4;79.200,00
3272;00008;1499;Jawa Barat;toko;01/01/2024;3;28.600,00
1636;00027;1073;Yogyakarta;online;21/08/2024;6;143.000,00
1740;00012;1597;jawa tengah;toko;10/06/2024;1;154.700,00
910;00038;1549;Jawa Tengah;toko;09/08/2024;6;87.800,00
4279;00015;1541;yogyakarta ;reseller;07/05/2024;10;50.700,00
3241;00023;1111;Jawa Barat;online;24/02/2024;3;78.200,00
1553;00058;1784;Jawa Tengah;reseller;20/01/2023;9;79.800,00
3331;00025;1260;Yogyakarta;toko;03/04/2024;6;206.600,00
3629;00019;1234;yogyakarta ;online;27/12/2024;2;226.500,00
120;00035;1183; YOGYAKARTA;reseller;25/02/2023;3;160.700,00
1832;00003;1099;Yogyakarta;toko;09/07/2024;-999;91.700,00
3461;00047;1474;yogyakarta ;toko;24/10/2024;6;185.400,00
739;00023;1546; YOGYAKARTA;online;06/02/2024;11;48.600,00
744;00007;1498;Jawa Barat;online;07/07/2023;4;60.900,00
583;00053;1093; YOGYAKARTA;toko;22/04/2023;4;92.600,00
2161;00054;1706;Jawa Timur;toko;29/01/2024;2;35.700,00
130;00026;1336;jawa tengah;toko;09/07/2023;6;88.000,00
381;00057;1746;Jawa Timur;reseller;24/01/2023;9;191.600,00
4005;00025;1794;yogyakarta ;reseller;15/03/2024;3;89.300,00
3602;00035;1374;yogyakarta ;reseller;22/05/2023;3;77.900,00
1214;00018;1564; YOGYAKARTA;online;08/05/2024;5;134.900,00
2340;00031;1501;Yogyakarta;toko;17/06/2024;3;32.200,00
1522;00022;1142; YOGYAKARTA;reseller;14/03/2024;-999;104.500,00
3325;00025;1366;Jawa Timur;toko;19/02/2023;10;128.200,00
1299;00020;1563;Jawa Barat;toko;31/10/2024;1;116.000,00
3697;00013;1475;Jawa Tengah;reseller;18/09/2023;5;33.200,00
3827;00013;1586;Jawa Tengah;reseller;24/07/2023;5;71.900,00
1292;00043;1701;Yogyakarta;online;10/06/2023;10;123.700,00
119;00024;1542; YOGYAKARTA;online;01/07/2024;9;73.800,00
1101;00023;1384;Jawa Timur;toko;15/12/2024;11;129.100,00
829;00014;1335; YOGYAKARTA;online;02/11/2024;8;86.800,00
3722;00003;1092;yogyakarta ;toko;31/05/2023;8;201.600,00
955;00015;1461;Jawa Tengah;toko;19/03/2023;8;170.000,00
1005;00028;1100;Jawa Barat;reseller;26/12/2023;8;264.200,00
1268;00017;1136;Jawa Barat;toko;15/12/2024;8;107.000,00
2404;00043;1228;Yogyakarta;toko;13/01/2024;11;103.500,00
2101;00028;1462;yogyakarta ;toko;15/07/2023;10;50.800,00
2121;00032;1332;Jawa Tengah;toko;15/09/2023;5;115.000,00
378;00015;1099;Jawa Barat;toko;09/08/2024;10;
961;00021;1607;yogyakarta ;toko;22/06/2024;1;134.000,00
4548;00044;1185; YOGYAKARTA;reseller;26/06/2024;1;90.900,00
28;00027;1475;Jawa Timur;toko;09/11/2024;10;57.100,00
1796;00033;1000;jawa tengah;toko;11/03/2024;1;268.800,00
4144;00007;1707;Yogyakarta;toko;26/10/2023;7;264.600,00
4995;00005;1666;yogyakarta ;reseller;27/10/2024;5;59.700,00
3254;00042;1619;Jawa Barat;toko;30/01/2024;9;77.700,00
3627;00003;1307;Yogyakarta;toko;08/01/2024;6;97.000,00
2379;00047;1302;yogyakarta ;online;06/11/2024;-999;257.700,00
1735;00043;1175;Yogyakarta;reseller;04/02/2023;2;133.000,00
1806;00057;1682;yogyakarta ;toko;05/10/2024;9;135.700,00
1581;00003;1582;;toko;21/11/2023;9;271.700,00
4583;00032;1425;Yogyakarta;online;23/04/2023;3;
2421;00021;1553;jawa tengah;online;15/10/2023;9;166.400,00
3762;00014;1524;Yogyakarta;toko;13/05/2023;3;144.200,00
1083;00017;1564;Jawa Tengah;toko;25/10/2024;11;146.500,00
1920;00004;1300;jawa tengah;online;03/04/2024;4;51.400,00
4700;00039;1358;Jawa Tengah;online;18/08/2023;4;217.500,00
4922;00032;1002;Jawa Barat;online;31/01/2023;11;146.000,00
4956;00024;1777;Jawa Timur;toko;22/09/2023;11;23.000,00
506;00013;1544; YOGYAKARTA;toko;07/05/2024;6;103.100,00
201;00025;1149; YOGYAKARTA;online;14/02/2024;5;95.700,00
3965;00026;1257;Yogyakarta;toko;01/11/2024;7;115.100,00
281;00046;1234;Jawa Tengah;toko;04/03/2023;1;69.600,00
1462;00012;1009;Yogyakarta;online;12/04/2024;3;479.200,00
199;00054;1543;Jawa Timur;toko;26/08/2024;6;197.800,00
3027;00022;1753; YOGYAKARTA;reseller;27/10/2023;1;104.400,00
3888;00029;1338;jawa tengah;online;06/01/2024;9;230.800,00
3832;00049;1357;Jawa Barat;toko;05/12/2023;2;138.300,00
4899;00013;1072;Yogyakarta;toko;10/06/2024;2;104.500,00
2288;00018;1061;yogyakarta ;toko;07/04/2023;6;87.800,00
4337;00056;1392;Jawa Tengah;online;10/04/2024;3;
1936;00030;1795;Yogyakarta;online;25/10/2024;4;255.900,00
3921;00026;1315; YOGYAKARTA;toko;12/06/2023;10;143.800,00
3845;00044;1416;Jawa Tengah;toko;07/11/2024;5;101.600,00
1872;00003;1550; YOGYAKARTA;online;18/02/2023;6;191.600,00
3750;00047;1665;yogyakarta ;toko;29/09/2023;3;
1800;00006;1403;jawa tengah;toko;05/11/2024;6;
19;00008;1137;Yogyakarta;toko;09/09/2024;10;91.200,00
2522;00044;1011;yogyakarta ;toko;17/11/2024;5;100.000,00
1163;00003;1078;yogyakarta ;online;06/04/2023;3;207.800,00
3915;00022;1592; YOGYAKARTA;toko;12/01/2023;9;219.400,00
4755;00008;1347;Jawa Barat;toko;31/10/2024;9;37.100,00
1390;00005;1302;Jawa Tengah;toko;01/02/2023;8;164.900,00
3251;00052;1774; YOGYAKARTA;reseller;06/06/2024;9;171.000,00
3560;00052;1313;Jawa Timur;online;19/04/2023;5;103.500,00
1720;00003;1521;jawa tengah;toko;20/01/2024;7;108.000,00
4048;00010;1269;Jawa Barat;online;28/12/2023;10;91.400,00
3995;00024;1093;Jawa Timur;online;24/05/2023;3;134.400,00
4869;00007;1757;Jawa Tengah;reseller;15/05/2023;7;92.900,00
339;00008;1591;jawa tengah;reseller;08/10/2024;6;35.300,00
186;00028;1217; YOGYAKARTA;online;05/04/2023;11;55.000,00
342;00028;1324;Jawa Timur;toko;30/07/2023;7;33.200,00
3604;00033;1147;Jawa Tengah;toko;13/10/2023;4;86.500,00
2483;00056;1088;jawa tengah;toko;16/04/2024;5;109.900,00
4923;00053;1792;jawa tengah;online;17/03/2024;5;195.100,00
1558;00056;1241;Jawa Barat;online;10/11/2024;11;44.600,00
1761;00039;1046;Jawa Timur;toko;13/01/2024;5;64.600,00
563;00020;1222; YOGYAKARTA;online;10/12/2023;7;177.500,00
3586;00058;1557; YOGYAKARTA;toko;01/04/2024;3;
2993;00032;1061;jawa tengah;reseller;18/09/2024;8;113.400,00
1035;00009;1074;yogyakarta ;online;01/09/2023;4;73.700,00
4597;00058;1792;Yogyakarta;toko;23/12/2024;11;101.700,00
3281;00059;1390;Jawa Barat;toko;23/10/2024;2;61.400,00
983;00020;1019;Jawa Tengah;toko;14/09/2023;9;162.500,00
2437;00057;1025;Jawa Timur;online;09/03/2024;6;44.600,00
69;00058;1317;Jawa Timur;online;18/12/2023;4;161.800,00
1072;00012;1070;jawa tengah;toko;21/08/2024;1;66.300,00
1003;00017;1249;jawa tengah;online;21/01/2023;5;99.600,00
1131;00046;1244; YOGYAKARTA;online;26/09/2024;6;65.900,00
2491;00007;1367;jawa tengah;toko;01/09/2023;2;136.200,00
4787;00017;1313;yogyakarta ;toko;03/05/2024;5;68.400,00
2517;00043;1029;jawa tengah;reseller;10/10/2023;1;224.500,00
3834;00044;1327; YOGYAKARTA;online;19/08/2023;9;220.700,00
2184;00036;1517;Jawa Tengah;toko;05/06/2023;-999;260.800,00
890;00012;1416;yogyakarta ;reseller;13/12/2023;7;32.700,00
2611;00031;1691;Yogyakarta;online;20/03/2024;8;125.800,00
4584;00034;1582;Jawa Timur;online;28/11/2024;6;
295;00015;1561; YOGYAKARTA;online;28/12/2023;7;105.700,00
2270;00055;1389; YOGYAKARTA;online;11/07/2024;3;54.800,00
465;00019;1044; YOGYAKARTA;toko;16/10/2024;4;
3599;00011;1648; YOGYAKARTA;toko;09/09/2024;11;63.600,00
3339;00037;1473;Jawa Tengah;toko;10/02/2024;8;70.400,00
187;00045;1796;Jawa Tengah;toko;19/12/2024;5;114.000,00
1615;00029;1595; YOGYAKARTA;toko;22/01/2023;10;244.000,00
2119;00013;1449;jawa tengah;online;29/04/2024;6;51.900,00
4874;00025;1127;Jawa Tengah;toko;10/06/2024;6;79.200,00
46;00037;1643;Jawa Barat;reseller;20/06/2023;7;109.900,00
3382;00002;1693;jawa tengah;online;10/05/2024;10;70.400,00
4240;00020;1596;jawa tengah;online;25/03/2024;2;
3652;00058;1321;Jawa Barat;online;12/10/2023;9;69.900,00
4848;00027;1416;Jawa Tengah;reseller;26/03/2023;3;91.300,00
185;00034;1079; YOGYAKARTA;toko;04/04/2024;6;84.900,00
3083;00039;1542;Jawa Tengah;reseller;23/05/2023;9;206.400,00
2368;00038;1083;Jawa Timur;reseller;15/08/2024;8;154.000,00
3242;00045;1238; YOGYAKARTA;toko;27/11/2024;10;116.700,00
1140;00025;1777;yogyakarta ;reseller;14/10/2024;11;256.900,00
4468;00003;1787;yogyakarta ;toko;27/11/2023;6;88.100,00
2072;00059;1751;Jawa Barat;toko;23/01/2024;7;352.000,00
2430;00058;1071; YOGYAKARTA;toko;22/10/2023;1;87.000,00
564;00022;1750;Jawa Barat;online;02/06/2024;6;71.300,00
3126;00039;1398;Yogyakarta;online;12/11/2023;4;190.000,00
318;00012;1413; YOGYAKARTA;reseller;05/09/2023;6;100.500,00
320;00003;1727;jawa tengah;online;16/03/2023;5;63.700,00
3852;00003;1064;Yogyakarta;toko;30/08/2024;4;152.800,00
2038;00026;1263; YOGYAKARTA;online;27/01/2024;11;
329;00045;1742;Jawa Timur;reseller;16/07/2024;4;75.100,00
1560;00009;1338;jawa tengah;online;01/02/2023;1;
2677;00057;1308;Jawa Tengah;online;15/09/2023;4;324.000,00
3346;00004;1263;Jawa Tengah;reseller;17/01/2023;6;637.100,00
1180;00040;1605;yogyakarta ;toko;31/01/2023;8;99.200,00
3391;00031;1075;Jawa Barat;online;04/05/2024;7;78.300,00
193;00004;1480;Yogyakarta;reseller;22/01/2023;10;66.500,00
840;00013;1400;jawa tengah;toko;12/08/2024;9;41.300,00
3544;00050;1185;Jawa Tengah;reseller;04/05/2023;8;96.700,00
3306;00005;1734;Jawa Tengah;online;24/10/2024;2;86.800,00
2910;00021;1309;Jawa Tengah;toko;01/06/2023;8;60.400,00
3272;00008;1499;Jawa Barat;toko;01/01/2024;3;28.600,00
2883;00010;1616;jawa tengah;online;20/12/2024;4;53.800,00
4195;00013;1483;Jawa Barat;toko;07/03/2024;6;329.300,00
3577;00013;1137;Jawa Barat;reseller;24/11/2024;4;127.300,00
4348;00029;1044;Jawa Barat;online;29/08/2024;10;64.900,00
131;00022;1551; YOGYAKARTA;toko;23/05/2023;4;74.700,00
1093;00013;1306;Jawa Tengah;toko;15/09/2024;5;44.300,00
3754;00021;1343;jawa tengah;toko;26/09/2023;1;210.600,00
1020;00019;1762;Jawa Timur;toko;16/05/2024;10;66.700,00
4717;00044;1301;Jawa Tengah;toko;26/10/2023;5;103.000,00
2526;00005;1210;Jawa Timur;reseller;18/02/2024;3;46.200,00
4982;00021;1107;jawa tengah;online;26/09/2023;5;197.700,00
2545;00029;1160;jawa tengah;toko;09/04/2024;4;100.800,00
4612;00038;1544; YOGYAKARTA;reseller;07/10/2024;6;161.700,00
750;00014;1447;jawa tengah;online;30/10/2023;9;58.900,00
2824;00042;1050;Yogyakarta;reseller;19/01/2023;6;
2638;00043;1384;jawa tengah;online;03/12/2024;3;80.100,00
2009;00036;1563;jawa tengah;toko;15/01/2024;1;125.900,00
4877;00052;1796;yogyakarta ;toko;13/02/2024;4;46.300,00
4054;00005;1251;Jawa Tengah;online;28/01/2024;8;97.700,00
1657;00030;1125;jawa tengah;toko;30/11/2024;1;154.000,00
1582;00056;1004; YOGYAKARTA;online;13/09/2023;4;150.100,00
2672;00041;1678;Jawa Barat;toko;05/03/2024;8;30.200,00
623;00007;1291;yogyakarta ;online;07/09/2023;3;65.300,00
1912;00012;1645;jawa tengah;reseller;01/07/2023;1;57.600,00
3970;00050;1054;Jawa Timur;online;12/04/2024;4;91.900,00
1694;00035;1771;Jawa Tengah;toko;25/08/2024;7;126.300,00
1631;00013;1324;Jawa Barat;toko;12/03/2023;10;171.400,00
1421;00053;1723;Jawa Timur;toko;28/04/2023;9;168.400,00
4727;00036;1285;jawa tengah;toko;09/12/2023;9;109.500,00
4173;00013;1637;Jawa Barat;toko;25/05/2024;4;109.800,00
2752;00059;1467;yogyakarta ;online;10/04/2024;3;220.900,00
2839;00024;1644;yogyakarta ;toko;09/11/2023;1;144.000,00
538;00019;1430;jawa tengah;toko;18/11/2023;4;162.500,00
4579;00014;1049;Jawa Timur;online;21/08/2024;11;118.200,00
3505;00012;1054;Jawa Timur;toko;02/04/2023;7;37.100,00
4562;00016;1632;Jawa Timur;toko;30/05/2023;1;160.100,00
3962;00036;1150;yogyakarta ;online;12/09/2023;8;110.800,00
3715;00050;1659;Yogyakarta;reseller;07/03/2023;5;
2013;00057;1066;Yogyakarta;reseller;07/06/2024;6;169.500,00
1240;00041;1504; YOGYAKARTA;toko;21/11/2023;9;
4689;00017;1584;Jawa Tengah;toko;04/04/2024;7;184.200,00
3300;00042;1306;Jawa Barat;toko;10/03/2023;9;136.500,00
2644;00022;1561;yogyakarta ;toko;14/03/2023;2;112.700,00
1979;00032;1270;Jawa Barat;toko;23/02/2024;3;53.700,00
3860;00016;1062;Jawa Barat;online;26/01/2024;1;100.800,00
3621;00050;1296; YOGYAKARTA;online;13/02/2023;1;158.600,00
4209;00019;1404;Jawa Tengah;online;25/05/2023;7;132.100,00
745;00033;1378;Jawa Timur;toko;01/10/2024;2;118.200,00
1173;00041;1205;Jawa Tengah;toko;22/06/2024;9;155.900,00
1143;00040;1465;Jawa Timur;toko;04/02/2023;8;154.000,00
620;00050;1317;yogyakarta ;toko;20/06/2024;7;128.100,00
4215;00044;1335; YOGYAKARTA;toko;17/07/2024;9;100.700,00
2186;00049;1633;jawa tengah;toko;27/02/2023;2;152.300,00
92;00044;1156;Jawa Barat;toko;18/10/2023;9;59.200,00
2727;00020;1746;Jawa Barat;toko;26/05/2024;1;98.700,00
4277;00047;1497; YOGYAKARTA;online;25/08/2023;9;196.200,00
1880;00031;1613;yogyakarta ;toko;06/08/2024;8;86.500,00
419;00001;1276; YOGYAKARTA;online;18/05/2023;1;157.500,00
3656;00058;1317;Jawa Timur;toko;15/03/2024;8;64.700,00
4716;00052;1480;Jawa Tengah;toko;22/12/2023;10;33.200,00
4030;00003;1432;Yogyakarta;toko;26/12/2023;4;99.300,00
251;00014;1526;yogyakarta ;online;22/11/2024;-999;107.400,00
664;00027;1179; YOGYAKARTA;online;04/11/2023;5;91.200,00
4151;00030;1185;yogyakarta ;toko;08/05/2024;8;42.100,00
4496;00052;1245;Jawa Tengah;reseller;27/05/2024;8;57.200,00
2807;00036;1791;Jawa Barat;online;08/03/2023;6;58.500,00
4002;00014;1504;Yogyakarta;toko;05/03/2024;11;140.200,00
1108;00009;1676; YOGYAKARTA;online;04/11/2024;4;221.100,00
4660;00032;1057;Jawa Timur;toko;23/07/2024;5;180.800,00
3088;00012;1375;jawa tengah;toko;30/12/2023;10;105.700,00
1146;00055;1637;yogyakarta ;online;14/04/2024;9;40.700,00
4501;00026;1782;jawa tengah;reseller;28/05/2023;6;20.500,00
1227;00011;1023;Yogyakarta;toko;27/04/2023;1;162.100,00
3226;00023;1366;Yogyakarta;online;25/06/2023;2;86.800,00
259;00024;1448;jawa tengah;online;29/07/2023;9;196.300,00
16;00049;1144;Yogyakarta;toko;29/02/2024;1;117.400,00
4798;00042;1584;Jawa Tengah;online;26/01/2024;11;
138;00058;1504;Yogyakarta;online;03/08/2023;9;200.900,00
4402;00034;1264;Jawa Barat;toko;02/07/2024;4;65.900,00
4871;00042;1159;Jawa Barat;online;19/11/2024;2;22.500,00
31;00035;1268;Jawa Tengah;toko;11/06/2024;4;148.100,00
4437;00050;1623;Jawa Tengah;toko;31/01/2023;8;156.100,00
501;00019;1289;Jawa Tengah;online;11/10/2024;10;42.800,00
2518;00043;1127;yogyakarta ;toko;02/10/2024;10;585.700,00
2990;00025;1539;Jawa Barat;online;28/01/2024;1;115.400,00
1903;00007;1512;Jawa Barat;toko;04/05/2023;10;100.000,00
3856;00029;1100;Yogyakarta;reseller;18/01/2023;7;91.600,00
80;00010;1195;Jawa Barat;online;26/10/2024;8;198.500,00
3926;00011;1244;Jawa Barat;toko;21/08/2024;5;70.500,00
2711;00016;1033;Jawa Timur;toko;13/01/2024;7;
2553;00036;1710;Jawa Barat;online;03/12/2023;1;59.600,00
2081;00041;1663;jawa tengah;toko;24/09/2024;11;113.700,00
1577;00042;1000;Jawa Barat;online;20/05/2024;7;131.500,00
208;00031;1748;Jawa Barat;toko;22/05/2024;11;39.600,00
1960;00043;1665; YOGYAKARTA;toko;27/07/2023;6;95.900,00
1368;00045;1153;jawa tengah;toko;25/09/2024;9;147.700,00
3337;00058;1152;Yogyakarta;toko;30/04/2024;8;112.000,00
4647;00059;1713;Jawa Tengah;toko;11/07/2024;1;50.700,00
3952;00027;1414;Jawa Tengah;toko;20/02/2024;6;166.300,00
4578;00030;1188;jawa tengah;toko;28/11/2023;7;138.500,00
1194;00002;1247; YOGYAKARTA;online;20/06/2023;8;125.200,00
2888;00020;1084; YOGYAKARTA;toko;01/09/2023;5;217.200,00
3942;00039;1039; YOGYAKARTA;online;18/10/2024;3;136.900,00
3429;00011;1315;Jawa Timur;online;14/08/2023;8;136.400,00
3184;00043;1469;jawa tengah;toko;30/07/2023;10;128.400,00
3772;00034;1676;Yogyakarta;toko;10/07/2024;1;266.100,00
4483;00005;1139;Yogyakarta;toko;04/09/2023;8;144.400,00
3151;00032;1571;Jawa Tengah;reseller;24/12/2023;1;182.000,00
1519;00036;1729;Yogyakarta;online;20/08/2024;1;37.700,00
4443;00042;1590;Jawa Timur;online;30/03/2023;2;74.200,00
1773;00059;1397;Jawa Barat;online;15/11/2024;10;118.700,00
4801;00011;1685;Jawa Tengah;online;18/09/2023;3;65.600,00
3718;00059;1628;jawa tengah;online;25/06/2023;6;55.200,00
2390;00016;1066;yogyakarta ;online;08/01/2024;5;139.000,00
1797;00040;1557;Jawa Tengah;toko;25/10/2023;10;102.200,00
2890;00014;1524;Jawa Tengah;online;17/07/2023;6;179.900,00
2399;00005;1099; YOGYAKARTA;online;07/01/2024;10;98.400,00
4242;00030;1685;Jawa Timur;toko;06/09/2023;1;101.000,00
4886;00050;1230;yogyakarta ;toko;18/07/2023;10;70.400,00
4687;00018;1659;yogyakarta ;online;01/12/2023;6;108.500,00
3904;00009;1512;Jawa Tengah;toko;14/01/2023;5;230.500,00
1147;00013;1367;Jawa Barat;toko;13/03/2023;5;86.600,00
869;00003;1642;Jawa Barat;toko;22/08/2023;9;
279;00054;1678;Jawa Barat;toko;15/12/2024;6;52.300,00
689;00044;1607;Jawa Timur;toko;30/11/2024;4;88.600,00
214;00035;1609;Jawa Timur;toko;03/07/2024;6;102.600,00
496;00040;1077;Jawa Timur;toko;30/06/2023;11;
2943;00004;1112;Jawa Barat;online;13/04/2024;2;117.100,00
3876;00015;1372;jawa tengah;toko;11/10/2024;4;61.800,00
4458;00042;1279;Jawa Timur;reseller;09/11/2024;6;82.500,00
4931;00009;1202;Jawa Timur;reseller;01/04/2024;3;45.700,00
1381;00058;1043;jawa tengah;online;13/10/2024;5;170.600,00
2234;00004;1647;Jawa Timur;toko;02/07/2023;6;
2452;00031;1546;Jawa Barat;online;12/04/2023;8;66.700,00
1901;00052;1691;yogyakarta ;toko;20/05/2023;5;85.800,00
2609;00017;1396;jawa tengah;toko;05/10/2024;6;35.100,00
1344;00005;1180;Jawa Timur;online;29/04/2024;6;75.900,00
990;00041;1245;jawa tengah;reseller;03/01/2024;4;65.900.000,00
4573;00038;1528;Yogyakarta;toko;30/11/2023;8;112.600,00
804;00056;1796;Jawa Timur;toko;03/07/2023;6;78.200,00
498;00050;1043;Jawa Barat;toko;30/09/2023;1;67.600,00
3188;00014;1087;jawa tengah;toko;27/11/2024;11;74.500,00
3008;00011;1468;yogyakarta ;toko;16/04/2023;7;72.700,00
4878;00033;1512;jawa tengah;toko;07/07/2024;-999;98.600,00
2164;00002;1052;Jawa Timur;toko;19/05/2024;6;
2974;00057;1123;Jawa Tengah;toko;19/06/2023;11;94.200,00
886;00012;1005;Jawa Timur;toko;24/07/2024;7;38.700,00
1999;00026;1717;Jawa Tengah;online;19/09/2024;3;116.700,00
4290;00034;1221;Jawa Barat;toko;26/09/2023;10;101.500,00
825;00049;1555;Yogyakarta;online;28/12/2024;4;
2785;00016;1680; YOGYAKARTA;reseller;17/09/2024;9;68.700,00
2835;00011;1414;Jawa Tengah;online;03/06/2024;2;38.000,00
2012;00031;1595;yogyakarta ;online;08/10/2023;6;194.300,00
260;00021;1122;jawa tengah;toko;15/08/2023;9;210.600,00
777;00047;1776;Yogyakarta;reseller;14/08/2023;8;44.600,00
525;00054;1485;yogyakarta ;online;21/12/2024;3;78.000,00
3192;00051;1054;Jawa Timur;toko;30/05/2023;8;287.100,00
3413;00005;1746;Jawa Timur;toko;20/05/2023;10;45.000,00
4792;00017;1555;Yogyakarta;toko;07/10/2023;3;42.200,00
1117;00001;1785;jawa tengah;reseller;28/07/2024;1;135.000,00
123;00027;1108;Jawa Barat;toko;01/09/2023;9;53.700,00
4495;00038;1391;Jawa Timur;online;06/01/2023;2;101.500,00
4481;00013;1393; YOGYAKARTA;toko;13/12/2024;6;201.900,00
326;00050;1030;Yogyakarta;toko;05/01/2024;1;92.800,00
3290;00021;1214; YOGYAKARTA;online;29/05/2023;7;114.100,00
3632;00057;1694;yogyakarta ;toko;08/12/2024;7;141.300,00
4434;00027;1417;Jawa Barat;reseller;30/06/2023;-999;86.500,00
2131;00048;1537;Jawa Timur;online;29/11/2023;5;118.200,00
1975;00056;1749;Jawa Barat;toko;30/04/2023;3;39.200,00
1724;00036;1727;yogyakarta ;toko;10/11/2023;4;59.600,00
4825;00022;1701;jawa tengah;toko;18/02/2023;1;46.700,00
1644;00004;1583;jawa tengah;toko;19/05/2024;5;88.900,00
4710;00023;1214;Yogyakarta;online;01/01/2023;5;66.400,00
605;00052;1246; YOGYAKARTA;toko;29/12/2024;4;78.300,00
4962;00043;1490;Yogyakarta;online;05/05/2024;2;242.500,00
4523;00026;1305;Jawa Tengah;toko;06/10/2024;11;29.000,00
1606;00048;1105;Jawa Timur;toko;07/10/2023;8;
1168;00019;1447;Jawa Timur;toko;23/08/2023;9;103.000,00
827;00013;1508;Yogyakarta;online;25/06/2023;1;39.800,00
429;00008;1226; YOGYAKARTA;online;22/09/2023;8;107.200,00
552;00042;1580;yogyakarta ;online;06/09/2023;4;101.500,00
126;00040;1653; YOGYAKARTA;online;11/08/2024;6;87.900,00
3364;00045;1201;Jawa Barat;toko;14/02/2023;10;
4914;00055;1734; YOGYAKARTA;toko;26/03/2024;8;53.100,00
3074;00028;1617;Jawa Timur;online;24/01/2024;4;136.800,00
3437;00042;1137;Jawa Barat;online;19/12/2024;6;66.100,00
1909;00026;1791;yogyakarta ;online;04/04/2023;4;192.900,00
104;00036;1469;Yogyakarta;toko;08/03/2024;1;150.300,00
2152;00055;1764;jawa tengah;reseller;23/06/2023;6;143.600,00
4778;00056;1182;Jawa Barat;toko;12/05/2023;11;182.000,00
1126;00028;1320; YOGYAKARTA;online;30/06/2023;4;92.500,00
1353;00021;1320;jawa tengah;online;08/05/2024;9;51.600,00
2847;00027;1173;yogyakarta ;reseller;08/12/2024;5;25.100,00
1714;00036;1186;Yogyakarta;toko;21/01/2024;11;127.200,00
4779;00010;1683;yogyakarta ;toko;12/01/2024;2;200.600,00
4665;00047;1443;jawa tengah;reseller;31/08/2023;3;81.700,00
659;00011;1145;jawa tengah;toko;19/12/2024;9;63.100,00
3698;00028;1206;Yogyakarta;online;27/01/2023;6;
3470;00027;1001;Jawa Tengah;reseller;01/10/2023;8;73.800,00
1916;00058;1109;Jawa Tengah;toko;05/10/2023;11;
4205;00009;1264;jawa tengah;online;29/12/2023;7;48.000,00
2325;00002;1368; YOGYAKARTA;reseller;04/01/2024;6;72.500,00
3342;00032;1712;Jawa Tengah;toko;22/08/2024;6;226.000,00
4228;00044;1784;Yogyakarta;toko;09/03/2024;3;31.000,00
306;00040;1021;jawa tengah;online;25/09/2023;8;157.900,00
1991;00009;1430;Yogyakarta;toko;25/01/2023;3;139.100,00
3521;00015;1007;Jawa Tengah;toko;22/09/2024;4;49.600,00
1523;00024;1570;Jawa Tengah;reseller;04/07/2023;7;109.200,00
3525;00033;1493;Yogyakarta;online;05/10/2024;7;196.900,00
4870;00038;1457;Yogyakarta;toko;03/09/2024;2;82.100,00
3847;00047;1695;yogyakarta ;toko;12/03/2024;3;63.500,00
1261;00034;1035;Jawa Barat;online;13/01/2024;11;31.000,00
4589;00006;1013; YOGYAKARTA;toko;15/03/2024;6;243.900,00
1620;00056;1340;yogyakarta ;toko;08/01/2024;1;58.300,00
209;00026;1667;yogyakarta ;online;29/10/2024;9;123.100,00
1874;00059;1554;Jawa Tengah;online;26/01/2023;1;54.700,00
1651;00023;1395;yogyakarta ;online;19/12/2023;11;264.700,00
2958;00059;1080;jawa tengah;online;10/08/2023;9;170.100,00
369;00049;1152;Jawa Timur;online;30/01/2024;9;70.400,00
1755;00053;1478;Yogyakarta;toko;06/10/2023;11;235.200,00
3095;00038;1302;Jawa Barat;toko;19/11/2024;11;82.500,00
3791;00014;1475;Jawa Barat;online;25/02/2023;5;77.800,00
2353;00010;1230;Yogyakarta;online;15/03/2024;3;
455;00004;1775;Yogyakarta;online;31/01/2023;-999;
832;00041;1069; YOGYAKARTA;online;28/10/2023;10;157.500,00
2979;00004;1572;yogyakarta ;toko;08/11/2024;5;85.800,00
1817;00019;1359; YOGYAKARTA;toko;07/06/2024;10;53.800,00
1895;00041;1798; YOGYAKARTA;toko;11/03/2023;6;41.200,00
3153;00038;1249; YOGYAKARTA;online;08/07/2023;2;123.600,00
2389;00050;1334;Jawa Timur;reseller;18/12/2023;10;239.900,00
2525;00051;1302;Yogyakarta;online;07/04/2023;3;158.100,00
1495;00015;1212;Jawa Timur;online;19/06/2024;7;112.700,00
810;00006;1291;Yogyakarta;online;11/09/2023;6;64.400,00
3062;00024;1700;Jawa Tengah;toko;22/11/2024;3;123.200,00
1838;00015;1052;Yogyakarta;online;30/03/2023;5;144.800,00
2927;00040;1112;Yogyakarta;online;19/06/2023;11;20.400,00
995;00014;1094;yogyakarta ;toko;08/11/2024;5;191.600,00
2124;00016;1758;Jawa Barat;toko;17/09/2023;11;112.500,00
2269;00013;1126;Jawa Barat;online;23/10/2023;7;67.100,00
1124;00001;1794;Jawa Tengah;toko;11/09/2024;7;64.600,00
2776;00002;1220; YOGYAKARTA;toko;16/11/2023;2;96.800,00
2120;00046;1174;Jawa Timur;toko;30/06/2024;1;65.800,00
2541;00037;1422;Jawa Tengah;toko;04/11/2024;7;84.600,00
200;00008;1039;jawa tengah;toko;23/06/2024;11;70.400,00
3989;00019;1759; YOGYAKARTA;online;07/12/2023;6;71.600,00
1742;00020;1413;Yogyakarta;toko;19/09/2023;9;37.600,00
1229;00022;1772;yogyakarta ;toko;17/12/2023;9;192.600,00
743;00021;1705;Jawa Barat;online;17/08/2023;3;442.800,00
2555;00045;1007;jawa tengah;reseller;06/07/2023;11;122.300,00
1112;00017;1008; YOGYAKARTA;toko;05/02/2023;1;91.200,00
2557;00006;1214;yogyakarta ;toko;14/07/2023;4;66.000,00
2897;00050;1597;Jawa Barat;online;01/11/2024;11;198.900,00
392;00040;1564;yogyakarta ;online;28/02/2023;1;158.600,00
930;00049;1419;yogyakarta ;toko;05/03/2024;4;218.800,00
2704;00021;1058; YOGYAKARTA;toko;24/01/2023;3;244.000,00
933;00023;1343;Jawa Tengah;reseller;05/02/2023;2;60.500,00
242;00001;1774;Jawa Barat;toko;01/01/2023;11;115.500,00
2268;00038;1605;Jawa Timur;online;24/09/2023;9;155.900,00
1279;00042;1112;yogyakarta ;online;09/01/2023;1;62.300,00
1997;00010;1470;Yogyakarta;toko;27/04/2024;9;83.300,00
2468;00055;1730;jawa tengah;reseller;19/04/2024;8;124.800,00
4145;00018;1077; YOGYAKARTA;reseller;16/06/2023;7;34.400,00
2080;00001;1306;yogyakarta ;toko;17/02/2024;1;220.600,00
4286;00042;1593; YOGYAKARTA;online;22/04/2023;6;91.000,00
4537;00055;1099;yogyakarta ;online;24/02/2023;3;105.800,00
4691;00013;1555;Jawa Barat;reseller;27/12/2023;6;42.000,00
3105;00029;1146;Jawa Timur;online;19/06/2024;3;88.000,00
4272;00038;1284;yogyakarta ;online;15/04/2024;3;69.300,00
1400;00020;1391;Jawa Timur;toko;20/03/2024;8;39.300,00
2582;00033;1047;Jawa Tengah;toko;06/06/2023;10;38.600,00
771;00054;1022;Jawa Tengah;toko;01/01/2024;4;35.600,00
3824;00023;1279;yogyakarta ;toko;08/04/2024;10;102.100,00
3610;00023;1365;jawa tengah;online;12/03/2023;2;94.300,00
577;00013;1097; YOGYAKARTA;toko;14/10/2023;3;136.600,00
802;00020;1300;Jawa Tengah;reseller;20/06/2024;8;182.700,00
2871;00043;1554;jawa tengah;toko;07/12/2024;3;48.100,00
1987;00004;1677; YOGYAKARTA;toko;17/06/2024;4;266.500,00
4484;00014;1653;Jawa Tengah;toko;30/06/2023;10;85.700,00
3305;00027;1269; YOGYAKARTA;online;08/05/2024;7;18.700,00
4683;00044;1599;Jawa Tengah;toko;05/11/2024;9;139.700,00
2578;00054;1533;Jawa Tengah;online;27/06/2023;5;114.900,00
3553;00044;1657;jawa tengah;online;12/10/2023;6;59.300,00
2610;00041;1286;Jawa Timur;toko;29/06/2023;10;169.400,00
1178;00037;1187;Jawa Barat;online;31/03/2024;2;186.800,00
21;00049;1118;Jawa Tengah;online;10/11/2024;3;219.600,00
2843;00059;1420;Jawa Tengah;toko;23/09/2023;2;
2602;00020;1373;Jawa Tengah;reseller;07/06/2023;9;79.500,00
476;00013;1329;jawa tengah;reseller;10/09/2024;10;213.200,00
979;00017;1108;yogyakarta ;toko;18/12/2024;8;31.400,00
2156;00042;1557;yogyakarta ;toko;25/02/2024;9;212.900,00
4741;00057;1369;Jawa Timur;online;21/11/2024;10;
4932;00044;1327;jawa tengah;online;12/01/2024;10;78.000,00
3301;00022;1262;Jawa Barat;reseller;10/09/2024;1;179.100,00
604;00011;1773; YOGYAKARTA;toko;27/05/2023;5;233.500,00
22;00018;1687;;online;08/03/2024;9;
1882;00030;1316;Jawa Tengah;toko;07/03/2024;2;79.700,00
3056;00047;1602; YOGYAKARTA;reseller;05/10/2024;4;63.800,00
3749;00027;1534; YOGYAKARTA;toko;06/07/2023;4;91.500,00
2206;00018;1613;Jawa Tengah;toko;09/04/2024;3;89.000,00
900;00048;1786;yogyakarta ;toko;25/12/2023;1;184.400,00
3716;00007;1789;Yogyakarta;toko;16/02/2023;5;166.100,00
5;00035;1078; YOGYAKARTA;online;11/10/2024;8;143.500,00
2551;00029;1424;Jawa Tengah;toko;21/08/2024;5;66.200,00
2863;00047;1509; YOGYAKARTA;toko;07/04/2024;9;73.000,00
4056;00008;1553; YOGYAKARTA;online;30/04/2024;6;62.600,00
3307;00006;1338;Jawa Tengah;toko;11/02/2023;4;162.100,00
2620;00040;1143;Jawa Barat;online;24/04/2024;1;199.100,00
276;00031;1798;;toko;23/01/2023;7;232.100,00
65;00059;1386;yogyakarta ;online;16/06/2024;7;96.100,00
1394;00057;1241;Jawa Timur;online;14/09/2023;11;93.200,00
2676;00041;1288;yogyakarta ;online;27/02/2024;2;84.900,00
370;00055;1773;Yogyakarta;online;20/12/2024;9;378.500,00
4177;00007;1570;Jawa Barat;toko;08/08/2024;9;85.500,00
1206;00020;1078;jawa tengah;reseller;24/01/2024;9;104.600,00
2408;00054;1666;Yogyakarta;toko;07/06/2024;7;179.000,00
4619;00049;1334; YOGYAKARTA;toko;08/08/2023;8;59.500,00
1092;00021;1033;Jawa Barat;reseller;11/10/2024;11;40.100,00
2357;00040;1409;Yogyakarta;reseller;02/02/2024;7;40.900,00
1429;00019;1132;Jawa Tengah;toko;04/05/2023;9;59.400,00
1551;00027;1382;jawa tengah;toko;02/12/2023;3;120.400,00
4626;00020;1461;yogyakarta ;toko;02/04/2023;9;
2579;00052;1127;Jawa Timur;online;03/08/2023;9;75.400,00
2628;00040;1440;Yogyakarta;toko;23/07/2023;10;76.900,00
2675;00019;1700;Jawa Timur;online;12/05/2023;11;140.700,00
4397;00016;1694;Jawa Barat;online;21/05/2024;11;96.700,00
4634;00039;1726;yogyakarta ;online;13/07/2023;8;35.100,00
794;00045;1669;Yogyakarta;toko;27/03/2024;5;97.500,00
266;00021;1383;yogyakarta ;toko;20/02/2023;4;306.200,00
2178;00011;1312;jawa tengah;online;12/10/2023;9;115.000,00
4837;00029;1784;Jawa Barat;toko;22/12/2023;3;131.100,00
1282;00018;1013;Jawa Barat;toko;29/05/2023;9;136.800,00
1383;00024;1080; YOGYAKARTA;online;16/12/2023;3;71.050.000,00
3202;00045;1010;jawa tengah;online;08/11/2024;10;
893;00050;1104;Jawa Barat;toko;08/07/2023;8;178.200,00
4255;00009;1786;yogyakarta ;reseller;25/11/2024;2;130.400,00
1397;00031;1284;jawa tengah;online;13/07/2024;2;151.600,00
2285;00004;1341;yogyakarta ;online;19/01/2024;7;219.800,00
3932;00010;1211; YOGYAKARTA;online;30/03/2023;4;78.100,00
1885;00055;1635;Jawa Timur;reseller;12/02/2023;3;99.800,00
2922;00009;1581;jawa tengah;toko;12/05/2024;5;199.300,00
1088;00046;1668;yogyakarta ;toko;29/03/2024;2;
216;00041;1762;yogyakarta ;online;31/07/2023;1;123.900,00
3600;00009;1130; YOGYAKARTA;online;22/12/2024;8;41.600,00
3666;00026;1591; YOGYAKARTA;toko;30/01/2024;11;37.100,00
3972;00002;1186;jawa tengah;toko;21/06/2024;1;49.000,00
4882;00047;1686;Jawa Tengah;toko;30/09/2023;4;60.200,00
3260;00008;1631;yogyakarta ;toko;29/01/2023;5;76.400,00
1917;00024;1283;Yogyakarta;toko;27/04/2023;1;65.300,00
4285;00057;1562;Jawa Tengah;reseller;21/03/2023;3;63.400,00
4842;00022;1619;jawa tengah;toko;06/08/2024;9;66.000,00
3215;00046;1560;jawa tengah;toko;16/10/2024;6;79.100,00
597;00006;1253;Jawa Barat;toko;11/07/2024;1;270.700,00
863;00057;1749;Jawa Timur;online;14/06/2024;3;
3353;00010;1619;yogyakarta ;toko;02/05/2023;5;217.900,00
2673;00001;1685;yogyakarta ;online;02/04/2023;6;95.900,00
2669;00020;1764;yogyakarta ;online;03/08/2023;11;202.900,00
2176;00033;1356;yogyakarta ;online;24/12/2024;10;188.800,00
361;00055;1609;Jawa Timur;reseller;03/06/2024;1;93.600,00
2053;00026;1274;jawa tengah;toko;05/02/2023;-999;23.200,00
4467;00011;1306;Yogyakarta;toko;13/09/2024;10;
4291;00059;1520;Yogyakarta;toko;23/07/2024;-999;236.400,00
1555;00018;1070; YOGYAKARTA;toko;25/05/2024;6;
396;00019;1088; YOGYAKARTA;reseller;08/02/2023;5;181.400,00
4958;00048;1147;jawa tengah;toko;29/05/2023;8;91.000,00
3198;00014;1229;Jawa Tengah;online;25/11/2024;3;142.800,00
4288;00019;1549;jawa tengah;online;21/04/2024;11;68.300,00
701;00044;1027;Jawa Tengah;reseller;12/07/2023;8;109.900,00
232;00045;1716;Jawa Tengah;online;21/07/2023;11;115.500,00
435;00026;1066;Jawa Timur;online;11/08/2023;7;
2997;00021;1702;Jawa Barat;reseller;05/12/2024;4;133.700,00
822;00042;1568;Jawa Barat;online;06/02/2023;2;47.000,00
3794;00041;1778;yogyakarta ;online;03/11/2024;7;215.800,00
3654;00042;1674;Jawa Barat;toko;13/11/2023;9;319.400,00
2722;00019;1288;yogyakarta ;online;08/07/2024;8;45.000,00
4643;00048;1635;yogyakarta ;reseller;23/10/2023;2;56.800,00
835;00043;1577;Jawa Barat;toko;28/03/2023;4;265.100,00
2596;00047;1463;yogyakarta ;online;20/02/2023;10;48.700,00
2247;00016;1135;Jawa Timur;reseller;01/07/2023;9;102.600,00
4887;00039;1145;yogyakarta ;online;18/10/2024;3;65.600,00
2881;00026;1439;Yogyakarta;toko;10/07/2023;4;169.800,00
3737;00032;1233;Jawa Tengah;toko;14/02/2023;5;99.500,00
2019;00007;1561;yogyakarta ;toko;02/12/2023;9;68.800,00
3606;00041;1114;Jawa Barat;online;18/12/2023;3;230.400,00
4035;00002;1531;Jawa Timur;online;02/11/2024;3;260.800,00
4765;00026;1774;jawa tengah;toko;08/09/2024;3;317.400,00
194;00002;1321; YOGYAKARTA;toko;20/12/2023;9;111.700,00
3809;00021;1338;jawa tengah;toko;19/12/2023;5;120.600,00
2016;00008;1157;Jawa Tengah;toko;02/01/2024;9;136.500,00
1611;00042;1215;Jawa Barat;reseller;23/11/2024;4;91.600,00
4673;00028;1741;Jawa Tengah;reseller;26/11/2024;9;91.000,00
4394;00046;1648;jawa tengah;toko;03/08/2023;7;75.700,00
1329;00047;1737; YOGYAKARTA;online;21/01/2024;10;84.200,00
4498;00034;1452;jawa tengah;toko;07/10/2024;10;132.700,00
1388;00010;1518; YOGYAKARTA;toko;16/10/2024;3;51.600,00
3764;00020;1258;yogyakarta ;online;17/11/2024;2;57.250.000,00
1023;00048;1299;Jawa Timur;toko;30/06/2024;8;125.400,00
4985;00041;1770; YOGYAKARTA;reseller;19/11/2024;9;142.900,00
4192;00029;1720;jawa tengah;toko;12/03/2024;10;114.100,00
4357;00023;1136;yogyakarta ;toko;20/10/2023;7;39.000,00
1855;00042;1028;Jawa Tengah;toko;03/12/2024;6;117.100,00
747;00057;1145;Jawa Tengah;online;06/02/2023;4;132.200,00
3721;00001;1028;Jawa Barat;online;06/06/2024;11;44.100,00
3994;00013;1054;Jawa Tengah;online;18/06/2024;10;43.000,00
964;00018;1256;Jawa Barat;toko;30/06/2024;10;132.500,00
2670;00032;1628;Yogyakarta;online;10/01/2024;3;
523;00012;1133;Jawa Barat;online;01/07/2024;2;150.500,00
1365;00014;1001;Jawa Tengah;toko;19/02/2023;7;132.000,00
4206;00008;1771;Jawa Tengah;toko;13/12/2024;4;79.900,00
672;00013;1208;Jawa Barat;toko;02/04/2023;7;129.000,00
3374;00042;1177;Yogyakarta;online;01/09/2024;8;134.200,00
1687;00056;1069;jawa tengah;toko;21/02/2024;5;52.600,00
4596;00023;1177;Jawa Timur;online;20/08/2024;1;119.000,00
4;00053;1531;Jawa Barat;online;10/07/2023;-999;90.000,00
4551;00024;1123;yogyakarta ;online;09/11/2023;10;65.700,00
4949;00042;1084;Jawa Timur;online;26/08/2023;1;179.600,00
4176;00021;1012;Jawa Tengah;online;04/12/2023;2;217.400,00
982;00023;1456;Jawa Timur;online;25/07/2024;8;154.900,00
1191;00023;1033;Jawa Barat;online;03/05/2024;11;
4350;00022;1371;Jawa Barat;toko;05/01/2024;4;73.000,00
4944;00002;1794;Jawa Tengah;online;09/10/2024;9;210.300,00
172;00038;1653;jawa tengah;online;31/05/2023;5;81.900,00
823;00048;1450;Jawa Timur;online;13/12/2023;9;149.600,00
4684;00001;1778;Jawa Timur;online;30/06/2023;5;95.300,00
2239;00002;1477;Jawa Tengah;toko;25/09/2023;7;127.800,00
2345;00018;1464;Jawa Timur;toko;19/04/2023;3;
3548;00037;1588;yogyakarta ;online;22/09/2024;4;183.500,00
3796;00006;1306;Jawa Tengah;online;24/05/2023;1;228.300,00
4406;00015;1730;yogyakarta ;toko;22/05/2023;2;45.300,00
1835;00019;1201;jawa tengah;online;21/03/2023;10;71.300,00
1177;00023;1061;jawa tengah;online;17/12/2024;6;201.900,00
222;00046;1759;Yogyakarta;toko;19/08/2023;2;78.800,00
2195;00049;1176;yogyakarta ;online;20/12/2024;2;131.600,00
3575;00039;1262; YOGYAKARTA;toko;23/08/2023;1;96.300,00
2844;00025;1012;yogyakarta ;toko;13/06/2024;3;213.200,00
4847;00005;1598;jawa tengah;toko;04/07/2023;8;105.500,00
559;00032;1549;Jawa Barat;reseller;27/05/2024;9;171.200,00
2312;00025;1205; YOGYAKARTA;online;10/01/2023;4;61.400,00
3571;00007;1302; YOGYAKARTA;reseller;24/03/2023;11;142.600,00
4063;00028;1289;Jawa Timur;online;09/02/2023;6;145.000,00
4170;00003;1624;Jawa Timur;online;16/12/2024;5;83.500,00
4782;00018;1364;Jawa Tengah;online;29/01/2024;8;228.700,00
888;00052;1012;jawa tengah;online;01/11/2024;10;96.000,00
4567;00046;1650; YOGYAKARTA;reseller;07/09/2024;7;332.400,00
2657;00004;1150;Jawa Barat;toko;11/07/2024;11;105.200,00
4866;00011;1782;jawa tengah;toko;15/07/2024;7;52.800,00
1829;00039;1240;yogyakarta ;toko;22/08/2023;10;100.800,00
1940;00039;1488;Yogyakarta;toko;24/06/2024;8;126.700,00
4720;00011;1396;Jawa Tengah;online;13/06/2023;8;162.500,00
4352;00006;1134;Jawa Timur;toko;14/02/2024;8;145.300,00
3243;00027;1196;Yogyakarta;reseller;16/03/2023;7;105.900,00
3371;00004;1447;jawa tengah;toko;02/06/2023;8;222.200,00
3765;00023;1319;Jawa Barat;online;09/04/2023;6;
2653;00039;1043;Jawa Timur;toko;09/10/2023;6;128.200,00
4305;00022;1659;Jawa Timur;toko;26/06/2024;3;74.600,00
3245;00050;1632;Yogyakarta;online;15/09/2024;8;132.800,00
2290;00006;1491;Jawa Tengah;online;28/02/2024;4;51.400,00
1323;00036;1051; YOGYAKARTA;toko;19/05/2024;2;51.800,00
4628;00014;1297;Yogyakarta;toko;27/09/2024;4;120.100,00
4163;00031;1467;Jawa Barat;toko;31/03/2023;10;
1379;00045;1157;Yogyakarta;online;21/02/2024;8;67.600,00
4831;00006;1181;jawa tengah;toko;23/08/2024;11;132.800,00
111;00014;1486; YOGYAKARTA;toko;03/10/2024;1;59.000,00
4904;00050;1716;Jawa Barat;toko;13/08/2023;3;56.600,00
1673;00059;1148;Yogyakarta;toko;09/08/2024;8;59.300,00
2447;00047;1235; YOGYAKARTA;toko;12/04/2024;9;107.700,00
1070;00042;1347;Jawa Tengah;toko;24/04/2023;10;232.900,00
2715;00015;1640;Jawa Tengah;toko;16/05/2023;8;74.200,00
2262;00016;1462;Yogyakarta;toko;03/04/2024;6;76.600,00
965;00015;1741; YOGYAKARTA;toko;19/10/2023;2;
3499;00033;1099;yogyakarta ;toko;01/12/2023;9;125.200,00
1216;00027;1347;Yogyakarta;toko;08/07/2023;5;45.000,00
1508;00010;1381;yogyakarta ;toko;29/10/2024;5;148.800,00
4053;00046;1347;jawa tengah;toko;26/02/2023;1;67.600,00
4981;00047;1471;jawa tengah;online;02/06/2023;8;294.400,00
3438;00010;1756;yogyakarta ;online;22/07/2023;3;38.600,00
1747;00014;1541;Yogyakarta;toko;03/11/2024;7;117.700,00
4895;00024;1269;Yogyakarta;online;03/08/2023;5;280.100,00
1472;00029;1540; YOGYAKARTA;online;02/05/2024;8;14.100,00
1710;00059;1149;yogyakarta ;toko;31/03/2023;3;19.800,00
2983;00054;1592;yogyakarta ;toko;03/12/2023;6;
281;00046;1234;Jawa Tengah;toko;04/03/2023;1;69.600,00
2351;00017;1405;Jawa Barat;reseller;30/12/2023;6;
3146;00046;1457;Jawa Tengah;online;22/01/2024;5;116.800,00
2165;00006;1408;yogyakarta ;toko;27/03/2024;8;
2542;00037;1190;yogyakarta ;reseller;28/11/2024;6;87.200,00
706;00002;1625; YOGYAKARTA;online;03/01/2024;9;
2992;00046;1122;yogyakarta ;online;24/02/2024;10;107.100,00
4082;00003;1744;Jawa Timur;reseller;08/11/2024;5;136.100,00
82;00016;1534;Jawa Timur;reseller;08/03/2023;9;69.000,00
1517;00056;1517;Jawa Tengah;online;26/06/2024;8;153.200,00
1401;00037;1577;jawa tengah;toko;12/10/2023;11;71.200,00
2969;00030;1094;Jawa Tengah;online;09/12/2023;4;48.400,00
2967;00013;1471;jawa tengah;online;01/09/2023;2;47.000,00
2873;00035;1706;Yogyakarta;toko;17/06/2024;10;129.600,00
4650;00055;1619;Jawa Barat;online;04/04/2024;2;202.800,00
1973;00030;1366;Jawa Tengah;reseller;28/01/2024;10;80.500,00
2451;00002;1532;Jawa Barat;toko;13/06/2024;6;31.200,00
4297;00042;1773; YOGYAKARTA;toko;06/09/2024;9;101.000,00
3949;00011;1228;Jawa Barat;online;24/03/2023;7;599.600,00
1618;00027;1781;jawa tengah;toko;28/03/2024;8;77.600,00
4947;00019;1541;jawa tengah;toko;14/10/2023;5;46.400,00
1498;00052;1604;Jawa Barat;online;29/09/2023;5;142.500,00
2236;00035;1650;Yogyakarta;toko;04/09/2024;9;122.700,00
3867;00040;1014;Yogyakarta;online;21/07/2023;11;181.400,00
3660;00031;1090;Jawa Tengah;toko;07/02/2023;3;72.900,00
2560;00017;1277;Yogyakarta;online;07/10/2023;4;108.100,00
2373;00015;1570;Jawa Barat;toko;19/01/2024;6;257.100,00
685;00027;1306;jawa tengah;toko;17/09/2024;11;138.600,00
1113;00052;1238;Yogyakarta;toko;16/01/2024;2;87.800,00
4822;00025;1537;Jawa Tengah;online;16/05/2024;10;155.000,00
4955;00037;1390;jawa tengah;toko;21/12/2024;8;
4924;00011;1194;Jawa Tengah;reseller;07/04/2024;9;281.400,00
29;00029;1791; YOGYAKARTA;reseller;07/01/2024;3;180.000,00
1501;00029;1747;Yogyakarta;toko;05/03/2024;2;117.600,00
1814;00001;1116; YOGYAKARTA;toko;11/12/2024;11;88.000,00
3309;00038;1580;jawa tengah;toko;22/05/2024;9;43.700,00
1947;00058;1163;Jawa Tengah;toko;29/03/2024;3;107.700,00
3756;00025;1283; YOGYAKARTA;online;30/01/2024;6;106.700,00
1681;00039;1578;jawa tengah;online;02/04/2024;10;58.900,00
460;00048;1484; YOGYAKARTA;online;12/04/2024;5;276.400,00
4937;00042;1565;Yogyakarta;toko;06/12/2023;6;56.400,00
3282;00016;1531;Jawa Timur;toko;25/03/2024;2;51.100,00
2070;00009;1010;Jawa Timur;toko;13/09/2024;3;33.900,00
3365;00042;1492; YOGYAKARTA;toko;16/05/2023;11;107.200,00
2147;00011;1502;yogyakarta ;toko;07/05/2024;2;72.100,00
3009;00020;1185;Jawa Timur;online;09/04/2023;2;226.200,00
3908;00044;1435;Jawa Tengah;toko;19/05/2023;3;65.100,00
4641;00019;1232; YOGYAKARTA;online;02/08/2023;8;64.900,00
867;00024;1462;Jawa Tengah;toko;14/05/2024;6;97.500,00
539;00045;1095;Jawa Timur;toko;06/06/2024;2;77.300,00
254;00012;1708; YOGYAKARTA;online;10/03/2024;6;121.000,00
400;00032;1538;Jawa Barat;toko;22/11/2024;6;
1528;00003;1714;yogyakarta ;toko;25/10/2024;6;69.700,00
4099;00036;1626;Jawa Barat;toko;01/11/2024;10;173.700,00
1248;00016;1488;Jawa Tengah;toko;22/07/2024;1;159.700,00
2714;00008;1021; YOGYAKARTA;online;10/12/2024;4;73.100,00
3;00041;1568;Yogyakarta;toko;03/12/2023;2;213.800,00
4558;00046;1752;Jawa Tengah;toko;05/02/2023;1;76.200,00
3098;00002;1440;Jawa Tengah;toko;25/04/2024;6;243.200,00
2381;00058;1288;Jawa Barat;toko;01/04/2023;5;86.500,00
2693;00050;1193;Jawa Tengah;online;25/12/2023;8;72.500,00
1471;00010;1158;Jawa Timur;online;11/01/2024;8;42.500,00
4405;00043;1024;Jawa Timur;reseller;06/04/2024;4;492.300,00
1059;00051;1169;jawa tengah;toko;30/12/2024;1;
3434;00027;1310;yogyakarta ;toko;18/02/2024;2;37.800,00
3477;00021;1413;jawa tengah;toko;04/09/2023;1;
4416;00029;1484;Yogyakarta;toko;22/11/2023;4;106.100,00
1441;00009;1384;yogyakarta ;toko;08/09/2023;3;73.800,00
4289;00019;1504;jawa tengah;online;13/04/2024;1;100.700,00
2005;00004;1569;Yogyakarta;reseller;22/08/2024;1;
2129;00046;1428; YOGYAKARTA;online;01/05/2023;4;
2842;00022;1531;Jawa Tengah;online;31/05/2023;9;
477;00010;1034;Jawa Tengah;toko;23/03/2023;11;122.500,00
2837;00050;1340;Yogyakarta;online;05/03/2024;5;113.400,00
600;00024;1656; YOGYAKARTA;toko;06/12/2023;2;106.800,00
2703;00038;1333; YOGYAKARTA;online;07/01/2023;11;60.400,00
1626;00056;1315;Jawa Tengah;toko;02/10/2023;8;58.600,00
4108;00005;1548;jawa tengah;online;03/01/2024;6;278.400,00
2117;00042;1123;Jawa Timur;toko;09/09/2023;8;95.500,00
4462;00021;1071;jawa tengah;toko;09/08/2023;1;89.800,00
2681;00020;1771;Jawa Timur;toko;15/05/2024;8;138.500,00
1305;00054;1187; YOGYAKARTA;reseller;19/12/2023;5;62.300,00
1080;00029;1087;Jawa Timur;toko;17/07/2023;6;29.400,00
1638;00023;1336;yogyakarta ;toko;24/10/2023;9;188.300,00
1380;00058;1111;Jawa Barat;reseller;08/06/2024;8;72.600,00
274;00058;1197;Jawa Barat;online;21/09/2024;7;69.000,00
4025;00028;1044;Jawa Barat;toko;27/12/2023;9;48.700,00
4574;00048;1203;jawa tengah;toko;08/07/2024;10;48.400,00
3023;00013;1778;jawa tengah;online;06/08/2024;9;69.600,00
2246;00052;1225;Jawa Barat;toko;17/04/2024;10;85.800,00
4193;00011;1087;yogyakarta ;reseller;04/06/2024;2;70.500,00
4750;00018;1001; YOGYAKARTA;online;16/07/2024;11;311.100,00
1602;00059;1646;Jawa Tengah;online;11/09/2023;4;253.200,00
1779;00013;1357;Jawa Timur;reseller;13/06/2023;10;138.400,00
1497;00029;1586;jawa tengah;reseller;02/11/2023;2;76.600,00
4473;00019;1112;Jawa Tengah;online;10/09/2023;5;118.200,00
2647;00008;1136;yogyakarta ;online;01/04/2023;2;43.600,00
2253;00006;1353;Jawa Timur;reseller;18/07/2024;8;32.700,00
3504;00056;1391;jawa tengah;toko;20/04/2023;11;83.800,00
4954;00036;1781;Jawa Timur;reseller;02/11/2023;3;148.800,00
1850;00027;1002; YOGYAKARTA;toko;19/01/2023;4;72.000,00
3875;00039;1348;Jawa Tengah;online;09/04/2024;2;88.300,00
3550;00021;1132;jawa tengah;toko;17/04/2024;11;269.800,00
3134;00029;1257;yogyakarta ;toko;01/09/2024;7;217.200,00
3578;00021;1714;Jawa Timur;toko;05/12/2023;7;233.000,00
4284;00016;1096;jawa tengah;toko;18/03/2023;11;156.300,00
4417;00039;1742;Jawa Barat;reseller;20/09/2024;8;96.000,00
1831;00041;1707;Jawa Tengah;toko;22/07/2023;4;113.500,00
1130;00016;1442; YOGYAKARTA;toko;15/10/2024;7;82.000,00
751;00041;1381;jawa tengah;toko;06/07/2023;8;88.500,00
896;00042;1429;Jawa Tengah;reseller;04/09/2024;3;45.700,00
740;00011;1159;Jawa Timur;toko;03/11/2023;11;431.500,00
4649;00038;1329;yogyakarta ;online;04/07/2023;1;141.600,00
1064;00004;1561;;toko;26/08/2024;3;49.600,00
2127;00031;1115;yogyakarta ;reseller;03/12/2023;7;136.500,00
2214;00005;1157; YOGYAKARTA;toko;03/06/2023;3;142.200,00
2671;00039;1510;Yogyakarta;toko;21/10/2023;5;75.500,00
2174;00003;1099;yogyakarta ;online;24/05/2023;3;76.700,00
308;00043;1587;Jawa Timur;reseller;18/09/2024;8;132.300,00
4704;00053;1443;jawa tengah;toko;14/01/2024;9;292.800,00
1306;00044;1194;Yogyakarta;online;25/06/2024;5;173.500,00
4569;00050;1583;Jawa Barat;online;09/12/2023;3;69.400,00
4617;00057;1226; YOGYAKARTA;online;11/10/2024;10;173.900,00
3489;00051;1196;Yogyakarta;toko;05/08/2024;8;43.700,00
3149;00015;1765; YOGYAKARTA;toko;01/06/2023;7;77.600,00
96;00032;1169;Jawa Timur;online;20/11/2024;11;91.300,00
1480;00009;1609;yogyakarta ;online;09/01/2024;7;240.200,00
3010;00019;1263;jawa tengah;toko;31/05/2023;10;126.300,00
2859;00001;1686;Yogyakarta;toko;30/09/2023;4;138.000,00
2777;00011;1533;jawa tengah;online;26/01/2023;4;83.500,00
380;00015;1415;Jawa Timur;reseller;26/10/2023;3;94.700,00
4265;00056;1082;Jawa Tengah;online;01/02/2024;4;286.800,00
4892;00010;1435; YOGYAKARTA;toko;25/02/2023;10;31.200,00
4345;00055;1395;Jawa Barat;online;13/03/2024;7;103.100,00
2699;00055;1463;jawa tengah;online;09/01/2024;11;104.400,00
698;00015;1783;Yogyakarta;online;26/03/2023;8;171.500,00
4463;00050;1239; YOGYAKARTA;online;31/05/2023;5;103.900,00
433;00040;1061;Jawa Tengah;reseller;16/06/2023;2;96.200,00
2691;00004;1201; YOGYAKARTA;toko;19/11/2023;5;143.100,00
1963;00034;1799;Yogyakarta;reseller;03/03/2023;10;160.500,00
2191;00041;1251;yogyakarta ;online;13/02/2024;2;104.700,00
1098;00029;1421;Yogyakarta;online;16/09/2024;7;94.300,00
1152;00003;1504;Jawa Tengah;toko;26/07/2024;7;66.300,00
1549;00030;1574;Yogyakarta;online;03/04/2024;10;116.400,00
1723;00053;1499;Yogyakarta;toko;22/03/2024;4;209.000,00
1136;00037;1570;Jawa Barat;toko;25/04/2023;7;120.800,00
1613;00005;1775; YOGYAKARTA;toko;05/09/2023;11;106.800,00
61;00016;1260;jawa tengah;online;23/10/2023;9;46.200,00
132;00015;1175;Jawa Barat;online;17/01/2024;8;96.100,00
2559;00054;1077;Yogyakarta;toko;22/05/2024;4;
4507;00041;1353;Yogyakarta;toko;16/10/2024;5;94.300,00
3729;00051;1181;jawa tengah;toko;12/11/2023;11;66.700,00
4022;00012;1282;Jawa Timur;toko;01/01/2024;10;399.100,00
4577;00004;1459;Yogyakarta;reseller;19/03/2023;6;59.400,00
3320;00015;1296;Jawa Tengah;reseller;16/08/2023;9;194.400,00
817;00006;1103;yogyakarta ;reseller;22/03/2024;11;68.400,00
647;00054;1192;Jawa Tengah;online;30/05/2023;4;121.500,00
4739;00031;1415;Jawa Tengah;toko;22/03/2024;5;110.000,00
1428;00044;1133;yogyakarta ;online;04/07/2023;4;255.500,00
3367;00008;1218;Yogyakarta;toko;26/03/2024;11;165.400,00
3810;00055;1478;Jawa Tengah;reseller;21/12/2024;5;136.900,00
1745;00030;1532;jawa tengah;online;28/10/2024;11;134.300,00
2598;00038;1321;yogyakarta ;toko;29/03/2024;11;59.500,00
2317;00010;1011;Jawa Tengah;toko;24/04/2024;9;
4581;00027;1555;yogyakarta ;online;23/09/2023;8;123.700,00
3738;00032;1681;Jawa Timur;toko;29/07/2024;2;184.800,00
1559;00041;1748;Yogyakarta;online;25/10/2023;4;119.700,00
2125;00048;1450; YOGYAKARTA;toko;28/08/2024;4;134.800,00
3142;00029;1725;Yogyakarta;reseller;01/03/2024;9;338.300,00
3216;00024;1042; YOGYAKARTA;reseller;17/07/2024;2;
2406;00018;1345;Jawa Timur;online;09/06/2024;3;38.100,00
3096;00049;1486;Jawa Barat;reseller;13/03/2023;1;116.300,00
3080;00005;1702;Jawa Tengah;toko;02/03/2024;7;65.900,00
3397;00012;1483;Jawa Tengah;online;14/05/2024;11;81.000,00
1554;00026;1004;Yogyakarta;toko;04/10/2023;3;199.200,00
2736;00035;1158;;toko;07/10/2023;5;99.100,00
3500;00024;1048;Jawa Timur;reseller;29/10/2024;11;30.800,00
1369;00045;1183;Jawa Tengah;toko;19/04/2023;6;98.100,00
1399;00047;1508;yogyakarta ;toko;13/11/2024;6;159.400,00
2895;00002;1387;Jawa Timur;toko;21/01/2023;4;90.300,00
118;00058;1764; YOGYAKARTA;reseller;03/11/2023;8;73.200,00
335;00027;1644;jawa tengah;online;11/09/2024;8;54.300,00
495;00012;1598;jawa tengah;toko;02/03/2024;2;86.400,00
4156;00044;1323;Jawa Timur;online;08/03/2024;5;147.300,00
4377;00003;1103;Jawa Tengah;online;25/12/2024;5;89.100,00
1395;00034;1183; YOGYAKARTA;online;05/05/2024;1;36.700,00
1318;00019;1264;Jawa Tengah;online;25/04/2023;5;86.300,00
2988;00018;1455;jawa tengah;toko;12/04/2023;-999;77.600,00
3067;00031;1682;Jawa Tengah;toko;27/08/2024;8;74.000,00
3892;00008;1278;Yogyakarta;online;06/05/2023;9;89.800,00
1641;00044;1720;yogyakarta ;online;28/05/2023;10;62.000,00
1584;00002;1617;Jawa Tengah;toko;24/12/2024;7;111.900,00
241;00058;1558;Jawa Timur;toko;01/05/2024;1;117.600,00
4436;00011;1500;Jawa Timur;toko;09/10/2024;11;115.800,00
2002;00052;1329; YOGYAKARTA;toko;06/05/2024;8;68.000,00
4322;00044;1215; YOGYAKARTA;online;28/03/2023;7;78.800,00
2011;00003;1022;yogyakarta ;online;25/11/2023;4;52.700,00
736;00047;1174;Jawa Tengah;online;29/05/2024;9;128.200,00
4299;00053;1658; YOGYAKARTA;reseller;22/01/2023;10;35.700,00
1904;00013;1014; YOGYAKARTA;toko;31/07/2024;1;134.200,00
3171;00004;1668;Jawa Barat;toko;30/04/2024;1;294.200,00
2566;00026;1139;Jawa Timur;toko;08/09/2023;11;61.100,00
2965;00025;1062;Yogyakarta;toko;13/11/2023;-999;
1639;00008;1454;Jawa Barat;online;09/07/2023;5;66.800,00
1596;00034;1656;yogyakarta ;toko;08/06/2024;9;41.200,00
1989;00026;1556;Jawa Barat;toko;25/05/2023;10;209.600,00
622;00032;1325; YOGYAKARTA;toko;10/10/2023;3;141.000,00
2511;00046;1762;Jawa Tengah;online;26/08/2024;1;24.800,00
1494;00047;1407;Jawa Tengah;toko;06/02/2023;2;307.900,00
305;00041;1102;Jawa Tengah;online;04/03/2024;10;91.500,00
515;00021;1122;Yogyakarta;toko;17/12/2023;3;
2428;00055;1529;jawa tengah;toko;27/01/2024;6;233.100,00
365;00044;1444;Jawa Tengah;online;16/05/2023;7;259.600,00
2833;00040;1643;Yogyakarta;online;30/01/2024;8;302.500,00
2471;00016;1105;Yogyakarta;online;22/11/2023;-999;93.800,00
3157;00034;1085;Yogyakarta;toko;14/05/2023;8;58.300,00
1561;00025;1061;Jawa Tengah;toko;14/03/2023;5;60.800,00
1037;00035;1299; YOGYAKARTA;reseller;29/06/2024;2;123.900,00
1573;00010;1460;Yogyakarta;reseller;31/01/2023;9;108.800,00
858;00043;1288;yogyakarta ;toko;10/03/2023;11;207.600,00
3322;00016;1050;Jawa Barat;reseller;24/12/2024;3;220.400,00
614;00023;1764;jawa tengah;online;07/07/2023;2;83.900,00
4083;00059;1768;Yogyakarta;toko;15/04/2023;7;164.900,00
1183;00023;1272;Jawa Timur;reseller;28/09/2023;8;106.500,00
3774;00017;1234;yogyakarta ;online;18/11/2023;11;63.700,00
905;00003;1291;jawa tengah;online;04/07/2024;5;218.200,00
2067;00048;1707;jawa tengah;online;14/10/2024;9;56.600,00
4384;00030;1347;jawa tengah;toko;17/10/2024;1;136.300,00
811;00011;1324;Jawa Tengah;toko;11/01/2024;3;117.000,00
3515;00018;1601;Jawa Barat;toko;11/12/2024;11;104.000,00
4813;00055;1189;Jawa Barat;online;08/10/2024;7;239.900,00
1446;00055;1452;yogyakarta ;toko;19/05/2023;3;193.800,00
3524;00012;1049;Jawa Tengah;online;21/08/2024;2;104.200,00
1129;00002;1075;Jawa Timur;reseller;24/03/2024;8;114.500,00
4074;00013;1570;Jawa Timur;online;26/09/2024;7;118.800,00
1222;00054;1433;jawa tengah;online;28/03/2023;3;
302;00015;1213;Yogyakarta;online;30/08/2023;7;94.900,00
503;00040;1780;jawa tengah;reseller;15/05/2024;9;33.400,00
2168;00036;1795;Jawa Timur;online;26/06/2024;4;79.200,00
202;00058;1538;jawa tengah;toko;31/07/2024;1;90.500,00
2020;00048;1081; YOGYAKARTA;online;17/08/2023;6;248.000,00
1243;00014;1422;Yogyakarta;online;12/05/2024;4;235.800,00
3362;00047;1538;Jawa Tengah;toko;25/07/2023;10;124.100,00
4946;00047;1058;Yogyakarta;toko;25/09/2023;3;46.400,00
205;00043;1393;Jawa Timur;toko;24/06/2024;4;29.300,00
2530;00058;1395; YOGYAKARTA;online;09/03/2023;11;346.500,00
3486;00017;1351; YOGYAKARTA;reseller;09/11/2023;10;174.000,00
4851;00037;1285;Jawa Tengah;toko;05/05/2024;4;72.300,00
2796;00044;1643; YOGYAKARTA;online;29/04/2023;11;64.800,00
2220;00027;1496;Yogyakarta;online;13/08/2024;6;81.200,00
772;00028;1045;Jawa Barat;online;18/05/2023;2;245.900,00
4027;00009;1391;yogyakarta ;toko;09/12/2024;4;38.100,00
2477;00022;1554;jawa tengah;online;05/05/2023;5;163.200,00
4208;00031;1703;jawa tengah;online;01/02/2024;8;69.100,00
2319;00045;1395;Jawa Timur;toko;13/07/2024;6;118.200,00
967;00034;1521; YOGYAKARTA;toko;26/09/2023;5;68.600,00
4840;00055;1799;yogyakarta ;toko;15/04/2024;1;165.300,00
2371;00033;1597; YOGYAKARTA;online;04/05/2023;9;58.800,00
264;00034;1625;Yogyakarta;toko;23/05/2024;11;126.100,00
4850;00034;1718;yogyakarta ;reseller;22/06/2024;2;52.900,00
2409;00030;1188;Yogyakarta;toko;22/01/2024;7;46.800,00
640;00045;1762;Jawa Timur;reseller;08/03/2024;3;182.700,00
3209;00039;1697;;online;09/09/2024;1;117.300,00
875;00008;1429;Jawa Timur;toko;21/12/2023;6;59.600,00
1334;00044;1705;Jawa Barat;online;23/02/2024;2;170.600,00
949;00030;1089;Yogyakarta;online;11/12/2024;3;57.700,00
2793;00013;1541;Jawa Barat;online;17/10/2023;8;91.400,00
3934;00023;1235;Jawa Tengah;toko;12/08/2024;4;120.400,00
3037;00017;1774;jawa tengah;online;30/10/2023;10;77.500,00
1716;00059;1593;Yogyakarta;reseller;14/06/2023;11;127.300,00
2554;00025;1726;Yogyakarta;online;22/09/2024;1;148.900,00
1545;00024;1432;jawa tengah;toko;10/02/2024;2;137.000,00
287;00056;1576;Yogyakarta;toko;18/07/2024;9;101.500,00
3321;00012;1482;yogyakarta ;online;14/05/2023;-999;45.700,00
1448;00006;1336;Jawa Barat;toko;29/04/2024;8;81.100,00
4388;00052;1132;Jawa Tengah;online;31/05/2023;10;99.500,00
4515;00004;1321;Jawa Barat;toko;14/07/2023;2;81.600,00
4296;00023;1198; YOGYAKARTA;online;01/08/2024;4;82.200,00
4732;00027;1753;Yogyakarta;toko;24/07/2024;5;71.400,00
3763;00030;1433; YOGYAKARTA;toko;25/11/2023;9;104.700,00
1078;00046;1627;yogyakarta ;toko;30/10/2023;10;23.700,00
3046;00051;1615;jawa tengah;online;01/08/2024;9;116.100,00
677;00016;1666;jawa tengah;toko;15/08/2024;2;100.700,00
2726;00043;1206;jawa tengah;toko;16/11/2024;4;100.500,00
4731;00010;1239;Jawa Barat;reseller;02/04/2024;9;185.400,00
4810;00028;1282;Jawa Barat;reseller;12/04/2024;1;154.800,00
4939;00049;1270;yogyakarta ;toko;05/02/2023;1;53.200,00
1264;00050;1731;yogyakarta ;reseller;17/03/2023;4;50.000,00
356;00049;1788; YOGYAKARTA;reseller;04/09/2024;1;58.200,00
2065;00036;1461;Jawa Timur;toko;18/09/2023;6;112.300,00
3630;00021;1106;jawa tengah;toko;25/09/2023;5;58.200,00
1913;00019;1301;Jawa Barat;toko;26/05/2024;11;112.900,00
1858;00052;1614;jawa tengah;reseller;29/04/2023;7;115.200,00
1567;00021;1569;Yogyakarta;reseller;18/05/2024;1;162.900,00
4627;00047;1769;Yogyakarta;toko;27/04/2023;9;164.300,00
3266;00039;1352;Jawa Barat;online;28/01/2024;6;90.500,00
820;00048;1348;Yogyakarta;toko;02/08/2023;8;115.100,00
1479;00042;1734;yogyakarta ;toko;12/09/2024;-999;36.200,00
849;00048;1247;jawa tengah;toko;29/04/2024;5;99.100,00
1957;00035;1346;Jawa Timur;online;22/05/2024;3;197.500,00
4499;00042;1460;Jawa Tengah;toko;07/06/2024;9;
3815;00004;1489;Jawa Timur;toko;09/02/2023;11;25.700,00
4987;00031;1376;jawa tengah;reseller;05/07/2024;8;89.100,00
142;00040;1141;yogyakarta ;toko;20/07/2024;11;107.200,00
1431;00025;1361;yogyakarta ;toko;27/06/2024;8;73.800,00
3692;00022;1068;yogyakarta ;toko;15/01/2023;5;89.300,00
637;00047;1376;Jawa Barat;online;19/12/2023;2;229.000,00
3173;00026;1218;jawa tengah;reseller;13/08/2023;4;112.100,00
1055;00005;1274;Jawa Barat;reseller;16/04/2024;3;79.400,00
4380;00050;1702;yogyakarta ;toko;09/11/2024;9;75.000,00
249;00006;1645;Jawa Barat;online;06/11/2023;8;
1616;00016;1358;Jawa Timur;online;11/01/2023;4;93.200,00
1057;00021;1520;Jawa Barat;toko;17/08/2023;11;122.800,00
2040;00013;1169;Jawa Barat;online;26/01/2023;8;76.200,00
3724;00056;1254;yogyakarta ;toko;07/09/2023;3;167.100,00
2296;00036;1289;Yogyakarta;online;21/01/2023;3;262.000,00
1586;00055;1587;Jawa Tengah;toko;24/10/2023;3;95.600,00
1063;00024;1690;yogyakarta ;online;16/12/2024;4;90.500,00
3388;00059;1350;Jawa Barat;toko;19/02/2024;8;68.400,00
298;00031;1379;Yogyakarta;toko;10/03/2023;10;53.100,00
2534;00046;1349; YOGYAKARTA;online;10/08/2024;4;65.800,00
4900;00048;1127;yogyakarta ;toko;30/10/2024;5;108.900,00
1591;00030;1004; YOGYAKARTA;online;22/05/2023;3;150.800,00
3770;00026;1659; YOGYAKARTA;reseller;03/04/2024;7;93.300,00
3893;00041;1700;Jawa Barat;online;27/02/2023;7;58.200,00
3229;00044;1425;Jawa Barat;reseller;25/06/2024;6;31.200,00
1807;00044;1452;yogyakarta ;online;12/09/2023;6;91.100,00
3648;00048;1410;Yogyakarta;online;09/01/2024;11;60.600,00
2830;00040;1040;Jawa Tengah;toko;24/10/2023;10;68.700,00
957;00023;1725; YOGYAKARTA;toko;08/03/2023;1;46.600,00
3945;00024;1263;Jawa Tengah;reseller;13/11/2023;11;58.500,00
1709;00012;1681;jawa tengah;online;22/03/2024;7;161.200,00
994;00052;1426;Jawa Tengah;toko;06/09/2023;10;53.200,00
452;00006;1568;Jawa Barat;toko;20/04/2024;10;168.200,00
4556;00005;1178;Jawa Tengah;online;04/10/2024;9;74.200,00
350;00004;1367;Yogyakarta;toko;10/05/2023;7;249.000,00
4465;00025;1478;Jawa Tengah;reseller;28/03/2024;1;85.200,00
4952;00012;1246; YOGYAKARTA;toko;02/06/2024;2;48.700,00
4893;00017;1006;jawa tengah;toko;16/04/2024;4;33.100,00
481;00053;1036;Jawa Timur;reseller;22/11/2023;8;195.700,00
4439;00001;1627; YOGYAKARTA;online;29/01/2024;8;71.600,00
4645;00043;1038;Jawa Tengah;reseller;03/09/2023;11;232.600,00
4864;00047;1773;Jawa Tengah;online;17/12/2024;11;114.600,00
2784;00014;1207;jawa tengah;online;16/11/2023;2;162.900,00
526;00008;1523;Jawa Timur;toko;06/05/2023;4;82.300,00
4753;00050;1088;Jawa Timur;toko;28/04/2023;3;47.500,00
1624;00022;1077;jawa tengah;toko;05/08/2023;3;60.200,00
474;00039;1729;jawa tengah;toko;04/10/2023;11;40.300,00
2435;00055;1509;Jawa Tengah;toko;05/11/2024;7;206.300,00
3830;00054;1143; YOGYAKARTA;toko;30/10/2023;4;50.700,00
3395;00003;1152; YOGYAKARTA;reseller;28/08/2023;4;70.300,00
2656;00004;1341;Jawa Timur;reseller;10/01/2024;10;116.400,00
3527;00058;1692;Yogyakarta;reseller;13/10/2024;5;298.000,00
1081;00046;1112;jawa tengah;toko;25/11/2024;5;164.400,00
4826;00052;1013;Jawa Tengah;online;14/12/2024;2;95.400,00
725;00046;1620;yogyakarta ;toko;21/12/2023;8;99.600,00
351;00040;1369;Yogyakarta;toko;26/09/2023;2;47.100,00
766;00036;1155; YOGYAKARTA;online;24/03/2023;8;178.600,00
4137;00002;1166;yogyakarta ;online;28/02/2023;11;44.800,00
189;00029;1149;Jawa Barat;toko;10/12/2024;4;58.100,00
4313;00050;1347; YOGYAKARTA;toko;20/10/2024;7;398.800,00
2940;00028;1716;Jawa Timur;online;24/07/2024;9;68.300,00
2364;00015;1272;Jawa Barat;toko;22/03/2024;6;
3705;00046;1302; YOGYAKARTA;online;26/09/2023;2;135.300,00
3937;00047;1481;Jawa Tengah;online;28/04/2023;3;168.800,00
1839;00055;1550;yogyakarta ;reseller;20/08/2024;7;86.900,00
4725;00043;1499;yogyakarta ;toko;01/08/2023;2;86.700,00
3097;00022;1410;Jawa Tengah;toko;15/07/2024;11;309.600,00
418;00051;1154;yogyakarta ;online;15/11/2023;2;120.000,00
800;00036;1343;Yogyakarta;online;01/11/2023;11;67.800,00
3191;00006;1299;Jawa Barat;toko;27/01/2023;10;78.200,00
3543;00013;1110;Jawa Timur;toko;10/04/2024;1;69.400,00
4114;00019;1558;yogyakarta ;online;03/09/2024;9;120.100,00
1741;00050;1013;Yogyakarta;online;03/06/2024;2;96.400,00
3344;00022;1648;Jawa Barat;toko;25/11/2023;8;86.300,00
2400;00013;1231;Jawa Timur;toko;01/11/2023;1;319.900,00
1753;00035;1063;Jawa Tengah;toko;14/03/2024;5;40.700,00
2731;00046;1053;jawa tengah;toko;04/05/2024;2;122.400,00
2122;00044;1663;Jawa Timur;online;28/03/2024;4;54.300,00
1759;00023;1071; YOGYAKARTA;online;29/04/2024;9;56.300,00
3416;00016;1380;Jawa Timur;reseller;19/10/2023;10;118.500,00
4774;00027;1272;yogyakarta ;toko;10/09/2023;8;116.800,00
2426;00042;1511;jawa tengah;reseller;09/05/2024;8;36.300,00
4712;00015;1007; YOGYAKARTA;toko;23/06/2024;1;61.500,00
4480;00024;1101; YOGYAKARTA;toko;28/11/2024;6;96.200,00
3855;00016;1237;Jawa Tengah;toko;31/03/2024;4;63.200,00
2690;00002;1115;yogyakarta ;online;13/08/2024;8;42.000,00
3999;00045;1040;yogyakarta ;online;19/02/2023;7;181.400,00
2664;00023;1197; YOGYAKARTA;reseller;25/02/2023;7;182.400,00
4469;00034;1570;;online;05/03/2024;11;151.300,00
4072;00031;1671;Yogyakarta;reseller;03/04/2023;4;27.000,00
2570;00050;1197;Jawa Barat;toko;20/04/2023;1;52.100,00
4713;00050;1790;yogyakarta ;online;08/07/2023;10;92.700,00
2697;00016;1222;jawa tengah;online;17/03/2024;4;232.600,00
4591;00025;1366; YOGYAKARTA;toko;17/11/2023;11;108.300,00
2909;00030;1274;Jawa Timur;reseller;10/10/2024;2;62.800,00
1915;00029;1614;Jawa Timur;toko;09/12/2023;4;15.800,00
3583;00045;1338;yogyakarta ;toko;18/06/2024;4;172.500,00
2521;00026;1542; YOGYAKARTA;toko;08/09/2023;7;180.100,00
86;00031;1431;jawa tengah;online;14/03/2023;-999;297.200,00
1816;00053;1757;jawa tengah;toko;10/05/2024;5;56.800,00
4366;00018;1324;Yogyakarta;reseller;11/09/2024;-999;144.800,00
3650;00050;1636;Jawa Barat;online;31/10/2023;4;303.700,00
4475;00044;1535;Yogyakarta;toko;05/03/2023;8;86.500,00
327;00036;1358;Jawa Tengah;online;04/08/2024;5;138.600,00
3326;00047;1471; YOGYAKARTA;toko;10/03/2023;7;34.600,00
2362;00030;1519;Jawa Barat;online;17/02/2024;2;214.600,00
2418;00023;1760;yogyakarta ;toko;12/01/2024;10;67.900,00
3147;00044;1781;jawa tengah;online;23/07/2024;4;111.200,00
1784;00054;1630;jawa tengah;toko;31/10/2023;7;123.500,00
3879;00041;1064;Jawa Timur;toko;28/01/2024;10;94.800,00
3268;00045;1323;yogyakarta ;toko;23/03/2023;10;93.100,00
1413;00028;1701;Jawa Tengah;toko;10/04/2024;6;137.700,00
4764;00045;1209;Jawa Tengah;online;02/02/2023;7;196.000,00
141;00001;1400;Jawa Barat;toko;02/04/2024;6;210.400,00
1284;00045;1067;yogyakarta ;online;11/07/2023;4;53.700,00
3911;00020;1430;Yogyakarta;toko;24/10/2023;9;115.000,00
83;00057;1012;jawa tengah;online;24/12/2024;10;82.400,00
1661;00031;1770;Jawa Tengah;reseller;07/07/2024;6;
4224;00008;1067; YOGYAKARTA;reseller;23/08/2024;5;96.000,00
2692;00030;1485;jawa tengah;online;05/09/2024;6;59.300,00
1133;00031;1674; YOGYAKARTA;toko;18/05/2023;2;110.900,00
85;00011;1745; YOGYAKARTA;online;07/09/2023;9;63.700,00
2032;00012;1102;jawa tengah;online;12/01/2024;3;30.300,00
62;00030;1754;Yogyakarta;online;20/10/2024;4;55.300,00
908;00041;1426;Jawa Timur;toko;09/04/2024;8;51.600,00
4057;00038;1718;jawa tengah;toko;16/07/2023;3;163.100,00
458;00049;1379;Jawa Timur;toko;29/11/2023;6;128.800,00
4419;00047;1216;Jawa Tengah;toko;14/08/2024;10;54.900,00
2765;00039;1174;Jawa Timur;reseller;06/04/2024;9;56.900,00
2342;00006;1365;Yogyakarta;toko;03/05/2024;3;49.200,00
4378;00042;1789;Jawa Barat;toko;19/08/2023;10;132.600,00
2622;00019;1378;Yogyakarta;online;15/07/2023;9;
902;00028;1542; YOGYAKARTA;toko;23/04/2024;9;148.200,00
2740;00018;1350;jawa tengah;toko;27/02/2024;6;90.500,00
2056;00019;1407;Jawa Tengah;toko;06/10/2023;4;202.000,00
4155;00052;1573;jawa tengah;toko;26/11/2024;3;
4364;00056;1297;Yogyakarta;online;06/10/2023;11;99.600,00
3841;00019;1213;jawa tengah;online;08/03/2023;11;114.600,00
2224;00031;1261;Yogyakarta;online;25/10/2024;2;118.100,00
4015;00029;1575;Jawa Barat;toko;26/10/2023;9;106.500,00
2279;00017;1021;Yogyakarta;reseller;23/11/2023;7;155.200,00
660;00011;1425;Jawa Barat;reseller;15/10/2023;4;75.300,00
4287;00004;1791;jawa tengah;online;03/12/2024;6;24.900,00
2512;00011;1337;Jawa Tengah;toko;02/08/2023;8;46.300,00
4600;00018;1220;Jawa Timur;reseller;08/09/2023;11;
1403;00041;1117; YOGYAKARTA;toko;01/03/2024;1;102.900,00
1848;00001;1645;Jawa Tengah;online;10/11/2024;5;58.500,00
528;00008;1503;Yogyakarta;online;02/11/2023;8;269.400,00
1062;00016;1339;Yogyakarta;toko;14/09/2024;9;79.900,00
4216;00058;1289;Jawa Tengah;toko;28/07/2024;4;33.200,00
3247;00016;1369; YOGYAKARTA;toko;16/02/2024;8;129.000,00
2271;00055;1042;jawa tengah;online;23/04/2024;2;87.300,00
1193;00016;1610;jawa tengah;toko;28/05/2023;10;208.000,00
2385;00023;1312;;online;16/11/2024;8;148.200,00
1967;00036;1611;Yogyakarta;toko;16/09/2023;2;62.300,00
582;00008;1054;Jawa Timur;toko;31/03/2024;3;152.400,00
4751;00025;1127;Jawa Timur;online;10/09/2023;4;184.000,00
4024;00047;1064;Jawa Barat;online;14/08/2024;11;86.100,00
1511;00012;1281;Jawa Timur;toko;08/06/2024;6;89.600,00
656;00059;1505;yogyakarta ;reseller;09/05/2024;5;37.400,00
3237;00029;1699;Jawa Tengah;toko;27/06/2024;10;72.900,00
1578;00006;1320;Jawa Timur;toko;10/06/2023;2;38.800,00
1670;00012;1756;jawa tengah;online;22/11/2024;10;326.900,00
3894;00010;1252;Jawa Barat;toko;20/10/2024;5;92.600,00
4113;00010;1091;jawa tengah;online;18/03/2023;8;258.400,00
3400;00050;1330;Jawa Barat;toko;21/04/2023;5;273.600,00
1219;00001;1689;Yogyakarta;toko;20/02/2023;4;221.200,00
2564;00009;1567;yogyakarta ;toko;21/06/2024;3;
1609;00040;1213;Jawa Barat;online;28/02/2024;2;82.700,00
675;00009;1498;Jawa Timur;toko;04/08/2024;3;91.500,00
2765;00039;1174;Jawa Timur;reseller;06/04/2024;9;56.900,00
1252;00008;1788; YOGYAKARTA;toko;27/10/2024;9;208.900,00
2601;00041;1628;Jawa Barat;toko;24/04/2024;6;167.600,00
4560;00037;1131;Yogyakarta;toko;13/03/2024;1;148.200,00
1955;00035;1733;Jawa Tengah;toko;19/11/2024;3;77.900,00
1407;00005;1399;Jawa Tengah;toko;02/06/2023;1;112.100,00
2333;00058;1715;Yogyakarta;toko;22/08/2024;-999;
3673;00045;1407;Jawa Barat;reseller;06/12/2023;7;57.200,00
3422;00030;1434;Yogyakarta;online;18/11/2024;4;228.700,00
363;00041;1369;Jawa Tengah;toko;01/10/2023;2;190.900,00
1145;00036;1093;jawa tengah;reseller;13/03/2023;5;50.200,00
1460;00020;1449;jawa tengah;online;18/05/2023;4;
1382;00019;1533;Jawa Timur;toko;30/12/2023;9;66.000,00
2050;00054;1761;Jawa Tengah;reseller;21/12/2024;7;304.900,00
1135;00027;1491;yogyakarta ;toko;11/02/2024;6;92.800,00
4938;00055;1390;Jawa Barat;toko;30/05/2024;4;128.300,00
782;00042;1234;Yogyakarta;online;21/09/2023;6;80.500,00
4188;00052;1196;Jawa Barat;online;10/02/2024;11;107.900,00
328;00007;1705;yogyakarta ;toko;24/06/2023;9;71.200,00
953;00045;1542; YOGYAKARTA;toko;22/12/2023;3;94.600,00
2284;00045;1508;Jawa Timur;online;30/04/2024;6;73.700,00
912;00024;1590;Jawa Barat;toko;27/06/2024;1;141.800,00
128;00009;1160;Jawa Tengah;reseller;08/05/2024;9;330.100,00
44;00010;1568;Jawa Timur;online;28/10/2023;1;113.100,00
3989;00019;1759; YOGYAKARTA;online;07/12/2023;6;71.600,00
4433;00025;1454;Jawa Tengah;toko;16/03/2024;3;110.400,00
3315;00039;1719;Jawa Timur;reseller;12/12/2023;11;63.500,00
3748;00016;1327;Jawa Timur;reseller;15/08/2024;1;69.600,00
4859;00025;1529;Yogyakarta;toko;14/01/2023;7;181.500,00
4943;00030;1699;jawa tengah;toko;26/12/2024;3;149.500,00
3063;00013;1195;Jawa Barat;reseller;20/06/2024;7;
2064;00052;1545;yogyakarta ;toko;14/12/2023;10;27.400,00
3982;00002;1262;Jawa Timur;reseller;07/06/2023;2;81.000,00
471;00021;1675;jawa tengah;online;18/09/2023;1;76.600,00
1717;00029;1501;yogyakarta ;toko;04/02/2023;3;361.100,00
3380;00050;1385;Jawa Barat;toko;18/08/2024;4;202.600,00
453;00027;1100;Jawa Timur;online;06/10/2024;8;
4244;00028;1234;yogyakarta ;toko;06/09/2024;3;309.400,00
854;00028;1480;Jawa Tengah;toko;29/05/2024;5;160.200,00
2747;00055;1416;Jawa Timur;online;20/11/2024;7;101.600,00
4860;00031;1434;Jawa Tengah;toko;20/08/2023;7;289.900,00
2183;00053;1460;yogyakarta ;toko;28/06/2024;1;96.000,00
63;00023;1241;Jawa Barat;toko;14/12/2024;4;197.200,00
58;00038;1090;Jawa Timur;online;05/02/2024;5;44.500,00
2003;00017;1253;Jawa Timur;online;27/03/2024;5;44.800,00
3747;00007;1472;Jawa Timur;online;22/12/2023;7;109.200,00
595;00047;1539;yogyakarta ;toko;27/03/2023;11;47.100,00
598;00046;1353;jawa tengah;toko;24/11/2024;10;187.600,00
959;00007;1214; YOGYAKARTA;online;09/04/2023;3;359.300,00
850;00001;1471;yogyakarta ;toko;12/04/2023;7;30.300,00
4889;00039;1694;Jawa Timur;toko;10/05/2024;5;78.800,00
876;00038;1744;yogyakarta ;online;27/11/2024;7;116.400,00
3179;00024;1503;Jawa Barat;online;26/03/2024;1;131.700,00
3891;00011;1141;yogyakarta ;online;21/07/2023;7;85.100,00
3093;00020;1660;Jawa Tengah;online;06/12/2024;2;
2188;00056;1050; YOGYAKARTA;reseller;29/09/2023;7;31.900,00
4360;00054;1288;Yogyakarta;toko;15/04/2023;8;141.100,00
3384;00016;1242;Jawa Timur;toko;05/11/2024;2;90.600,00
3923;00038;1632; YOGYAKARTA;online;01/07/2023;8;188.500,00
2706;00007;1431;Jawa Tengah;online;06/10/2024;6;99.200,00
4029;00036;1141;Yogyakarta;online;21/07/2024;4;151.300,00
3961;00053;1471;Jawa Barat;toko;13/08/2023;5;
2137;00049;1135; YOGYAKARTA;reseller;31/03/2023;8;37.700,00
4907;00057;1629;yogyakarta ;toko;11/06/2023;11;152.700,00
3195;00023;1320;Jawa Tengah;toko;31/01/2024;2;195.800,00
478;00034;1667;yogyakarta ;online;03/07/2024;5;38.500,00
2849;00021;1717;Jawa Timur;toko;23/01/2023;9;114.600,00
4040;00033;1780;yogyakarta ;toko;22/06/2024;7;55.700,00
2144;00052;1471;Jawa Tengah;online;04/07/2024;9;146.200,00
3536;00022;1221;yogyakarta ;online;22/02/2024;9;93.600,00
4621;00028;1341; YOGYAKARTA;online;03/06/2023;5;72.200,00
4376;00042;1228; YOGYAKARTA;toko;18/12/2023;-999;65.400,00
4107;00008;1621;Jawa Barat;toko;20/12/2024;11;234.400,00
2275;00027;1296;yogyakarta ;reseller;10/05/2024;7;175.000,00
3528;00030;1390;jawa tengah;toko;15/03/2024;1;201.800,00
1889;00015;1035;Jawa Barat;online;08/05/2023;10;56.100,00
3407;00029;1146;yogyakarta ;toko;10/06/2024;9;75.600,00
1665;00030;1222;Jawa Tengah;toko;12/10/2023;2;82.900,00
2217;00022;1172;yogyakarta ;toko;03/04/2024;4;41.900,00
3861;00056;1384;yogyakarta ;toko;01/08/2024;2;99.800,00
3502;00053;1755;Yogyakarta;online;14/01/2024;2;37.600,00
1862;00019;1198;;toko;09/11/2024;2;57.000,00
612;00027;1469;Jawa Timur;reseller;15/11/2024;2;137.200,00
160;00009;1410;Jawa Tengah;toko;05/12/2023;9;101.700,00
927;00004;1083;jawa tengah;toko;24/09/2023;9;119.700,00
2240;00028;1216;Jawa Tengah;online;28/04/2023;9;47.800,00
2846;00051;1696; YOGYAKARTA;toko;06/06/2023;5;42.900,00
4061;00007;1615; YOGYAKARTA;online;14/02/2024;11;65.900,00
3992;00023;1004; YOGYAKARTA;toko;06/04/2024;9;206.100,00
708;00030;1235;Jawa Barat;toko;28/07/2024;6;97.800,00
2189;00055;1318;Jawa Timur;toko;14/01/2024;2;66.300,00
3454;00019;1672;Yogyakarta;online;05/06/2023;6;142.900,00
3854;00018;1026;Jawa Barat;toko;20/01/2023;3;205.800,00
765;00020;1008;yogyakarta ;online;01/02/2024;3;38.500,00
1424;00008;1348;yogyakarta ;toko;13/05/2023;5;39.300,00
3359;00055;1648; YOGYAKARTA;toko;21/07/2023;3;158.400,00
1837;00050;1711;yogyakarta ;online;02/02/2023;7;44.200,00
1285;00056;1734;Jawa Timur;online;15/04/2024;5;109.800,00
1661;00031;1770;Jawa Tengah;reseller;07/07/2024;6;
1804;00035;1145; YOGYAKARTA;toko;24/11/2023;6;126.000,00
1255;00031;1297;Yogyakarta;online;16/03/2023;8;49.400,00
3636;00035;1324;Jawa Timur;toko;10/01/2024;1;57.800,00
1830;00011;1161;yogyakarta ;toko;03/11/2024;10;102.500,00
756;00030;1219; YOGYAKARTA;toko;15/03/2024;1;88.500,00
2392;00033;1433;Jawa Tengah;toko;15/10/2024;8;
521;00010;1150;Jawa Barat;toko;21/08/2023;8;
2806;00048;1499;Jawa Timur;toko;18/11/2023;1;211.700,00
4047;00006;1462;jawa tengah;online;14/02/2023;10;135.000,00
143;00001;1585;Jawa Timur;toko;31/10/2023;3;92.200,00
156;00054;1487;Yogyakarta;online;30/05/2023;9;123.800,00
1287;00012;1258;yogyakarta ;reseller;14/04/2024;2;155.300,00
644;00009;1705;jawa tengah;toko;30/05/2024;7;201.800,00
4557;00032;1526;Yogyakarta;toko;13/06/2023;9;84.800,00
489;00036;1123;jawa tengah;reseller;19/10/2024;4;116.500,00
1928;00015;1716;jawa tengah;toko;27/12/2023;5;90.500,00
4309;00031;1463;jawa tengah;toko;18/07/2024;3;50.100,00
4796;00046;1193; YOGYAKARTA;reseller;13/06/2024;2;63.500,00
3120;00002;1170;yogyakarta ;online;29/03/2024;1;148.700,00
2205;00018;1391; YOGYAKARTA;online;30/11/2023;9;49.000,00
4199;00054;1365;Jawa Barat;online;09/05/2023;10;
657;00007;1307;Yogyakarta;toko;02/11/2024;7;96.900,00
1302;00043;1339; YOGYAKARTA;reseller;06/07/2023;1;273.400,00
4550;00045;1598;Jawa Tengah;online;12/12/2023;10;65.200,00
3228;00037;1409;Jawa Barat;toko;24/04/2024;11;65.700,00
1600;00041;1245;jawa tengah;toko;01/08/2023;5;61.000,00
270;00057;1514;yogyakarta ;toko;28/03/2024;5;195.000,00
809;00017;1311;jawa tengah;reseller;11/06/2024;9;107.100,00
385;00015;1606;Yogyakarta;reseller;17/09/2023;2;148.500,00
372;00003;1728; YOGYAKARTA;reseller;08/06/2024;4;74.800,00
530;00008;1254;Yogyakarta;reseller;26/08/2023;5;200.700,00
3815;00004;1489;Jawa Timur;toko;09/02/2023;11;25.700,00
1544;00055;1649;yogyakarta ;online;12/07/2023;2;83.300,00
2633;00014;1344;Jawa Timur;online;23/08/2023;1;69.100,00
2754;00037;1029;jawa tengah;reseller;08/06/2023;4;108.900,00
1576;00007;1158;Yogyakarta;reseller;20/06/2024;6;80.900,00
393;00006;1293;Jawa Tengah;reseller;30/08/2024;7;39.500,00
4387;00017;1574;Jawa Tengah;toko;17/01/2024;5;151.200,00
4326;00059;1325;yogyakarta ;online;11/02/2024;3;202.900,00
3805;00026;1647;yogyakarta ;toko;05/12/2023;6;101.900,00
2756;00052;1367;Jawa Timur;online;15/08/2024;11;
6;00046;1491;jawa tengah;toko;25/03/2023;4;178.400,00
4854;00016;1048;jawa tengah;online;06/08/2024;9;54.700,00
2792;00012;1157; YOGYAKARTA;toko;23/11/2024;9;92.700,00
3031;00052;1467;yogyakarta ;reseller;28/01/2023;4;170.900,00
2058;00053;1128;Jawa Tengah;toko;13/05/2023;2;160.500,00
424;00019;1345;Jawa Timur;online;06/06/2023;4;70.300,00
2265;00039;1603;jawa tengah;reseller;07/08/2024;7;148.400,00
3274;00038;1562;Yogyakarta;online;05/05/2024;8;146.200,00
3679;00013;1464;Jawa Barat;online;11/05/2023;8;163.700,00
4413;00021;1357;Jawa Barat;toko;28/02/2024;5;97.200,00
467;00028;1674;jawa tengah;toko;23/07/2023;4;111.500,00
1294;00042;1294; YOGYAKARTA;toko;12/02/2023;3;180.000,00
4298;00029;1218;Jawa Tengah;toko;29/12/2023;9;142.500,00
1952;00051;1621;Jawa Tengah;reseller;23/09/2024;11;227.900,00
996;00019;1502;Jawa Timur;reseller;06/05/2023;1;116.200,00
2978;00051;1199;yogyakarta ;toko;16/02/2023;9;78.000,00
4508;00053;1139;yogyakarta ;toko;30/05/2023;10;81.600,00
3637;00049;1452;Jawa Barat;online;06/12/2024;11;
1782;00010;1371;Jawa Tengah;reseller;11/09/2024;7;
1440;00033;1614;Jawa Tengah;toko;15/08/2023;4;128.900,00
3467;00049;1341;Yogyakarta;online;13/03/2024;1;59.600,00
1452;00011;1709;Jawa Barat;toko;11/03/2024;11;72.700,00
2864;00006;1285;Jawa Tengah;toko;17/12/2023;1;149.300,00
4509;00025;1776;yogyakarta ;toko;13/08/2023;9;182.500,00
2052;00015;1600;Jawa Timur;toko;08/10/2023;1;147.100,00
3711;00002;1702;Jawa Timur;toko;13/10/2023;-999;48.900,00
2413;00015;1572;jawa tengah;toko;07/05/2023;10;83.300,00
371;00018;1767;Jawa Tengah;online;12/06/2023;4;
1128;00010;1182;Jawa Tengah;toko;29/03/2023;4;170.000,00
4775;00012;1638;Yogyakarta;online;18/07/2024;9;97.100,00
283;00035;1107;jawa tengah;toko;13/05/2023;11;18.700,00
2431;00027;1095;yogyakarta ;toko;18/02/2023;7;38.800,00
3863;00003;1728;Jawa Timur;toko;01/09/2023;3;129.600,00
338;00019;1479;Jawa Barat;reseller;07/09/2024;9;75.000,00
2478;00040;1289;yogyakarta ;online;28/03/2023;5;346.400,00
4302;00043;1040;Jawa Barat;online;12/07/2024;8;53.600,00
3573;00001;1121;Jawa Barat;toko;26/12/2023;11;59.600.000,00
2073;00017;1424;Jawa Timur;online;13/02/2024;7;277.200,00
1590;00004;1198;Yogyakarta;online;19/10/2023;4;151.400,00
2725;00021;1578;Jawa Barat;toko;02/12/2023;7;97.800,00
2753;00013;1777;yogyakarta ;toko;17/04/2024;2;164.400,00
1029;00036;1607;Jawa Tengah;toko;21/07/2024;9;126.000,00
134;00024;1688;jawa tengah;online;12/10/2023;4;79.700,00
1134;00011;1089;yogyakarta ;reseller;03/12/2023;9;227.000,00
586;00048;1487;Yogyakarta;reseller;21/01/2023;7;171.600,00
1818;00004;1766;yogyakarta ;toko;18/07/2024;5;46.400,00
3634;00021;1225;jawa tengah;toko;01/12/2024;2;305.900,00
2712;00053;1513;Jawa Barat;toko;06/07/2023;9;37.200,00
2854;00013;1274;Jawa Barat;reseller;18/05/2023;9;35.500,00
1593;00055;1216;Jawa Barat;reseller;01/01/2023;2;120.300,00
112;00009;1707;jawa tengah;toko;15/09/2024;4;68.300,00
3670;00046;1524;jawa tengah;toko;09/09/2024;6;118.600,00
161;00034;1441;Jawa Barat;reseller;16/10/2023;7;85.000,00
3644;00007;1183;Jawa Timur;online;06/11/2024;7;50.800,00
237;00050;1300;Jawa Barat;toko;26/11/2023;2;129.900,00
821;00028;1029;Yogyakarta;toko;04/04/2023;1;44.700,00
2255;00027;1754;Jawa Tengah;toko;21/10/2024;4;169.500,00
1948;00030;1474;jawa tengah;online;05/10/2023;9;180.400,00
3523;00012;1297;yogyakarta ;toko;26/03/2023;4;60.000,00
4802;00010;1531;yogyakarta ;toko;01/05/2024;10;99.700,00
4940;00029;1056;Jawa Tengah;reseller;24/01/2023;9;110.900,00
2756;00052;1367;Jawa Timur;online;15/08/2024;11;
4818;00052;1135; YOGYAKARTA;reseller;01/10/2024;8;57.600,00
1447;00036;1116;Yogyakarta;toko;13/12/2024;6;127.000,00
1278;00027;1029; YOGYAKARTA;online;24/07/2023;11;128.200,00
1068;00046;1133;Jawa Timur;toko;13/05/2023;9;169.500,00
3020;00002;1390;Jawa Timur;toko;26/11/2023;11;288.800,00
1464;00028;1105;yogyakarta ;reseller;18/01/2023;6;57.800,00
1013;00049;1351;Jawa Barat;toko;15/03/2023;9;70.400,00
3279;00047;1742;yogyakarta ;toko;26/10/2023;6;
3057;00032;1323;Yogyakarta;toko;20/09/2023;9;80.600,00
2891;00054;1518;Yogyakarta;reseller;20/08/2023;10;71.500,00
1520;00028;1260;Jawa Barat;online;22/12/2023;6;71.600,00
2547;00040;1013; YOGYAKARTA;toko;14/02/2023;-999;116.600,00
4915;00055;1657;jawa tengah;reseller;30/01/2024;7;70.000,00
273;00012;1163;jawa tengah;toko;29/12/2024;7;114.800,00
3445;00004;1182;Jawa Tengah;toko;16/12/2023;3;101.300,00
3180;00019;1213;Jawa Barat;toko;15/02/2023;1;137.900,00
1156;00036;1086;jawa tengah;toko;05/03/2024;2;62.700,00
697;00039;1194;yogyakarta ;online;19/08/2024;7;139.700,00
3060;00004;1239;jawa tengah;toko;01/08/2024;6;192.500,00
72;00012;1701;Jawa Barat;online;04/05/2024;1;49.400,00
2865;00046;1253;Jawa Barat;online;17/07/2023;1;304.900,00
4052;00022;1190;jawa tengah;online;25/12/2024;8;95.600,00
3360;00040;1179;yogyakarta ;toko;28/10/2024;9;42.300,00
2235;00057;1051;yogyakarta ;toko;12/11/2024;8;88.400,00
4613;00021;1051;yogyakarta ;online;17/09/2023;2;228.600,00
45;00051;1161;jawa tengah;toko;10/12/2024;-999;68.800,00
1348;00053;1602; YOGYAKARTA;online;08/01/2024;9;249.900,00
103;00038;1120;Jawa Tengah;toko;05/09/2024;3;27.200,00
102;00022;1415;Jawa Barat;toko;24/01/2024;10;80.900,00
2415;00039;1354;yogyakarta ;reseller;30/09/2023;1;43.600,00
3812;00006;1547;yogyakarta ;toko;06/07/2023;8;125.300,00
461;00022;1759;jawa tengah;toko;17/06/2024;8;111.800,00
91;00003;1134;Jawa Barat;toko;20/07/2024;5;148.600,00
4268;00051;1704;Jawa Timur;toko;28/10/2023;5;257.100,00
4752;00008;1214;yogyakarta ;online;03/12/2023;6;69.900,00
1686;00035;1090;jawa tengah;toko;05/09/2024;8;101.400,00
4014;00041;1344;jawa tengah;online;21/11/2023;9;108.500,00
4749;00027;1251;jawa tengah;toko;21/07/2023;6;172.500,00
557;00005;1073;yogyakarta ;online;07/06/2024;9;112.800,00
3686;00020;1697;jawa tengah;online;20/12/2023;5;
643;00008;1041;Jawa Tengah;toko;18/04/2023;10;49.100,00
3425;00015;1460;yogyakarta ;toko;16/07/2024;7;254.600,00
113;00023;1258;yogyakarta ;online;22/03/2024;8;146.500,00
2041;00057;1421;Jawa Tengah;reseller;18/08/2023;10;97.500,00
459;00041;1792;Yogyakarta;toko;17/05/2024;6;
3152;00010;1238;Jawa Tengah;toko;10/03/2023;5;128.600,00
3501;00041;1025;Jawa Barat;online;26/09/2023;5;138.400,00
2708;00037;1754;Jawa Barat;online;11/06/2024;8;58.200,00
1190;00020;1505;yogyakarta ;online;03/11/2023;3;141.400,00
1853;00014;1393; YOGYAKARTA;reseller;23/09/2024;8;258.400,00
585;00004;1288;jawa tengah;online;18/04/2023;3;74.200,00
1776;00008;1504;jawa tengah;reseller;15/01/2024;10;320.400,00
3526;00001;1675;jawa tengah;toko;11/06/2023;6;216.700,00
1032;00027;1310;Yogyakarta;online;28/09/2023;10;102.900,00
2972;00015;1198;jawa tengah;toko;05/01/2023;11;59.400,00
3464;00058;1719;Yogyakarta;online;29/05/2024;7;92.600,00
243;00052;1313;yogyakarta ;toko;19/03/2023;6;113.500,00
3736;00049;1202;Jawa Tengah;toko;21/09/2024;3;39.100,00
313;00018;1022;yogyakarta ;online;04/06/2024;7;92.700,00
3441;00054;1633;Yogyakarta;toko;18/12/2023;11;285.900,00
4497;00015;1548;jawa tengah;online;05/07/2024;6;105.200,00
738;00052;1488;Jawa Tengah;toko;27/04/2024;7;86.700,00
3203;00037;1038;Jawa Timur;online;22/03/2024;5;73.200,00
2069;00051;1039;Jawa Tengah;reseller;19/03/2024;1;113.800,00
4609;00001;1335;yogyakarta ;toko;23/09/2024;3;136.800,00
3974;00015;1452;Jawa Tengah;toko;11/06/2024;8;75.600,00
1608;00025;1331;Jawa Timur;toko;10/01/2024;8;70.000,00
3522;00020;1226;jawa tengah;toko;09/08/2024;5;134.900,00
3906;00045;1303;Jawa Timur;toko;22/12/2024;7;58.100,00
1946;00057;1445;Jawa Timur;toko;27/11/2023;5;74.700,00
4466;00018;1259;yogyakarta ;toko;13/03/2023;2;82.900,00
733;00059;1736;Jawa Tengah;online;20/04/2023;1;167.200,00
4252;00006;1186;Jawa Tengah;toko;28/05/2024;10;116.000,00
3706;00038;1054;Jawa Timur;online;30/10/2023;8;68.000,00
2107;00019;1096;jawa tengah;toko;24/09/2024;9;176.700,00
1978;00005;1085;Jawa Tengah;reseller;20/04/2023;1;72.700,00
4806;00036;1529;Jawa Timur;toko;27/02/2023;10;127.800,00
4590;00041;1268;yogyakarta ;online;18/09/2024;3;98.000,00
1325;00011;1502;Yogyakarta;toko;31/03/2023;1;27.700,00
4533;00029;1008;yogyakarta ;toko;22/08/2024;11;169.300,00
2639;00007;1072;jawa tengah;online;01/07/2024;6;252.000,00
2225;00002;1356;Jawa Tengah;online;22/02/2023;8;85.200,00
921;00026;1613;Yogyakarta;toko;05/03/2023;11;97.300,00
3680;00050;1255;Yogyakarta;toko;09/02/2023;11;315.400,00
4529;00036;1639;Jawa Barat;toko;19/08/2023;7;101.300,00
3947;00031;1038;Jawa Timur;reseller;05/10/2023;1;123.200,00
3547;00008;1454; YOGYAKARTA;toko;13/11/2023;11;108.000,00
524;00046;1166;;toko;12/02/2024;9;121.100,00
324;00055;1068;Jawa Timur;online;30/06/2023;11;116.600,00
348;00011;1772;jawa tengah;toko;21/11/2024;10;53.000,00
574;00016;1232;yogyakarta ;toko;29/09/2024;2;31.900,00
3428;00028;1179;yogyakarta ;reseller;30/06/2024;5;68.100,00
4651;00052;1223;Jawa Timur;reseller;05/02/2024;6;95.700,00
1795;00007;1379;Yogyakarta;toko;18/06/2023;2;165.500,00
2775;00048;1750;Yogyakarta;online;10/04/2023;10;73.400,00
954;00040;1071;yogyakarta ;toko;20/07/2023;9;84.100,00
852;00057;1465;jawa tengah;toko;14/08/2024;7;74.000,00
3793;00005;1006;yogyakarta ;online;12/08/2023;11;216.500,00
3302;00044;1371;Jawa Barat;toko;23/07/2024;1;214.700,00
1161;00007;1636;Jawa Tengah;online;17/05/2024;8;
80;00010;1195;Jawa Barat;online;26/10/2024;8;198.500,00
3225;00044;1694;jawa tengah;reseller;12/04/2023;3;223.000,00
2661;00036;1191;Jawa Barat;toko;18/09/2024;3;168.900,00
4777;00024;1482;Jawa Tengah;toko;12/02/2023;10;166.300,00
3033;00058;1047;Jawa Barat;reseller;19/09/2024;7;103.200,00
3597;00001;1307;jawa tengah;toko;18/11/2023;3;53.700,00
505;00018;1256;Jawa Tengah;online;23/10/2024;9;200.200,00
210;00052;1501;yogyakarta ;online;22/02/2024;1;74.200,00
1455;00011;1184;Yogyakarta;online;08/07/2023;9;257.500,00
4839;00016;1004;Jawa Barat;toko;21/09/2024;3;120.100,00
2055;00025;1713;Yogyakarta;toko;05/02/2024;3;304.300,00
714;00051;1162;Jawa Timur;toko;08/05/2023;8;191.000,00
2393;00031;1374;Jawa Barat;reseller;05/10/2024;10;336.200,00
2329;00004;1704;Jawa Tengah;online;22/06/2024;10;74.800,00
4490;00044;1754;Yogyakarta;online;31/01/2024;3;73.600,00
4653;00058;1446;Jawa Barat;online;14/08/2023;7;117.100,00
2724;00017;1523;yogyakarta ;online;12/09/2024;7;126.900,00
294;00005;1357;Jawa Timur;toko;25/10/2024;1;96.800,00
3530;00005;1481;Jawa Timur;online;24/04/2023;2;138.900,00
970;00021;1031;Jawa Tengah;reseller;17/05/2024;2;425.500,00
1355;00050;1715; YOGYAKARTA;toko;27/01/2023;6;142.000,00
3230;00030;1235; YOGYAKARTA;toko;27/09/2023;6;98.800,00
4694;00050;1237;Jawa Barat;toko;31/03/2023;4;106.900,00
2113;00048;1185;Jawa Tengah;online;06/12/2024;11;46.900,00
1042;00023;1138;yogyakarta ;online;24/01/2024;3;124.300,00
4141;00011;1674;Jawa Barat;online;15/10/2023;4;
1188;00036;1177;Yogyakarta;online;08/05/2023;4;87.000,00
4927;00026;1207;jawa tengah;toko;01/01/2024;4;
2786;00039;1012;Jawa Timur;toko;27/08/2023;8;85.200,00
4642;00005;1497;Yogyakarta;toko;15/10/2024;6;92.200,00
262;00056;1484;yogyakarta ;toko;03/03/2024;2;212.100,00
2814;00039;1789;Jawa Timur;toko;04/07/2023;8;145.800,00
651;00016;1494;Jawa Barat;online;21/01/2024;7;52.000,00
618;00002;1411;yogyakarta ;online;18/04/2024;7;159.900,00
3004;00043;1187;Jawa Tengah;online;18/03/2024;9;35.600,00
1137;00009;1355;Yogyakarta;toko;09/08/2023;5;268.900,00
3401;00059;1567;Jawa Tengah;toko;17/11/2024;2;177.400,00
3870;00039;1761; YOGYAKARTA;online;22/07/2024;3;130.900,00
4219;00003;1217;jawa tengah;toko;15/01/2023;6;112.800,00
730;00038;1641;yogyakarta ;toko;24/10/2023;8;22.300.000,00
999;00005;1376;Yogyakarta;online;06/12/2024;6;98.900,00
1712;00017;1636;Jawa Tengah;reseller;07/07/2023;2;80.700,00
4398;00011;1793; YOGYAKARTA;reseller;26/11/2023;2;236.600,00
2482;00003;1362;Jawa Tengah;toko;28/01/2023;11;94.500,00
4559;00049;1026;Jawa Barat;online;03/08/2024;1;182.800,00
571;00049;1488;jawa tengah;online;12/07/2023;1;85.400,00
3143;00035;1021;yogyakarta ;toko;18/06/2023;7;190.700,00
769;00031;1486;Jawa Barat;toko;24/07/2023;10;118.200,00
4246;00040;1092;jawa tengah;toko;04/07/2024;1;224.900,00
2798;00012;1423;yogyakarta ;reseller;11/04/2024;8;29.300,00
4707;00031;1227; YOGYAKARTA;toko;22/09/2024;1;74.700,00
4697;00002;1268;jawa tengah;toko;04/02/2024;1;55.300,00
2226;00018;1792;jawa tengah;online;17/07/2023;9;160.600,00
2648;00033;1537;Jawa Barat;online;01/09/2024;4;119.600,00
2111;00028;1187; YOGYAKARTA;reseller;15/11/2024;6;215.700,00
2604;00042;1702;jawa tengah;toko;06/07/2024;10;150.400,00
3013;00053;1571;Jawa Barat;online;19/03/2023;10;79.800,00
3289;00059;1238;Jawa Tengah;toko;11/01/2024;1;147.900,00
615;00021;1263;Jawa Barat;reseller;22/09/2023;10;216.600,00
4281;00010;1267;Jawa Tengah;online;17/02/2023;11;60.300,00
1162;00057;1392;yogyakarta ;toko;12/04/2024;5;75.900,00
828;00026;1333;Jawa Timur;toko;30/08/2023;9;105.400,00
4668;00055;1726;Jawa Timur;online;09/08/2024;7;22.800,00
2485;00030;1497; YOGYAKARTA;online;23/05/2024;2;276.300,00
3653;00036;1060;Jawa Timur;online;21/10/2024;4;118.900,00
1250;00042;1223;Jawa Tengah;online;09/05/2023;3;77.700,00
2999;00032;1343;Jawa Tengah;toko;08/09/2023;9;
291;00043;1194;jawa tengah;online;10/06/2023;10;62.200,00
227;00025;1380;Jawa Timur;online;28/03/2023;3;255.600,00
2722;00019;1288;yogyakarta ;online;08/07/2024;8;45.000,00
742;00009;1198;Jawa Timur;online;02/04/2023;6;150.100,00
4635;00034;1523;yogyakarta ;toko;28/08/2024;4;60.100,00
1841;00058;1094; YOGYAKARTA;online;18/07/2024;6;65.800,00
3291;00018;1577;Jawa Timur;toko;16/01/2024;10;61.700,00
962;00018;1522;Jawa Barat;toko;14/02/2024;5;87.100,00
4339;00033;1765; YOGYAKARTA;online;05/10/2023;11;91.500,00
3727;00008;1405;Jawa Barat;reseller;25/08/2023;9;149.100,00
2300;00026;1626;Jawa Tengah;reseller;14/05/2023;11;67.700,00
76;00001;1343;Yogyakarta;online;02/09/2023;5;78.000,00
3980;00056;1774;Yogyakarta;reseller;07/05/2024;3;79.400,00
412;00003;1065; YOGYAKARTA;online;23/04/2024;2;194.300,00
1692;00036;1292;Jawa Timur;reseller;03/10/2023;11;64.200,00
402;00048;1568;Jawa Tengah;online;22/03/2023;6;70.400,00
4853;00020;1134;jawa tengah;online;22/05/2023;8;196.300,00
1971;00041;1515;yogyakarta ;toko;21/08/2024;5;231.300,00
3617;00004;1747;Yogyakarta;online;05/08/2024;8;60.700,00
4839;00016;1004;Jawa Barat;toko;21/09/2024;3;120.100,00
3006;00007;1432;;toko;03/01/2024;11;119.500,00
1994;00048;1323;Jawa Tengah;online;14/09/2024;6;35.800,00
1197;00016;1282;Jawa Tengah;toko;08/11/2023;4;63.600,00
3175;00024;1540; YOGYAKARTA;toko;28/10/2023;2;179.700,00
3194;00038;1013; YOGYAKARTA;toko;03/01/2024;9;29.150.000,00
2039;00041;1111;yogyakarta ;toko;03/07/2024;9;295.000,00
4186;00037;1595;Jawa Tengah;toko;20/11/2023;10;91.900,00
3898;00019;1466;Jawa Timur;toko;19/01/2023;10;153.600,00
464;00043;1631;Yogyakarta;online;12/11/2023;6;48.000,00
1734;00003;1078;Jawa Barat;toko;08/01/2024;1;47.500,00
1493;00052;1156;yogyakarta ;toko;29/06/2024;6;163.800,00
3682;00053;1695;Yogyakarta;toko;09/03/2024;2;150.700,00
1150;00040;1383;jawa tengah;toko;05/01/2024;11;260.100,00
774;00052;1690;jawa tengah;reseller;21/12/2023;1;134.000,00
1886;00057;1727;Jawa Timur;toko;29/06/2023;5;108.000,00
839;00025;1299;jawa tengah;online;31/07/2024;5;204.200,00
568;00031;1081;yogyakarta ;online;06/02/2023;2;43.100,00
4996;00017;1089;Jawa Barat;toko;23/02/2024;9;87.700,00
2033;00051;1250;Yogyakarta;toko;16/12/2023;3;84.100,00
1866;00056;1336;Jawa Barat;online;03/07/2024;1;206.600,00
4422;00018;1174;Yogyakarta;reseller;19/10/2023;10;152.400,00
4116;00051;1301; YOGYAKARTA;toko;29/07/2024;5;167.500,00
2445;00041;1256;Jawa Tengah;online;29/08/2023;1;146.900,00
1172;00050;1781;Jawa Tengah;toko;01/11/2023;5;112.500,00
1629;00045;1317; YOGYAKARTA;reseller;27/06/2024;9;165.900,00
325;00049;1641;yogyakarta ;toko;13/10/2024;8;220.900,00
4964;00015;1318;Jawa Timur;toko;07/12/2024;9;121.800,00
2772;00018;1527;jawa tengah;toko;21/12/2024;7;196.900,00
2972;00015;1198;jawa tengah;toko;05/01/2023;11;59.400,00
833;00014;1247;Yogyakarta;toko;26/08/2023;1;75.700,00
1309;00051;1369;yogyakarta ;reseller;24/01/2023;2;111.700,00
1167;00017;1293;Jawa Barat;online;08/07/2023;5;64.200,00
337;00023;1349;Yogyakarta;toko;30/03/2024;7;55.500,00
4096;00020;1010;Yogyakarta;toko;08/05/2024;8;110.900,00
541;00029;1268;yogyakarta ;reseller;21/09/2024;9;196.100,00
1265;00030;1434;yogyakarta ;reseller;04/02/2023;9;40.000,00
1836;00058;1209;jawa tengah;online;20/07/2023;3;86.500,00
3890;00055;1742;Jawa Tengah;online;23/08/2023;2;123.600,00
4400;00012;1188;yogyakarta ;online;19/02/2024;8;34.600,00
3622;00022;1539;jawa tengah;online;02/04/2024;2;15.800,00
3645;00004;1631; YOGYAKARTA;toko;20/07/2024;4;226.000,00
1236;00009;1289;yogyakarta ;toko;19/08/2023;8;60.800,00
985;00019;1205;Jawa Barat;toko;09/04/2024;11;132.300,00
3183;00035;1274;yogyakarta ;toko;28/07/2024;8;86.200,00
108;00023;1683;Jawa Barat;online;03/10/2024;11;
3161;00015;1619;Jawa Barat;toko;03/05/2023;10;242.700,00
4321;00029;1352;yogyakarta ;toko;30/12/2023;1;78.700,00
3820;00038;1104;Yogyakarta;toko;02/03/2024;2;
469;00009;1434;yogyakarta ;toko;07/05/2024;8;112.500,00
3020;00002;1390;Jawa Timur;toko;26/11/2023;11;288.800,00
2417;00016;1515;Jawa Barat;reseller;15/10/2024;8;279.600,00
1160;00013;1131;yogyakarta ;toko;24/07/2023;8;156.400,00
2162;00056;1202;Yogyakarta;online;25/03/2023;11;41.700,00
2489;00010;1557;Jawa Tengah;toko;14/09/2024;4;107.700,00
2181;00039;1484;jawa tengah;reseller;14/12/2024;1;44.600,00
4444;00024;1202; YOGYAKARTA;toko;19/11/2023;7;70.500,00
3971;00047;1556;Jawa Timur;toko;14/03/2024;5;106.600,00
4692;00047;1748;Jawa Barat;toko;05/09/2023;2;156.400,00
1256;00007;1403;Jawa Timur;online;03/11/2024;7;80.400,00
319;00010;1519;Yogyakarta;reseller;16/08/2023;11;209.000,00
4273;00048;1297;Jawa Timur;online;13/04/2024;8;115.600,00
1919;00015;1013;Yogyakarta;toko;13/06/2024;6;
3840;00046;1754;yogyakarta ;toko;22/05/2023;1;
2616;00047;1284;Jawa Timur;toko;30/12/2024;1;72.900,00
1700;00005;1479;jawa tengah;reseller;07/10/2024;7;118.600,00
2782;00048;1207;Jawa Timur;online;27/02/2023;-999;99.500,00
1506;00030;1675;Jawa Timur;reseller;07/05/2023;2;124.800,00
2860;00024;1343;Jawa Tengah;online;07/10/2024;1;421.600,00
27;00059;1414;Jawa Barat;online;28/01/2024;1;130.700,00
898;00033;1035;Jawa Tengah;toko;25/04/2023;4;145.700,00
680;00002;1303;Jawa Barat;online;29/08/2023;1;27.600,00
3082;00014;1476;yogyakarta ;online;24/08/2024;11;81.100,00
2074;00002;1099;Jawa Barat;toko;22/11/2023;5;50.300,00
1958;00017;1477;yogyakarta ;toko;31/08/2024;2;82.400,00
1207;00032;1168;Jawa Timur;online;14/07/2023;8;94.900,00
4633;00033;1737;Jawa Tengah;online;10/10/2023;10;114.000,00
1496;00001;1469;yogyakarta ;online;15/04/2023;10;73.800,00
1929;00043;1593;Yogyakarta;toko;01/05/2023;1;124.900,00
4662;00011;1085;Yogyakarta;online;21/08/2023;11;59.300,00
724;00032;1689;Yogyakarta;online;23/04/2024;2;106.400,00
431;00018;1520;Jawa Timur;toko;10/11/2023;2;73.000,00
2870;00031;1559; YOGYAKARTA;reseller;08/06/2023;6;102.500,00
4846;00023;1326;Yogyakarta;toko;21/04/2024;7;133.500,00
1774;00002;1774;Jawa Tengah;toko;31/12/2023;7;89.100,00
4977;00014;1129; YOGYAKARTA;toko;28/09/2024;8;41.700,00
1297;00008;1758;jawa tengah;toko;29/12/2024;2;
2200;00008;1692;Yogyakarta;toko;29/07/2024;6;31.600,00
3495;00054;1752;Jawa Barat;reseller;10/12/2024;7;44.300,00
1778;00038;1020;Jawa Tengah;toko;23/04/2024;3;224.400,00
3410;00012;1634;Jawa Timur;online;12/12/2024;5;159.500,00
2464;00020;1045;yogyakarta ;toko;12/05/2024;8;149.200,00
661;00032;1188;;toko;17/04/2023;7;44.900,00
336;00039;1675;Jawa Barat;reseller;01/04/2024;7;77.400,00
4101;00015;1350;Yogyakarta;toko;15/10/2023;4;
77;00037;1430;Jawa Barat;online;24/09/2023;3;61.700,00
4670;00049;1063;Jawa Timur;reseller;20/03/2024;8;61.100,00
3446;00047;1062;jawa tengah;toko;14/01/2023;6;181.600,00
1865;00052;1282;jawa tengah;toko;08/06/2023;5;61.200,00
2177;00046;1289;Jawa Barat;toko;03/08/2024;9;181.400,00
1393;00014;1264;yogyakarta ;reseller;04/08/2023;3;73.100,00
14;00001;1756;Jawa Tengah;toko;29/07/2024;1;35.100,00
4610;00026;1265;jawa tengah;reseller;25/09/2023;6;120.500,00
4031;00028;1414;Jawa Timur;online;12/04/2024;-999;119.700,00
3381;00004;1653;Jawa Timur;toko;18/09/2023;5;62.600,00
853;00046;1167;Jawa Barat;toko;14/07/2024;8;372.700,00
4278;00037;1622;Yogyakarta;online;15/12/2024;11;46.600,00
2651;00014;1560;yogyakarta ;online;06/04/2023;6;97.100,00
2229;00044;1044; YOGYAKARTA;toko;04/05/2024;3;48.300,00
847;00044;1721;Yogyakarta;online;15/05/2023;1;81.700,00
109;00036;1691; YOGYAKARTA;toko;23/04/2023;2;95.700,00
1951;00039;1615;Jawa Tengah;toko;17/10/2024;4;59.300,00
941;00053;1137; YOGYAKARTA;reseller;01/01/2023;7;51.800,00
2856;00030;1322;Yogyakarta;toko;15/06/2023;5;
4513;00026;1193;Yogyakarta;online;26/01/2023;4;76.300,00
1505;00015;1334;jawa tengah;online;05/07/2023;11;63.600,00
2311;00027;1630;Yogyakarta;toko;09/08/2023;1;109.500,00
1793;00031;1778;jawa tengah;toko;29/12/2024;9;56.500,00
2658;00046;1384; YOGYAKARTA;toko;14/09/2024;5;104.100,00
4323;00030;1584;Jawa Tengah;reseller;29/04/2023;5;196.700,00
609;00020;1028;yogyakarta ;toko;13/11/2023;11;107.300,00
4136;00044;1294; YOGYAKARTA;reseller;10/12/2023;5;91.500,00
3601;00046;1519;Jawa Tengah;online;03/05/2023;8;62.200,00
3480;00013;1037;yogyakarta ;online;18/12/2023;5;47.400,00
427;00018;1261;Jawa Timur;online;18/12/2024;5;66.700,00
94;00006;1667;Yogyakarta;online;12/12/2024;5;202.800,00
1102;00027;1792;yogyakarta ;online;16/07/2024;8;64.000,00
2811;00048;1063;Jawa Tengah;online;30/10/2024;7;141.000,00
3121;00009;1649; YOGYAKARTA;toko;04/04/2023;2;566.700,00
4050;00036;1701;jawa tengah;toko;11/04/2024;2;114.800,00
1414;00035;1730;jawa tengah;toko;14/08/2023;6;66.700,00
1245;00045;1385;Jawa Timur;online;27/11/2024;3;63.100,00
159;00017;1248;Jawa Tengah;online;21/11/2023;3;143.700,00
920;00023;1381;Jawa Barat;toko;28/12/2023;8;101.500,00
2905;00027;1537;Jawa Tengah;toko;04/09/2024;4;48.200,00
3516;00004;1705; YOGYAKARTA;online;22/12/2023;2;136.900,00
213;00004;1683;Yogyakarta;toko;17/05/2024;5;101.200,00
2498;00003;1569; YOGYAKARTA;reseller;15/05/2024;4;22.700,00
1351;00048;1497;yogyakarta ;online;18/08/2023;7;137.400,00
2698;00005;1435;Jawa Tengah;toko;25/01/2024;2;83.600,00
3678;00018;1063; YOGYAKARTA;toko;29/03/2024;11;123.500,00
1295;00009;1371;Jawa Tengah;online;01/10/2024;3;135.800,00
1486;00045;1000;Jawa Barat;toko;28/09/2024;1;126.300,00
3953;00025;1526;Jawa Tengah;reseller;04/12/2024;9;117.400,00
1647;00003;1217;Jawa Tengah;toko;10/10/2023;5;36.500,00
456;00038;1072;jawa tengah;toko;16/06/2024;4;185.100,00
4009;00026;1005;jawa tengah;toko;03/06/2024;6;60.900,00
3968;00019;1677;Yogyakarta;online;26/10/2023;3;111.500,00
2151;00057;1668;yogyakarta ;online;18/03/2023;5;58.000,00
87;00056;1154;Yogyakarta;toko;19/02/2024;8;62.500,00
681;00007;1093;Yogyakarta;online;12/06/2024;4;354.700,00
4528;00012;1141;Yogyakarta;online;24/08/2024;9;48.700,00
1184;00034;1662;Jawa Timur;online;08/06/2023;9;78.600,00
2141;00059;1106;Yogyakarta;toko;11/02/2023;1;80.400,00
1849;00043;1451;Jawa Tengah;online;18/02/2024;2;173.000,00
1016;00033;1322;Jawa Timur;toko;01/08/2023;8;
4251;00012;1367;Jawa Barat;toko;02/12/2023;5;266.100,00
2142;00031;1705;Jawa Timur;toko;28/02/2024;2;
1777;00041;1742;Jawa Barat;reseller;21/08/2023;3;85.600,00
3127;00015;1769;Jawa Tengah;online;11/05/2023;1;51.100,00
3440;00018;1010;Jawa Barat;online;17/07/2023;4;31.400,00
1082;00055;1317;jawa tengah;online;08/02/2024;1;38.400,00
788;00044;1364;Jawa Tengah;toko;16/02/2023;7;215.900,00
4367;00014;1420;yogyakarta ;online;05/08/2023;5;175.500,00
4644;00028;1742;Yogyakarta;online;11/11/2024;8;280.800,00
3806;00049;1015;Yogyakarta;reseller;06/05/2023;4;166.300,00
3119;00051;1432;Jawa Barat;toko;20/11/2023;11;38.600,00
3313;00022;1366; YOGYAKARTA;reseller;27/07/2024;3;44.400,00
3005;00051;1534;yogyakarta ;toko;09/10/2024;5;155.900,00
3253;00039;1078;jawa tengah;reseller;19/01/2024;6;68.500,00
2359;00028;1057;Jawa Tengah;online;23/03/2024;8;121.200,00
3039;00053;1652;Jawa Barat;online;22/02/2023;10;147.000,00
2207;00016;1702;Yogyakarta;toko;30/11/2024;11;21.400,00
144;00018;1685;Jawa Barat;toko;06/07/2024;4;248.600,00
468;00053;1748;Jawa Timur;toko;15/11/2024;1;94.000,00
3569;00007;1197;Jawa Timur;toko;21/10/2024;1;44.700,00
3018;00041;1554;jawa tengah;online;09/07/2024;8;186.900,00
3916;00054;1553;Jawa Tengah;toko;11/12/2024;1;114.700,00
1897;00053;1601;Jawa Timur;online;04/06/2024;5;165.700,00
628;00043;1190;Jawa Barat;toko;04/01/2024;1;100.000,00
4646;00011;1346;jawa tengah;reseller;26/01/2024;5;61.000,00
4748;00043;1760;Jawa Tengah;online;25/07/2024;11;174.300,00
3554;00056;1188;jawa tengah;toko;17/07/2024;7;98.000,00
572;00012;1532;Yogyakarta;toko;10/09/2024;3;159.600,00
4453;00048;1710;Jawa Barat;reseller;27/09/2023;7;54.300,00
4003;00054;1355;yogyakarta ;toko;15/09/2023;7;29.800,00
4091;00016;1258;Yogyakarta;toko;01/05/2023;3;121.300,00
923;00005;1746; YOGYAKARTA;reseller;08/06/2023;7;533.000,00
3559;00012;1624;jawa tengah;online;21/05/2024;10;131.800,00
1603;00036;1499;Jawa Timur;online;28/06/2024;3;64.300,00
4270;00031;1220;jawa tengah;reseller;13/07/2024;11;68.800,00
4666;00057;1284;Yogyakarta;toko;22/09/2023;4;80.900,00
4065;00025;1285; YOGYAKARTA;online;26/07/2024;8;63.000,00
3085;00041;1423;Yogyakarta;online;18/02/2024;9;64.300,00
4880;00053;1618;Jawa Barat;toko;04/07/2023;10;70.800,00
4203;00044;1495;Yogyakarta;online;24/02/2024;7;154.300,00
593;00038;1207;Jawa Timur;online;30/12/2023;10;139.800,00
261;00019;1658;Yogyakarta;online;18/11/2024;10;
3357;00044;1724;Yogyakarta;reseller;23/04/2024;11;73.100,00
4543;00011;1059;Jawa Tengah;online;18/02/2023;5;64.700.000,00
3837;00052;1027;yogyakarta ;online;30/11/2024;4;98.100,00
3408;00053;1438; YOGYAKARTA;toko;04/04/2024;8;25.300,00
931;00048;1799; YOGYAKARTA;reseller;20/08/2024;1;128.300,00
3338;00058;1553; YOGYAKARTA;reseller;31/10/2024;5;56.200,00
3728;00008;1048; YOGYAKARTA;reseller;15/10/2023;7;219.500,00
805;00035;1072;Yogyakarta;toko;10/02/2023;4;98.500,00
925;00052;1475;jawa tengah;online;09/08/2024;3;234.000,00
2961;00028;1621;jawa tengah;toko;25/06/2023;7;26.700,00
3204;00031;1517;jawa tengah;toko;21/07/2024;3;74.400,00
1695;00046;1176;Yogyakarta;toko;17/08/2024;3;188.400,00
4553;00041;1094;Jawa Timur;online;16/12/2023;6;177.900,00
4160;00024;1424; YOGYAKARTA;toko;07/11/2024;4;88.400,00
184;00052;1084;Yogyakarta;online;16/01/2023;-999;337.300,00
4768;00021;1301;Yogyakarta;online;06/04/2023;7;190.600,00
4561;00057;1790;Jawa Barat;online;05/03/2024;11;100.300,00
2192;00034;1240;Jawa Tengah;online;01/12/2023;6;49.500,00
1802;00016;1690;Yogyakarta;online;17/07/2023;8;53.200,00
3512;00002;1349;jawa tengah;toko;14/06/2023;10;109.700,00
1663;00041;1348;jawa tengah;online;11/12/2023;3;70.000,00
4037;00014;1209;Jawa Timur;toko;29/11/2023;8;45.000,00
1621;00030;1396;Jawa Tengah;toko;26/03/2024;10;168.500,00
3042;00001;1087;Jawa Timur;online;19/01/2024;5;112.200,00
2879;00045;1489;Yogyakarta;toko;03/11/2023;10;
504;00032;1059;Yogyakarta;online;05/07/2023;8;130.500,00
588;00039;1652;yogyakarta ;reseller;19/10/2024;1;216.500,00
1879;00039;1425;yogyakarta ;reseller;04/03/2023;4;131.000,00
4199;00054;1365;Jawa Barat;online;09/05/2023;10;
3731;00004;1717; YOGYAKARTA;reseller;01/02/2023;3;47.800,00
3674;00056;1587;Jawa Barat;toko;22/08/2023;10;37.000,00
2884;00019;1707;Jawa Barat;online;06/10/2023;5;80.700,00
4570;00045;1515;Jawa Timur;toko;04/08/2023;11;154.700,00
4292;00016;1045;Jawa Barat;reseller;26/04/2024;4;133.100,00
3613;00058;1287; YOGYAKARTA;toko;15/06/2024;8;114.600,00
3164;00044;1559;jawa tengah;online;22/06/2024;5;86.200,00
4441;00008;1668;Yogyakarta;toko;03/09/2023;7;62.100,00
4495;00038;1391;Jawa Timur;online;06/01/2023;2;101.500,00
789;00020;1583;Jawa Barat;online;09/10/2024;2;279.500,00
3012;00017;1743;yogyakarta ;online;02/04/2024;3;65.500,00
4381;00036;1294;yogyakarta ;online;02/08/2023;3;97.400,00
4959;00006;1478; YOGYAKARTA;online;11/01/2024;1;
473;00030;1257;Yogyakarta;toko;04/06/2024;4;178.800,00
1746;00002;1584;Jawa Timur;online;19/04/2023;11;79.100,00
2405;00002;1642;Yogyakarta;online;07/10/2024;6;249.400,00
3685;00047;1027;jawa tengah;reseller;24/09/2023;7;66.600,00
3509;00057;1593;Yogyakarta;online;21/11/2023;9;94.800.000,00
2028;00016;1109;yogyakarta ;toko;03/10/2024;7;83.600,00
4183;00027;1038;jawa tengah;toko;18/05/2024;2;68.900,00
2836;00020;1461;yogyakarta ;reseller;19/05/2024;1;82.900,00
4401;00054;1632;yogyakarta ;online;12/05/2023;5;44.350.000,00
1924;00039;1279;jawa tengah;toko;25/10/2024;5;91.900,00
3113;00056;1185;Yogyakarta;reseller;28/11/2024;11;110.200,00
690;00004;1465;Jawa Tengah;reseller;21/11/2024;2;60.900,00
1079;00023;1563;Yogyakarta;online;06/05/2023;8;133.600,00
442;00053;1553;Yogyakarta;toko;04/01/2024;2;125.300,00
536;00016;1728;Jawa Barat;reseller;23/01/2023;10;106.300,00
2047;00056;1758;Yogyakarta;toko;14/12/2023;3;181.300,00
360;00007;1202; YOGYAKARTA;reseller;07/10/2023;7;44.600,00
783;00018;1027;Jawa Barat;reseller;20/09/2024;7;127.400,00
2543;00025;1392;Jawa Barat;reseller;28/07/2023;10;77.200,00
581;00033;1572; YOGYAKARTA;toko;06/08/2024;5;87.000,00
2855;00009;1773;Jawa Timur;reseller;01/10/2023;10;119.900,00
1232;00047;1220;Jawa Barat;online;01/07/2024;5;
548;00053;1544;jawa tengah;online;07/06/2024;5;
3993;00014;1604;Jawa Barat;toko;16/08/2023;9;303.400,00
3572;00021;1246;Yogyakarta;toko;12/12/2024;8;87.600,00
4165;00015;1746; YOGYAKARTA;reseller;03/06/2023;7;187.900,00
4248;00013;1653;yogyakarta ;toko;25/01/2023;3;65.100,00
3851;00017;1357;Jawa Tengah;online;17/11/2023;6;97.900,00
665;00055;1315;Jawa Tengah;online;21/06/2024;7;56.100,00
4624;00030;1649;yogyakarta ;online;29/09/2023;2;
2139;00034;1184;Yogyakarta;online;23/09/2024;1;
1526;00017;1203;Jawa Barat;reseller;26/10/2023;1;87.200,00
110;00020;1774;yogyakarta ;toko;27/07/2023;6;164.800,00
1356;00036;1194;Jawa Tengah;online;05/12/2024;10;95.200,00
1119;00024;1565;Jawa Timur;online;21/09/2023;4;118.700,00
1843;00054;1440;jawa tengah;reseller;21/02/2024;4;57.100,00
551;00019;1780; YOGYAKARTA;toko;05/11/2023;5;87.700,00
1210;00008;1306;jawa tengah;toko;25/12/2024;4;264.200,00
317;00044;1469;Jawa Timur;toko;18/03/2023;5;45.800,00
2412;00056;1471;Jawa Timur;toko;17/11/2024;10;102.000,00
1650;00040;1289;jawa tengah;online;29/03/2023;9;215.700,00
4657;00041;1220;Jawa Tengah;online;30/03/2024;11;83.400,00
4373;00035;1132;Yogyakarta;toko;15/07/2023;4;83.800,00
1864;00017;1729;Jawa Tengah;toko;12/10/2023;9;144.900,00
3545;00055;1478;Jawa Timur;online;23/11/2023;4;177.200,00
181;00043;1672;jawa tengah;online;10/09/2023;6;
1370;00005;1093;Jawa Tengah;toko;17/01/2024;6;77.100,00
865;00057;1542;Jawa Timur;toko;02/01/2024;6;101.400,00
2402;00005;1275;Yogyakarta;online;06/11/2023;2;68.900,00
4182;00039;1698;yogyakarta ;online;23/11/2023;10;
3694;00048;1344;jawa tengah;toko;11/11/2024;8;73.900,00
2945;00041;1397;yogyakarta ;toko;24/04/2023;8;105.800,00
3657;00024;1531; YOGYAKARTA;online;26/02/2024;10;116.300,00
2949;00041;1452;Jawa Tengah;toko;23/12/2024;1;53.500,00
1237;00004;1373;Jawa Timur;reseller;16/12/2024;11;62.700,00
3871;00036;1182;yogyakarta ;toko;13/05/2023;11;205.800,00
1060;00019;1376;yogyakarta ;toko;05/12/2024;-999;82.400,00
4994;00024;1777;Jawa Barat;toko;12/05/2023;11;
133;00004;1161;Jawa Barat;reseller;14/08/2024;8;48.800,00
487;00059;1141;jawa tengah;online;11/03/2023;8;279.200,00
121;00026;1268;Yogyakarta;online;22/01/2024;6;224.000,00
4760;00053;1017;jawa tengah;online;25/07/2023;7;118.600,00
682;00019;1614;Jawa Timur;reseller;17/04/2023;5;76.900,00
4828;00047;1275;jawa tengah;online;12/12/2024;10;
4329;00007;1712;Jawa Tengah;reseller;08/01/2024;2;50.400,00
3688;00028;1181;Jawa Barat;online;15/09/2024;7;108.700,00
4614;00003;1295;Jawa Barat;toko;29/12/2023;1;96.400,00
4379;00052;1218;Jawa Barat;toko;13/01/2023;1;84.400,00
1458;00003;1443;Jawa Barat;toko;23/02/2024;11;96.700,00
4542;00059;1690;yogyakarta ;toko;14/01/2023;1;40.000,00
1466;00055;1287;Yogyakarta;toko;14/12/2023;10;85.800,00
1195;00024;1212;yogyakarta ;online;07/09/2023;10;165.800,00
3775;00041;1752;Yogyakarta;online;23/08/2023;6;218.100,00
3636;00035;1324;Jawa Timur;toko;10/01/2024;1;57.800,00
4745;00012;1450;yogyakarta ;online;02/04/2024;7;86.700,00
1512;00017;1009;yogyakarta ;toko;19/07/2023;4;33.500,00
1085;00036;1024;Jawa Tengah;toko;29/05/2023;7;82.600,00
4930;00010;1381; YOGYAKARTA;toko;07/05/2023;4;113.100,00
2977;00041;1339;Yogyakarta;toko;21/11/2023;3;61.000,00
3114;00051;1468;Yogyakarta;toko;31/07/2023;5;126.000,00
4122;00007;1743;yogyakarta ;toko;23/01/2024;1;76.400,00
537;00050;1190; YOGYAKARTA;online;03/06/2023;2;99.500,00
2768;00037;1684;Jawa Tengah;reseller;19/05/2024;9;73.200,00
2780;00027;1263;jawa tengah;toko;02/01/2023;2;56.700,00
3207;00036;1043;jawa tengah;online;19/04/2024;5;35.600,00
1972;00032;1100;yogyakarta ;online;27/12/2023;9;48.300,00
3901;00025;1184;jawa tengah;toko;15/07/2023;7;
4179;00052;1673;yogyakarta ;toko;18/03/2024;4;143.500,00
3101;00038;1314;Jawa Barat;toko;15/09/2024;1;31.500,00
1562;00043;1383;Jawa Timur;toko;13/04/2024;10;34.400,00
2603;00047;1585;Jawa Tengah;toko;31/07/2024;-999;228.500,00
1398;00039;1642;Jawa Tengah;online;13/12/2023;1;69.400,00
1363;00029;1665;yogyakarta ;reseller;13/02/2023;5;74.500,00
2336;00050;1273;jawa tengah;toko;24/09/2023;3;208.700,00
1788;00020;1300;Jawa Timur;online;07/04/2023;-999;54.700,00
3377;00042;1002;yogyakarta ;toko;16/10/2023;4;153.400,00
4139;00021;1191;Jawa Timur;toko;09/12/2023;4;383.800,00
1684;00024;1164;Jawa Timur;reseller;13/04/2023;8;164.000,00
892;00027;1237;jawa tengah;reseller;28/07/2024;2;51.900,00
1463;00030;1699;Jawa Barat;online;18/02/2023;8;178.100,00
3319;00023;1531;Jawa Barat;online;20/01/2024;5;274.900,00
1488;00007;1695;Yogyakarta;toko;06/03/2023;1;70.400,00
4690;00042;1383;yogyakarta ;online;10/08/2023;8;70.200,00
432;00019;1218;Yogyakarta;toko;04/11/2023;9;226.600,00
3714;00032;1717;yogyakarta ;toko;09/01/2023;8;59.900,00
1810;00038;1431;jawa tengah;toko;08/03/2024;5;60.800,00
1224;00041;1245;yogyakarta ;toko;06/06/2023;10;70.600,00
2510;00056;1461;yogyakarta ;online;29/05/2023;9;30.100,00
4795;00053;1510;Jawa Tengah;reseller;09/04/2024;10;116.800,00
269;00006;1325; YOGYAKARTA;toko;15/05/2023;9;345.700,00
158;00034;1229;Jawa Barat;online;25/12/2023;1;54.800,00
3430;00030;1352;Yogyakarta;toko;26/01/2024;10;66.700,00
3948;00038;1040;Yogyakarta;online;05/05/2024;9;102.200,00
881;00047;1268;Jawa Tengah;reseller;23/07/2023;2;169.900,00
3468;00026;1662;Jawa Timur;reseller;04/08/2024;3;158.700,00
718;00011;1056;Jawa Timur;toko;20/06/2024;9;471.100,00
4105;00035;1668;Jawa Timur;toko;01/09/2023;3;78.200,00
1569;00012;1178;Jawa Timur;online;16/02/2024;6;128.600,00
99;00037;1237;Yogyakarta;online;03/11/2024;8;86.600,00
1538;00045;1618;yogyakarta ;online;16/01/2024;1;165.400,00
4362;00022;1567;Jawa Barat;reseller;02/10/2024;6;
1158;00046;1669;Jawa Timur;toko;22/05/2023;8;60.800,00
4245;00051;1331; YOGYAKARTA;online;05/03/2024;10;96.200,00
4198;00046;1385;Jawa Barat;online;20/05/2024;8;147.000,00
4080;00047;1268;Jawa Tengah;toko;03/07/2024;1;283.600,00
565;00043;1090;jawa tengah;online;09/04/2023;9;43.250.000,00
591;00024;1188;Yogyakarta;toko;16/09/2023;9;50.200,00
49;00027;1263;Jawa Barat;online;13/02/2023;5;79.900,00
2537;00025;1572;jawa tengah;online;03/05/2023;2;72.100,00
4695;00057;1593;jawa tengah;online;13/11/2023;5;39.200,00
3585;00030;1480;yogyakarta ;toko;28/07/2024;3;98.700,00
2688;00034;1312;Jawa Timur;online;22/10/2023;8;73.200,00
2781;00056;1089;Jawa Timur;toko;29/07/2024;8;414.600,00
4120;00026;1674;Jawa Barat;toko;28/06/2023;5;
534;00054;1370;Jawa Barat;online;19/07/2024;2;23.600,00
4026;00038;1739;yogyakarta ;online;24/05/2024;9;52.200,00
1166;00007;1722; YOGYAKARTA;toko;08/06/2023;9;50.300,00
3340;00018;1577;Jawa Timur;toko;06/05/2023;7;85.400,00
4564;00001;1712;Yogyakarta;toko;07/06/2024;10;69.600,00
2635;00029;1098;yogyakarta ;reseller;29/06/2023;6;84.800,00
4632;00030;1156;Yogyakarta;toko;01/12/2024;7;60.300,00
648;00049;1528;Jawa Timur;toko;01/08/2024;11;128.000,00
3576;00003;1102;yogyakarta ;toko;01/05/2023;11;55.900,00
846;00004;1721; YOGYAKARTA;online;08/01/2024;2;135.100,00
2788;00040;1538; YOGYAKARTA;online;17/01/2024;1;48.700,00
4616;00014;1509;jawa tengah;reseller;12/03/2024;1;144.500,00
4865;00018;1729;Jawa Tengah;toko;17/02/2023;-999;
1976;00021;1431;Jawa Timur;online;07/03/2023;4;101.500,00
39;00021;1398;jawa tengah;online;29/01/2024;4;76.100,00
1834;00051;1647;Yogyakarta;toko;11/06/2024;7;161.100,00
3104;00032;1118; YOGYAKARTA;toko;06/09/2023;11;161.500,00
1531;00048;1465;Jawa Tengah;online;10/02/2023;8;21.100,00
762;00003;1041;Yogyakarta;toko;09/12/2023;7;50.000,00
735;00056;1166;Jawa Barat;online;10/09/2023;2;63.600,00
2514;00025;1619;yogyakarta ;online;28/08/2024;1;129.500,00
4669;00057;1321;Jawa Barat;toko;09/09/2024;2;68.000,00
2335;00021;1291;jawa tengah;toko;02/04/2023;8;142.700,00
1729;00035;1010;yogyakarta ;toko;03/02/2023;4;116.900,00
1635;00025;1137;Yogyakarta;toko;11/11/2023;9;52.600,00
2710;00008;1036;Yogyakarta;reseller;10/11/2023;6;63.000,00
4663;00031;1167;yogyakarta ;online;28/06/2024;9;70.600,00
2014;00018;1678;Jawa Barat;online;01/09/2024;5;98.100,00
2153;00050;1281;Jawa Timur;online;26/02/2024;6;627.500,00
2126;00059;1212;jawa tengah;toko;17/03/2023;1;112.000,00
4926;00045;1647;yogyakarta ;toko;01/05/2024;9;84.400,00
3016;00059;1260;Jawa Timur;toko;23/02/2023;9;97.000,00
1225;00023;1255;yogyakarta ;online;23/09/2023;1;112.800,00
4999;00013;1281; YOGYAKARTA;online;18/01/2024;1;77.200,00
1966;00055;1119;Jawa Timur;toko;17/01/2023;11;260.900,00
2196;00022;1483;yogyakarta ;reseller;17/08/2023;3;146.400,00
2874;00027;1157; YOGYAKARTA;online;03/10/2023;1;109.200,00
4942;00016;1501;Yogyakarta;online;13/11/2024;5;191.800,00
2959;00036;1277;yogyakarta ;toko;25/07/2024;5;
1564;00029;1374;Jawa Tengah;online;20/09/2024;7;81.900,00
316;00024;1296;Yogyakarta;toko;13/02/2024;6;160.100,00
24;00017;1486;Jawa Tengah;online;24/10/2024;5;90.600,00
2133;00053;1226;Jawa Tengah;online;07/04/2024;3;
1876;00035;1498; YOGYAKARTA;online;11/11/2023;1;249.700,00
2533;00027;1596;yogyakarta ;toko;09/09/2023;9;75.100,00
1676;00045;1258;yogyakarta ;online;17/09/2023;4;105.800,00
2230;00044;1447;Jawa Tengah;toko;02/05/2024;11;26.400,00
1642;00009;1388; YOGYAKARTA;online;27/06/2024;8;36.000,00
1623;00040;1296;yogyakarta ;online;27/07/2024;9;161.200,00
872;00003;1651; YOGYAKARTA;toko;31/05/2023;3;65.700,00
4868;00027;1669;Jawa Tengah;online;04/10/2024;9;49.000,00
447;00023;1778;Jawa Timur;online;24/01/2024;11;90.000,00
763;00045;1082;Jawa Tengah;reseller;21/11/2024;1;114.500,00
1819;00009;1500;Yogyakarta;reseller;08/10/2023;2;61.000,00
3139;00056;1422;Jawa Tengah;toko;05/05/2023;2;203.700,00
322;00013;1262;Yogyakarta;toko;12/05/2024;7;87.700,00
4588;00057;1277;Jawa Tengah;toko;10/03/2024;3;336.600,00
1772;00013;1586;Jawa Timur;toko;29/11/2024;6;229.100,00
4064;00008;1424;Jawa Tengah;online;17/04/2023;11;141.900,00
4004;00030;1455; YOGYAKARTA;toko;13/12/2024;7;72.000,00
2809;00006;1719;Jawa Barat;toko;16/11/2023;-999;119.000,00
4369;00031;1256;yogyakarta ;toko;05/04/2024;11;55.000,00
3187;00017;1112; YOGYAKARTA;online;12/08/2024;6;81.500,00
151;00050;1185;jawa tengah;online;15/05/2024;1;247.000,00
4555;00003;1430; YOGYAKARTA;online;29/02/2024;10;71.100,00
4696;00037;1740;Jawa Timur;reseller;22/01/2024;10;44.700,00
3092;00019;1467;Yogyakarta;online;31/03/2023;3;106.900,00
215;00017;1574;Jawa Timur;online;09/09/2023;11;89.000,00
997;00032;1185;jawa tengah;reseller;08/04/2023;7;96.300,00
1767;00052;1532;jawa tengah;online;14/06/2024;11;109.300,00
3015;00056;1467;Jawa Timur;toko;14/12/2024;4;94.200,00
4836;00015;1054;Jawa Timur;online;14/05/2024;3;110.600,00
4269;00040;1271;jawa tengah;toko;21/08/2023;4;147.000,00
2505;00059;1335;Jawa Tengah;toko;23/10/2023;2;302.800,00
3475;00038;1740;jawa tengah;online;14/11/2023;5;97.600,00
4526;00023;1315;Jawa Barat;reseller;21/11/2023;11;45.900,00
3436;00024;1290;Jawa Barat;toko;09/01/2023;10;149.300,00
33;00031;1029;jawa tengah;reseller;21/03/2023;11;176.900,00
915;00018;1212;Jawa Timur;online;19/10/2023;2;139.200,00
12;00052;1675; YOGYAKARTA;reseller;30/10/2024;5;72.900,00
2700;00039;1770;jawa tengah;toko;08/08/2024;9;262.400,00
3783;00045;1670;Jawa Tengah;toko;23/08/2023;8;90.700,00
1230;00001;1212;Jawa Timur;online;18/10/2024;5;68.900,00
2294;00052;1799;jawa tengah;online;01/01/2024;6;105.300,00
1337;00037;1041;Yogyakarta;toko;08/07/2023;8;57.600,00
2098;00048;1219;;toko;12/08/2023;1;89.500,00
2600;00052;1610;Jawa Barat;toko;09/05/2023;7;127.700,00
3868;00033;1553;jawa tengah;online;24/08/2024;3;136.100,00
3492;00036;1326;Jawa Timur;toko;01/04/2024;10;125.300,00
1992;00053;1494;yogyakarta ;toko;16/09/2023;6;88.900,00
3936;00004;1686;Jawa Barat;toko;25/04/2023;2;39.100,00
2349;00047;1425; YOGYAKARTA;toko;19/01/2023;11;170.800,00
3767;00028;1394;yogyakarta ;online;11/01/2023;7;65.400,00
268;00017;1491; YOGYAKARTA;toko;06/12/2024;2;42.900,00
554;00006;1145;jawa tengah;reseller;30/09/2023;1;275.900,00
3059;00031;1686;Jawa Timur;toko;03/05/2024;9;117.300,00
3273;00006;1581;Jawa Barat;toko;12/01/2023;11;
4212;00020;1547;jawa tengah;online;28/01/2023;5;121.200,00
2118;00034;1664;Jawa Barat;toko;08/08/2023;10;
2075;00042;1055;yogyakarta ;online;14/08/2024;11;44.900,00
3938;00028;1357;jawa tengah;toko;27/09/2023;10;67.600,00
2254;00052;1455;yogyakarta ;toko;12/07/2023;7;143.800,00
1314;00027;1308;yogyakarta ;toko;27/12/2024;7;73.200,00
3605;00012;1653; YOGYAKARTA;reseller;22/03/2024;9;125.400,00
2251;00044;1433;yogyakarta ;toko;07/01/2023;8;103.700,00
2182;00018;1071; YOGYAKARTA;online;17/08/2024;10;101.500,00
872;00003;1651; YOGYAKARTA;toko;31/05/2023;3;65.700,00
3567;00042;1770;yogyakarta ;online;28/09/2024;6;84.100,00
3859;00044;1792;Jawa Barat;toko;08/10/2024;2;84.300,00
4019;00011;1188;Jawa Timur;toko;13/08/2024;5;51.100,00
3383;00053;1528;Jawa Barat;online;21/04/2024;8;94.200,00
2605;00015;1369;jawa tengah;online;17/06/2023;6;234.400,00
2066;00040;1474;Jawa Tengah;toko;19/07/2024;10;120.800,00
2278;00049;1770; YOGYAKARTA;online;29/04/2024;6;98.600,00
1204;00045;1043;Jawa Timur;toko;23/01/2023;11;99.200,00
1310;00028;1699;Yogyakarta;toko;06/06/2024;5;62.850.000,00
1090;00045;1574;Jawa Tengah;online;19/07/2024;10;206.800,00
153;00029;1760;;toko;16/05/2023;8;123.100,00
2831;00018;1429;Jawa Timur;toko;05/04/2023;2;164.600,00
4338;00009;1237;jawa tengah;toko;22/10/2024;5;51.700,00
2313;00017;1476;yogyakarta ;toko;14/11/2023;11;59.300,00
3917;00050;1683; YOGYAKARTA;online;25/01/2023;4;96.200,00
3278;00003;1525;Yogyakarta;reseller;04/07/2023;2;144.500,00
4757;00024;1529;jawa tengah;reseller;01/01/2024;9;80.300,00
785;00042;1107;Jawa Timur;online;29/06/2024;4;172.200,00
2549;00038;1762;Jawa Tengah;online;28/05/2023;10;69.600,00
2746;00008;1431;Jawa Barat;toko;05/09/2023;1;120.100,00
2718;00030;1095;Jawa Barat;toko;04/07/2023;11;90.800,00
2917;00038;1749;yogyakarta ;toko;22/11/2023;4;
791;00020;1149;Jawa Barat;online;26/01/2023;8;276.900,00
2523;00052;1690;Jawa Tengah;online;09/09/2023;8;122.600,00
446;00034;1531;yogyakarta ;online;18/05/2024;4;195.100,00
3189;00006;1771; YOGYAKARTA;reseller;29/11/2024;11;139.400,00
1254;00049;1639;Yogyakarta;toko;28/07/2023;3;298.200,00
4992;00002;1668;jawa tengah;online;09/10/2023;8;147.600.000,00
3390;00014;1056;Jawa Timur;toko;19/11/2024;7;94.800,00
1986;00040;1788;jawa tengah;reseller;02/09/2023;-999;117.800,00
1981;00025;1667;jawa tengah;online;07/04/2024;11;138.100,00
1417;00011;1389;Jawa Barat;toko;31/05/2023;1;62.900,00
504;00032;1059;Yogyakarta;online;05/07/2023;8;130.500,00
3662;00013;1226;jawa tengah;toko;16/04/2023;7;76.400,00
1270;00046;1456; YOGYAKARTA;toko;01/04/2023;7;78.700,00
3287;00004;1455;jawa tengah;reseller;21/02/2023;2;117.100,00
1010;00046;1739; YOGYAKARTA;online;27/01/2024;11;184.200,00
2096;00048;1392;jawa tengah;toko;20/09/2023;9;94.900,00
2497;00041;1638;Jawa Tengah;toko;05/04/2024;4;174.100,00
3197;00031;1394;Jawa Tengah;toko;31/01/2024;7;62.200,00
4254;00011;1189;jawa tengah;online;23/10/2024;6;277.600,00
1073;00010;1571;Jawa Barat;toko;12/04/2024;10;193.500,00
4036;00055;1516; YOGYAKARTA;toko;24/11/2024;9;194.900,00
4275;00009;1238;jawa tengah;online;19/09/2023;10;46.300,00
4184;00018;1313;jawa tengah;online;04/04/2023;3;80.000,00
2556;00022;1752;yogyakarta ;toko;18/05/2023;11;42.400,00
3742;00049;1258; YOGYAKARTA;online;14/03/2023;5;114.500,00
887;00017;1764;Jawa Tengah;online;26/04/2024;10;31.400,00
4211;00014;1682;Jawa Barat;toko;11/01/2023;6;145.200,00
196;00022;1153;Jawa Timur;toko;21/01/2023;8;43.700,00
4780;00059;1721;Jawa Barat;toko;21/03/2024;4;90.900,00
1138;00024;1553;yogyakarta ;reseller;27/10/2023;-999;118.800,00
377;00016;1785;Jawa Barat;toko;13/02/2024;3;216.400,00
2001;00038;1087;Jawa Timur;online;30/11/2024;6;30.000,00
3042;00001;1087;Jawa Timur;online;19/01/2024;5;112.200,00
4333;00058;1681;Jawa Timur;toko;24/01/2024;8;72.400,00
4661;00037;1602;Jawa Timur;reseller;30/04/2024;6;176.400,00
1662;00045;1582; YOGYAKARTA;reseller;25/08/2023;4;209.700,00
2476;00036;1070;Jawa Tengah;online;09/05/2023;9;85.100,00
1267;00012;1265;Jawa Timur;reseller;26/09/2023;1;86.800,00
1931;00046;1105;Jawa Timur;toko;04/08/2024;7;77.500,00
1792;00047;1410;jawa tengah;reseller;20/02/2024;9;135.900,00
3404;00042;1156;jawa tengah;reseller;23/04/2024;10;82.400,00
4282;00021;1243;Jawa Tengah;toko;16/01/2023;7;45.200,00
973;00055;1749;Yogyakarta;toko;30/04/2023;2;
4675;00034;1432;jawa tengah;online;12/09/2023;6;54.100.000,00
4207;00026;1125;jawa tengah;reseller;26/04/2024;4;237.900,00
162;00012;1367;Jawa Barat;online;27/07/2023;5;60.900,00
2128;00043;1135;yogyakarta ;toko;03/02/2023;10;122.400,00
3190;00053;1339;Jawa Tengah;online;18/02/2023;2;73.600,00
2396;00055;1191; YOGYAKARTA;toko;31/08/2023;11;128.500,00
4084;00050;1364;Yogyakarta;toko;09/08/2023;4;107.800,00
4674;00018;1669;Jawa Tengah;online;15/06/2023;10;83.900,00
2085;00054;1667;;online;20/06/2024;1;71.800,00
4965;00026;1053; YOGYAKARTA;reseller;16/06/2023;10;139.800,00
2031;00058;1607; YOGYAKARTA;online;27/06/2023;3;110.100,00
3735;00001;1070; YOGYAKARTA;online;02/12/2023;4;172.900,00
2487;00023;1745;jawa tengah;reseller;04/01/2024;5;126.700,00
2575;00053;1469;Yogyakarta;toko;18/12/2024;6;167.200,00
4487;00025;1788; YOGYAKARTA;toko;22/08/2024;9;102.000,00
734;00024;1040; YOGYAKARTA;toko;14/04/2023;10;
2095;00048;1508;Yogyakarta;reseller;01/09/2023;9;77.700,00
1678;00018;1139;Jawa Tengah;online;02/08/2023;6;93.100,00
2145;00039;1221;yogyakarta ;toko;13/05/2024;11;94.400,00
517;00046;1375;jawa tengah;toko;01/06/2024;1;59.100,00
1513;00058;1768;yogyakarta ;toko;20/10/2024;8;68.800,00
2810;00056;1250;yogyakarta ;toko;27/05/2023;7;97.900,00
2083;00019;1573;Jawa Barat;toko;06/08/2024;3;96.500,00
787;00058;1471;Jawa Barat;toko;06/08/2024;9;146.200,00
1453;00036;1046;Yogyakarta;toko;05/09/2024;6;115.100,00
1315;00023;1382;Yogyakarta;online;19/09/2023;1;60.900,00
3373;00056;1289;Jawa Barat;toko;16/03/2024;1;63.500,00
4797;00059;1511;jawa tengah;toko;26/10/2024;10;102.700,00
2467;00004;1135;jawa tengah;reseller;03/10/2023;2;54.600,00
1125;00008;1600;Jawa Barat;toko;13/05/2024;6;213.300,00
4677;00050;1663;Yogyakarta;toko;03/04/2024;9;122.800,00
3803;00020;1528;Yogyakarta;online;04/02/2023;2;187.200,00
3324;00022;1224; YOGYAKARTA;toko;15/09/2024;-999;213.400,00
4902;00013;1674; YOGYAKARTA;online;10/07/2024;4;
140;00013;1251;jawa tengah;online;22/06/2023;10;15.500,00
4506;00039;1726; YOGYAKARTA;online;28/10/2024;5;47.100,00
4993;00030;1567;Jawa Barat;toko;19/05/2024;7;106.200,00
3032;00021;1685;Jawa Tengah;toko;08/12/2023;4;295.500,00
533;00044;1255;yogyakarta ;online;01/04/2024;1;259.600,00
64;00015;1502; YOGYAKARTA;toko;04/04/2024;1;70.700,00
1852;00012;1746;Jawa Tengah;online;06/08/2024;3;82.000,00
4013;00026;1273;Jawa Timur;online;13/11/2023;5;124.800,00
960;00011;1534;jawa tengah;online;28/11/2023;-999;104.000,00
1276;00038;1036;Yogyakarta;online;15/11/2023;1;30.200,00
3427;00043;1532; YOGYAKARTA;online;02/06/2023;2;65.700,00
3979;00056;1629;Jawa Barat;online;12/05/2024;7;81.400,00
1405;00046;1212;jawa tengah;online;30/08/2023;8;81.200,00
10;00018;1301;jawa tengah;reseller;14/04/2023;1;130.500,00
2043;00022;1767;Jawa Tengah;reseller;18/03/2023;4;117.300,00
1949;00043;1142;Jawa Barat;toko;11/11/2024;9;66.500,00
333;00011;1574;Yogyakarta;toko;17/01/2024;4;78.800,00
2465;00045;1607;Jawa Tengah;online;02/07/2024;9;50.200,00
3568;00019;1198;Yogyakarta;toko;15/05/2023;9;289.400,00
4266;00028;1628;yogyakarta ;toko;06/11/2023;11;
3580;00059;1298;Jawa Tengah;reseller;30/11/2023;10;330.800,00
4580;00006;1353;jawa tengah;online;12/11/2023;9;
1933;00044;1700;Jawa Timur;toko;19/05/2024;6;153.900,00
632;00050;1443;Jawa Tengah;toko;14/07/2024;10;149.700,00
3271;00020;1161; YOGYAKARTA;toko;03/01/2024;11;162.400,00
3594;00006;1136;jawa tengah;online;30/12/2024;2;333.900,00
4881;00053;1152;Jawa Timur;toko;14/09/2024;2;93.500,00
3885;00015;1071;Yogyakarta;online;11/01/2023;9;119.700,00
3835;00058;1701; YOGYAKARTA;toko;01/02/2023;1;57.000,00
4536;00051;1359;Yogyakarta;toko;08/04/2023;4;95.100,00
2434;00051;1353;Yogyakarta;toko;26/05/2024;4;203.400,00
4957;00041;1416; YOGYAKARTA;online;04/04/2024;5;62.400,00
4510;00018;1579;jawa tengah;toko;03/04/2024;6;119.200,00
406;00037;1530;Jawa Barat;online;25/03/2024;2;261.000,00
2668;00029;1275;jawa tengah;online;09/04/2023;10;339.200,00
2088;00028;1199;Jawa Timur;toko;21/05/2024;3;
2907;00046;1189;jawa tengah;toko;15/04/2023;6;66.800,00
527;00030;1256;jawa tengah;toko;28/08/2024;6;80.900,00
3976;00011;1026;Jawa Barat;reseller;24/04/2024;4;203.800,00
2822;00045;1043;Yogyakarta;toko;08/02/2023;11;46.100,00
1289;00011;1371;Jawa Barat;online;14/12/2023;5;139.100,00
1826;00047;1536;Jawa Tengah;online;03/05/2023;7;47.600,00
4756;00018;1296;Jawa Barat;toko;27/02/2023;6;80.700,00
3744;00041;1102;Jawa Barat;online;15/02/2024;5;224.400,00
857;00004;1620;jawa tengah;toko;16/07/2023;6;168.000,00
558;00046;1698;Jawa Timur;toko;28/08/2023;7;21.900,00
2646;00006;1343;yogyakarta ;toko;16/04/2024;-999;127.200,00
4485;00010;1752; YOGYAKARTA;toko;03/02/2024;7;843.700,00
3843;00029;1352;yogyakarta ;online;21/08/2023;7;
1435;00042;1267;Jawa Tengah;toko;25/02/2024;11;221.300,00
3218;00027;1724;;online;31/10/2024;1;123.800,00
4294;00045;1018;Jawa Timur;toko;28/07/2023;6;37.200,00
3710;00032;1002;Jawa Barat;toko;19/03/2024;3;76.700,00
4809;00050;1137;Jawa Timur;online;16/11/2024;9;118.100,00
2331;00017;1296; YOGYAKARTA;toko;26/01/2024;11;102.700,00
2701;00047;1489;jawa tengah;toko;14/08/2024;10;
1021;00031;1656;Yogyakarta;toko;01/06/2024;7;183.600,00
3951;00047;1562;Jawa Tengah;toko;30/08/2024;3;79.200,00
512;00027;1197; YOGYAKARTA;toko;27/11/2023;3;109.800,00
2823;00028;1200;Yogyakarta;online;31/01/2023;3;126.000,00
2872;00048;1787;yogyakarta ;toko;04/10/2024;4;152.100,00
1887;00022;1404;Jawa Tengah;reseller;17/02/2023;7;
4682;00004;1187;Jawa Timur;reseller;02/05/2023;-999;29.600,00
1799;00002;1206;yogyakarta ;reseller;02/03/2024;1;223.200,00
1149;00035;1787;jawa tengah;online;20/09/2023;6;177.800,00
2108;00026;1206;Jawa Timur;online;14/11/2024;1;92.300,00
1563;00049;1215; YOGYAKARTA;toko;13/03/2024;6;102.400,00
1744;00005;1503; YOGYAKARTA;toko;30/10/2024;9;104.800,00
607;00035;1371;yogyakarta ;online;22/07/2023;8;35.800,00
2456;00017;1798;jawa tengah;online;03/07/2023;4;55.400,00
4879;00019;1017;Yogyakarta;toko;15/06/2024;3;111.800,00
1332;00013;1264;Jawa Tengah;reseller;25/02/2023;1;195.100,00
1649;00028;1401;Yogyakarta;online;08/04/2023;9;190.400,00
1182;00041;1601;Jawa Timur;toko;11/02/2023;8;77.300,00
3443;00056;1656;Jawa Tengah;toko;16/06/2023;11;45.600,00
3369;00042;1483;yogyakarta ;toko;05/05/2023;2;69.900,00
1770;00002;1301;Jawa Timur;toko;12/04/2024;9;209.200,00
1756;00001;1722;yogyakarta ;toko;04/09/2023;5;108.800,00
4346;00045;1203; YOGYAKARTA;toko;24/02/2023;1;104.500,00
1346;00008;1173; YOGYAKARTA;reseller;14/05/2023;5;84.900,00
511;00051;1423;yogyakarta ;toko;15/12/2024;1;31.800,00
1677;00019;1049;Yogyakarta;reseller;01/08/2023;4;41.600,00
2062;00030;1021;jawa tengah;toko;19/03/2023;9;188.600,00
4950;00031;1079;jawa tengah;online;19/08/2024;2;146.800,00
457;00054;1602;Jawa Barat;online;12/09/2023;8;67.200.000,00
1809;00055;1518; YOGYAKARTA;online;08/12/2024;1;135.900,00
2593;00048;1142;Yogyakarta;toko;26/12/2023;6;49.400,00
757;00027;1091;Jawa Timur;reseller;20/08/2024;11;37.600,00
2411;00053;1002;yogyakarta ;toko;05/08/2023;7;132.400,00
2906;00007;1753;Yogyakarta;online;03/07/2024;5;138.700,00
1066;00025;1221;Jawa Barat;toko;21/06/2024;2;49.600,00
1266;00005;1406;Jawa Tengah;toko;18/10/2023;10;124.600,00
4698;00050;1242;Jawa Timur;online;22/03/2023;11;90.400,00
1820;00008;1775;Jawa Barat;online;24/01/2023;6;62.100,00
692;00059;1541;Jawa Timur;online;06/08/2023;10;98.200,00
3984;00018;1619;jawa tengah;reseller;11/09/2024;5;105.600,00
4308;00050;1073; YOGYAKARTA;toko;24/08/2023;9;178.100,00
502;00022;1745; YOGYAKARTA;online;04/03/2024;8;47.600,00
2169;00025;1063;Jawa Barat;online;13/09/2024;5;46.600,00
4230;00050;1193;Yogyakarta;toko;11/04/2024;11;153.300,00
1039;00022;1311;Jawa Timur;reseller;30/09/2023;7;62.500,00
1022;00042;1476;Yogyakarta;online;11/05/2024;2;21.200,00
358;00044;1652;Jawa Timur;toko;22/03/2023;10;
3683;00043;1675; YOGYAKARTA;reseller;12/12/2023;2;38.300,00
1509;00030;1283; YOGYAKARTA;online;01/02/2023;10;29.300,00
211;00041;1599;Yogyakarta;toko;12/12/2024;11;101.100,00
3977;00010;1254; YOGYAKARTA;toko;10/09/2023;10;160.700,00
2082;00010;1321;Jawa Timur;online;07/01/2024;4;182.200,00
3206;00010;1586;Jawa Barat;online;25/11/2023;9;197.100,00
737;00011;1018;Jawa Barat;online;07/04/2024;5;216.500,00
2684;00036;1534;Jawa Tengah;online;02/01/2024;11;
3435;00004;1268;Jawa Timur;toko;20/07/2024;1;106.500,00
4631;00035;1541;yogyakarta ;reseller;31/07/2024;5;
4197;00041;1218;yogyakarta ;online;14/02/2023;11;63.800,00
717;00056;1315;jawa tengah;toko;03/02/2023;2;
2613;00042;1229;yogyakarta ;toko;15/07/2023;1;109.200,00
3726;00032;1145; YOGYAKARTA;online;16/03/2023;4;135.900,00
904;00037;1079;Jawa Timur;reseller;12/08/2023;7;69.600,00
1335;00053;1004; YOGYAKARTA;online;27/06/2024;4;95.100,00
3848;00028;1268;yogyakarta ;online;24/07/2024;3;107.000,00
4315;00023;1731;jawa tengah;online;20/06/2023;10;455.700,00
2281;00024;1652;Jawa Timur;reseller;14/12/2024;11;351.000,00
1103;00014;1059;Jawa Tengah;online;04/12/2024;5;141.000,00
1031;00029;1225; YOGYAKARTA;toko;15/05/2024;3;78.700,00
4827;00052;1464;Jawa Tengah;reseller;04/05/2023;10;120.400,00
3472;00025;1585; YOGYAKARTA;toko;29/06/2023;9;143.300,00
4572;00021;1482;Jawa Barat;reseller;26/04/2023;7;162.500,00
1669;00047;1225;jawa tengah;online;04/05/2023;8;23.300,00
3493;00019;1286;Yogyakarta;online;23/08/2024;11;56.000,00
1107;00049;1794;Jawa Tengah;online;28/06/2024;-999;55.600,00
2790;00028;1057;Yogyakarta;toko;05/01/2023;10;168.200,00
3168;00016;1705;Jawa Tengah;toko;29/03/2023;7;85.700,00
1625;00024;1303;yogyakarta ;reseller;25/01/2023;10;55.300,00
1384;00003;1778;Jawa Tengah;online;29/12/2024;4;133.500,00
4672;00032;1137;jawa tengah;online;17/11/2024;1;262.900,00
4721;00053;1327;Yogyakarta;toko;01/06/2024;11;133.700,00
4838;00052;1614;jawa tengah;online;16/08/2024;11;281.200,00
945;00051;1415;Jawa Timur;reseller;15/06/2023;5;
3246;00048;1140;jawa tengah;toko;24/04/2023;2;62.400,00
2660;00016;1273;jawa tengah;toko;22/12/2023;4;179.100,00
508;00015;1243;Yogyakarta;toko;11/05/2024;2;215.800,00
928;00020;1716;Jawa Barat;toko;07/07/2023;8;71.700,00
2004;00052;1726;yogyakarta ;toko;15/08/2023;11;34.200,00
1789;00011;1110;Jawa Tengah;reseller;22/04/2023;8;80.700,00
2925;00054;1723;jawa tengah;reseller;30/08/2023;8;111.700,00
1121;00057;1236;Jawa Timur;toko;06/08/2024;3;
2347;00027;1019;Jawa Timur;toko;08/04/2024;1;87.300,00
4863;00003;1784;Jawa Timur;online;22/06/2023;10;110.800,00
2222;00009;1498;;toko;29/04/2024;7;65.700,00
2538;00028;1760; YOGYAKARTA;online;06/09/2023;1;105.700,00
773;00051;1578; YOGYAKARTA;online;03/06/2024;2;70.300,00
1696;00010;1633; YOGYAKARTA;online;24/03/2024;4;83.400,00
3389;00055;1478; YOGYAKARTA;online;03/09/2024;4;283.300,00
1220;00017;1368;Jawa Tengah;online;24/08/2024;5;216.400,00
4554;00005;1565;Jawa Tengah;online;01/02/2023;8;46.600,00
4608;00018;1613;yogyakarta ;online;08/11/2024;9;66.400,00
1557;00047;1262; YOGYAKARTA;online;23/01/2023;9;184.300,00
4201;00025;1358;yogyakarta ;toko;15/01/2023;11;147.200,00
1540;00024;1464;Jawa Timur;online;15/09/2024;7;47.100,00
4841;00035;1415;Jawa Timur;toko;31/07/2023;5;40.300,00
3163;00013;1487;Jawa Timur;toko;26/09/2024;7;42.300,00
4913;00054;1552;Jawa Barat;online;09/01/2024;9;65.300,00
2036;00025;1132;Jawa Barat;toko;11/06/2024;9;37.700,00
4001;00034;1020;yogyakarta ;toko;30/06/2023;11;56.600,00
228;00056;1147;Yogyakarta;toko;29/05/2024;6;154.100,00
3375;00018;1203;yogyakarta ;online;09/04/2024;-999;57.500,00
2272;00001;1142;Jawa Barat;toko;24/05/2024;8;73.700,00
2734;00009;1131; YOGYAKARTA;toko;15/02/2024;5;83.100,00
3166;00040;1178;Jawa Tengah;online;06/01/2023;4;128.600,00
2950;00029;1612;Jawa Tengah;toko;30/10/2024;4;185.300,00
2378;00030;1524;jawa tengah;online;30/03/2023;10;28.800,00
3356;00023;1088;jawa tengah;toko;29/11/2024;-999;61.900,00
884;00014;1660;Yogyakarta;toko;24/08/2024;10;255.700,00
1001;00059;1496;Jawa Tengah;toko;27/06/2024;9;
1209;00025;1592;yogyakarta ;toko;09/12/2024;10;
1666;00020;1108;Jawa Barat;toko;10/04/2024;10;54.400,00
1094;00016;1308;Jawa Timur;reseller;21/12/2023;5;64.300,00
3839;00009;1501;Yogyakarta;online;13/01/2024;1;193.500,00
4440;00055;1047;Jawa Barat;online;06/10/2023;1;81.000,00
436;00048;1525;Yogyakarta;online;13/01/2024;11;72.100,00
3874;00052;1448;jawa tengah;toko;12/08/2024;2;55.800,00
3058;00040;1781;Jawa Timur;toko;29/12/2024;2;46.700,00
3394;00025;1673;jawa tengah;reseller;26/10/2024;7;142.400,00
2427;00042;1764;Jawa Barat;toko;24/01/2024;1;67.400,00
2334;00018;1495;jawa tengah;online;10/01/2023;10;36.500,00
1758;00015;1639;yogyakarta ;toko;18/05/2023;4;61.300,00
4414;00002;1312;Jawa Barat;reseller;09/02/2024;2;
1719;00047;1493;jawa tengah;toko;23/10/2024;11;117.700,00
2597;00007;1595;Jawa Tengah;toko;03/12/2024;2;50.700,00
579;00038;1698;Jawa Barat;toko;05/06/2024;7;207.600,00
1688;00015;1281;Yogyakarta;online;06/02/2024;2;240.400,00
1634;00028;1174;jawa tengah;toko;21/05/2024;7;55.000,00
1411;00026;1547;yogyakarta ;toko;06/09/2024;2;109.300,00
2063;00019;1245; YOGYAKARTA;toko;01/04/2024;1;114.500,00
1084;00039;1624;yogyakarta ;reseller;26/11/2023;9;428.500,00
4901;00014;1490;Jawa Timur;online;05/07/2024;1;135.000,00
2109;00053;1469;Yogyakarta;online;26/05/2024;7;67.300,00
3849;00035;1366;Yogyakarta;online;12/04/2024;8;40.200,00
1541;00013;1038;Jawa Tengah;reseller;29/06/2024;9;123.200,00
4427;00028;1085;jawa tengah;reseller;15/03/2023;4;155.900,00
4149;00040;1790;Jawa Barat;toko;11/02/2024;-999;167.600,00
3927;00022;1621;Jawa Tengah;toko;30/03/2024;4;25.200,00
70;00041;1713;Jawa Tengah;toko;17/07/2024;4;131.700,00
1926;00004;1385;Jawa Barat;toko;06/10/2024;1;59.000,00
1030;00049;1192;Yogyakarta;toko;20/09/2023;6;83.500,00
924;00045;1298; YOGYAKARTA;toko;01/06/2023;4;126.100,00
4111;00008;1401;Jawa Barat;toko;29/07/2024;10;14.300,00
2650;00037;1375;yogyakarta ;toko;15/12/2024;5;21.100,00
4256;00051;1620;Jawa Tengah;toko;01/06/2024;7;261.900,00
1923;00011;1679;Jawa Timur;toko;29/11/2024;4;104.800,00
1412;00012;1182;Jawa Timur;online;08/05/2024;5;70.400,00
220;00031;1307;Jawa Tengah;online;04/12/2023;5;
157;00057;1068;jawa tengah;reseller;09/02/2024;10;204.000,00
4023;00022;1326;Yogyakarta;online;22/03/2024;6;96.100,00
1324;00016;1165; YOGYAKARTA;reseller;21/05/2024;6;68.900,00
3181;00027;1316;Jawa Tengah;toko;30/10/2024;3;79.500,00
1950;00028;1199;Jawa Timur;reseller;13/02/2023;1;67.000,00
4522;00046;1597;jawa tengah;reseller;25/12/2023;5;131.200,00
1490;00048;1129;jawa tengah;reseller;25/05/2023;7;74.900,00
746;00058;1395;jawa tengah;toko;17/11/2023;10;31.500,00
2034;00035;1729;Jawa Barat;reseller;12/08/2024;7;177.500,00
407;00014;1315;Yogyakarta;online;19/03/2024;10;58.800,00
247;00057;1750;Jawa Timur;online;05/03/2023;2;348.400,00
4461;00054;1394; YOGYAKARTA;toko;06/12/2024;5;419.400,00
1977;00050;1731;Yogyakarta;online;18/06/2023;4;116.100,00
1783;00043;1633;Yogyakarta;toko;15/07/2024;5;142.700,00
1815;00008;1686;yogyakarta ;toko;20/07/2023;8;51.600,00
630;00023;1082;Jawa Timur;toko;06/09/2024;5;35.200,00
350;00004;1367;Yogyakarta;toko;10/05/2023;7;249.000,00
4231;00014;1352;Jawa Barat;online;25/08/2023;3;269.600,00
4601;00018;1444;Jawa Timur;toko;28/11/2024;9;58.200,00
4833;00006;1218;Jawa Barat;toko;24/04/2024;4;51.900,00
3886;00053;1158; YOGYAKARTA;online;07/01/2024;7;86.200,00
2827;00031;1735;yogyakarta ;reseller;22/05/2024;2;
1257;00054;1043;yogyakarta ;toko;12/03/2023;-999;66.800,00
4204;00041;1387;Jawa Barat;toko;06/05/2023;5;54.100,00
3935;00045;1191;jawa tengah;toko;29/12/2024;11;124.800,00
1648;00034;1133;Jawa Tengah;reseller;11/01/2023;6;126.900,00
4654;00025;1352; YOGYAKARTA;toko;23/08/2023;1;115.100,00
830;00025;1041;Yogyakarta;toko;06/06/2024;3;44.200,00
4655;00021;1446;Jawa Tengah;toko;09/11/2024;11;39.800,00
2382;00006;1702;Jawa Timur;toko;14/05/2024;3;116.700,00
1115;00013;1424;jawa tengah;toko;20/05/2023;9;66.300,00
3145;00038;1004;jawa tengah;online;02/11/2024;4;155.800,00
4249;00052;1244;Jawa Timur;reseller;01/08/2023;1;73.200,00
976;00035;1467; YOGYAKARTA;online;12/05/2024;3;73.000,00
4791;00034;1253;Yogyakarta;reseller;10/03/2024;9;302.100,00
1781;00016;1115;Jawa Barat;online;18/01/2023;3;102.000,00
362;00054;1152;Yogyakarta;reseller;27/09/2023;1;
2401;00044;1174;Yogyakarta;toko;15/03/2024;5;150.600,00
1902;00034;1503; YOGYAKARTA;toko;21/07/2023;8;87.100,00
4811;00041;1604;Jawa Barat;reseller;15/05/2024;11;124.100,00
4615;00016;1168; YOGYAKARTA;reseller;14/12/2023;7;107.600,00
1159;00056;1607;Jawa Tengah;reseller;22/02/2023;5;138.600,00
1410;00033;1193;Jawa Barat;online;27/01/2023;10;81.000,00
1413;00028;1701;Jawa Tengah;toko;10/04/2024;6;137.700,00
1721;00048;1068;Jawa Timur;online;13/09/2024;6;65.900,00
340;00057;1121;yogyakarta ;reseller;16/06/2024;2;99.200,00
4093;00008;1736;Jawa Timur;toko;17/11/2023;10;153.000,00
4598;00056;1330;Yogyakarta;online;01/07/2023;7;238.100,00
2010;00012;1328;yogyakarta ;online;08/06/2023;11;163.900,00
2228;00033;1146;yogyakarta ;toko;25/08/2024;6;94.200,00
115;00024;1266;Jawa Barat;online;30/12/2024;7;144.400,00
4565;00008;1669;Jawa Timur;online;20/01/2023;11;65.400,00
711;00010;1694; YOGYAKARTA;online;22/09/2023;4;83.300,00
2403;00009;1601;yogyakarta ;toko;11/08/2023;3;159.500,00
2439;00059;1649;jawa tengah;reseller;20/06/2023;3;44.600,00
4115;00041;1043;yogyakarta ;toko;29/09/2023;2;86.700,00
3368;00002;1337;Jawa Tengah;online;22/08/2023;11;122.700,00
1155;00058;1583;jawa tengah;online;19/04/2023;4;83.400,00
1769;00025;1197;Jawa Tengah;toko;23/06/2024;2;116.200,00
4869;00007;1757;Jawa Tengah;reseller;15/05/2023;7;92.900,00
2327;00032;1534;Jawa Barat;toko;01/10/2023;4;248.500,00
2516;00033;1729;jawa tengah;online;29/10/2023;4;111.300,00
3816;00044;1425;Jawa Tengah;online;22/02/2023;3;35.600,00
1813;00013;1700; YOGYAKARTA;reseller;27/11/2023;6;64.600,00
3115;00027;1571; YOGYAKARTA;toko;17/10/2023;11;27.600,00
2450;00034;1388;yogyakarta ;online;22/12/2023;4;31.800,00
2301;00026;1082;Jawa Barat;toko;24/04/2023;11;69.900,00
3220;00017;1022;Jawa Barat;online;03/02/2024;6;69.200,00
1288;00044;1350;Yogyakarta;toko;30/06/2024;5;
4638;00049;1679; YOGYAKARTA;online;28/12/2024;2;95.400,00
1165;00009;1222;Jawa Timur;toko;20/03/2024;8;105.200,00
3165;00003;1675;Yogyakarta;toko;19/08/2024;8;50.900,00
4875;00050;1338;Yogyakarta;toko;26/07/2023;7;68.600,00
2742;00049;1660;Jawa Barat;reseller;14/10/2024;-999;172.800,00
2322;00049;1461; YOGYAKARTA;toko;08/02/2024;2;249.200,00
2963;00026;1188;Jawa Barat;toko;18/12/2023;5;35.100,00
4078;00024;1251;jawa tengah;toko;19/03/2024;8;68.800,00
866;00034;1615;Yogyakarta;toko;30/08/2023;6;134.300,00
1467;00056;1290;Jawa Timur;online;13/04/2024;8;509.700,00
2091;00007;1440;jawa tengah;reseller;23/09/2024;10;74.400,00
2459;00047;1741;Yogyakarta;toko;22/09/2023;9;97.000,00
3565;00042;1469;Jawa Barat;toko;17/02/2023;9;136.500,00
3833;00014;1611;Yogyakarta;toko;30/08/2023;4;94.100,00
4728;00058;1134;Jawa Tengah;online;20/05/2023;2;53.900,00
1175;00056;1276;yogyakarta ;toko;20/07/2024;9;54.000,00
2885;00018;1017;yogyakarta ;toko;27/01/2023;6;51.600,00
1436;00032;1703;Yogyakarta;toko;24/09/2024;4;116.200,00
903;00049;1615;Jawa Timur;reseller;04/04/2024;5;128.700,00
1456;00054;1168;jawa tengah;toko;30/06/2024;1;123.200,00
2514;00025;1619;yogyakarta ;online;28/08/2024;1;129.500,00
2720;00007;1527; YOGYAKARTA;toko;19/11/2024;7;137.800,00
355;00042;1701;jawa tengah;toko;13/09/2024;7;56.200,00
4117;00018;1380; YOGYAKARTA;toko;13/07/2024;11;59.300,00
3494;00006;1003;Jawa Timur;toko;28/07/2023;6;160.300,00
3332;00027;1463;jawa tengah;toko;14/10/2023;8;100.900,00
3520;00001;1168;jawa tengah;online;24/05/2024;10;88.300,00
516;00045;1014;yogyakarta ;online;02/07/2023;9;83.500,00
4769;00058;1672;Jawa Timur;reseller;22/06/2024;10;32.200,00
3802;00015;1229;Jawa Timur;toko;22/12/2024;8;145.400,00
3424;00029;1554;Jawa Timur;toko;18/10/2024;5;102.900,00
3967;00022;1306;Jawa Tengah;online;26/06/2024;3;82.200,00
700;00024;1687;Yogyakarta;toko;14/04/2023;4;141.400,00
2298;00004;1065; YOGYAKARTA;toko;01/12/2024;3;179.300,00
2044;00018;1074;Jawa Tengah;toko;28/11/2023;7;57.400,00
1375;00026;1104;Jawa Timur;toko;29/03/2023;9;75.500,00
2608;00031;1395;Jawa Timur;toko;22/11/2024;6;186.600,00
3899;00045;1175;Jawa Barat;online;12/06/2024;3;213.200,00
3823;00011;1151;jawa tengah;toko;04/02/2024;6;80.900,00
1012;00028;1189;Jawa Tengah;online;12/06/2023;3;
4218;00038;1678;Jawa Timur;online;09/06/2024;10;160.000,00
4823;00036;1018;Yogyakarta;toko;02/04/2024;5;195.400,00
1301;00034;1413;Yogyakarta;toko;19/10/2024;4;109.600,00
3822;00036;1050; YOGYAKARTA;reseller;20/06/2024;10;143.000,00
4039;00026;1012;yogyakarta ;online;06/11/2023;2;110.400,00
4234;00034;1072; YOGYAKARTA;online;05/09/2023;1;130.200,00
4028;00048;1206;jawa tengah;toko;15/08/2023;11;34.500,00
2160;00056;1100;jawa tengah;online;20/10/2023;8;218.000,00
3592;00049;1539;jawa tengah;reseller;03/10/2024;7;32.500,00
2689;00038;1499; YOGYAKARTA;toko;19/09/2023;7;120.900,00
4071;00038;1015;yogyakarta ;reseller;18/03/2024;6;278.700,00
149;00032;1610;yogyakarta ;online;05/04/2024;7;165.100,00
3041;00053;1060;Yogyakarta;toko;21/11/2023;11;127.000,00
4382;00032;1211;Yogyakarta;toko;03/05/2024;1;124.500,00
4759;00045;1144;jawa tengah;toko;16/02/2023;2;
531;00038;1130;jawa tengah;toko;01/02/2024;1;180.200,00
987;00019;1524;Jawa Timur;toko;10/05/2023;2;67.700,00
4301;00019;1205;Jawa Tengah;toko;11/01/2023;7;156.800,00
4365;00050;1183;Jawa Tengah;toko;04/07/2024;2;
4390;00054;1341;yogyakarta ;online;02/01/2023;6;
3221;00028;1467;Jawa Timur;reseller;08/02/2023;10;51.000,00
4552;00043;1334;Jawa Barat;toko;07/11/2024;1;102.900,00
4566;00032;1121;Jawa Barat;reseller;29/06/2024;6;
4844;00052;1091;yogyakarta ;online;20/07/2024;10;42.800,00
1942;00011;1282;Yogyakarta;online;15/08/2024;2;142.400,00
2694;00013;1168;Jawa Timur;online;08/10/2024;10;71.000,00
2914;00055;1064; YOGYAKARTA;toko;03/04/2024;9;370.800,00
1293;00010;1144;Jawa Tengah;toko;11/12/2023;10;27.600,00
359;00050;1401;Yogyakarta;online;18/09/2023;8;204.500,00
2825;00036;1369; YOGYAKARTA;toko;01/01/2023;8;162.300,00
2341;00050;1316;Jawa Tengah;reseller;07/11/2024;11;127.600,00
4408;00006;1662; YOGYAKARTA;toko;27/12/2023;4;
34;00059;1355;jawa tengah;toko;14/01/2024;4;92.600,00
330;00036;1250; YOGYAKARTA;toko;05/04/2024;9;118.700,00
3582;00013;1560;jawa tengah;online;24/04/2023;1;63.900,00
4708;00016;1556;jawa tengah;toko;04/07/2024;3;93.100,00
4097;00013;1598;yogyakarta ;toko;04/11/2024;11;93.000,00
1732;00001;1145; YOGYAKARTA;toko;24/08/2023;1;91.600,00
1537;00026;1227;Jawa Tengah;toko;09/09/2023;1;137.700,00
1888;00056;1676;jawa tengah;toko;19/04/2023;10;126.400,00
3850;00049;1022;Jawa Tengah;online;28/04/2023;5;41.900,00
1387;00001;1249;Jawa Barat;toko;27/10/2023;11;45.400,00
2157;00053;1273;Yogyakarta;toko;07/07/2024;10;91.100,00
3075;00011;1306;yogyakarta ;toko;16/07/2023;4;
4389;00032;1564;Jawa Tengah;online;17/02/2023;6;194.500,00
687;00015;1324;jawa tengah;toko;11/03/2024;6;65.500,00
1262;00033;1179;yogyakarta ;toko;09/04/2024;5;195.100,00
4104;00040;1666; YOGYAKARTA;toko;15/01/2024;8;128.400,00
2926;00010;1216;jawa tengah;online;14/04/2024;11;62.000,00
1406;00035;1548;Jawa Barat;reseller;30/08/2023;3;54.300,00
693;00018;1364;Jawa Timur;online;30/05/2024;6;113.600,00
4786;00024;1174;jawa tengah;toko;22/05/2023;7;96.100,00
4331;00002;1528;Jawa Tengah;toko;07/09/2024;2;126.400,00
3570;00055;1647;Jawa Timur;online;02/04/2023;8;46.000,00
3813;00050;1214;Yogyakarta;toko;08/06/2023;6;87.300,00
4424;00054;1656;yogyakarta ;toko;13/07/2023;10;141.900,00
4330;00009;1589; YOGYAKARTA;toko;09/04/2024;10;45.800,00
4928;00053;1540;Jawa Barat;online;03/10/2023;5;78.400,00
1764;00038;1789;yogyakarta ;toko;27/07/2024;4;
1988;00057;1072;Yogyakarta;online;05/06/2024;1;46.000,00
674;00046;1117;jawa tengah;online;10/08/2024;7;66.000,00
397;00034;1788;Jawa Barat;toko;08/04/2024;7;201.100,00
753;00049;1632;yogyakarta ;toko;04/11/2024;9;254.600,00
4280;00029;1646;yogyakarta ;online;25/11/2023;2;396.500,00
3219;00008;1410;Yogyakarta;online;10/12/2023;1;161.800,00
2955;00015;1755;jawa tengah;reseller;04/11/2023;9;135.900,00
3903;00001;1598;Jawa Barat;online;12/05/2024;6;32.400,00
4459;00035;1521;jawa tengah;toko;07/05/2024;4;104.200,00
129;00034;1154; YOGYAKARTA;toko;15/02/2023;2;226.200,00
803;00050;1679; YOGYAKARTA;toko;21/05/2023;3;156.000,00
388;00035;1241;jawa tengah;toko;20/01/2024;3;68.600,00
3517;00016;1649;Jawa Timur;reseller;12/02/2024;10;62.800,00
1007;00010;1324;Jawa Tengah;online;27/01/2023;5;70.500,00
808;00031;1324;jawa tengah;toko;15/12/2024;9;193.600,00
653;00026;1000;Jawa Tengah;online;27/10/2023;6;75.000,00
1671;00016;1243;Jawa Tengah;online;09/06/2024;2;124.800,00
2046;00024;1688;Jawa Tengah;toko;03/07/2024;-999;129.800,00
1894;00025;1036;yogyakarta ;online;26/01/2023;11;75.300,00
3534;00041;1395;jawa tengah;online;10/09/2023;10;95.800,00
1153;00002;1469;Jawa Timur;toko;23/10/2024;11;40.900,00
3955;00010;1787;jawa tengah;toko;19/04/2024;6;54.900,00
3328;00026;1224;Jawa Barat;reseller;10/12/2023;1;23.900,00
2335;00021;1291;jawa tengah;toko;02/04/2023;8;142.700,00
3923;00038;1632; YOGYAKARTA;online;01/07/2023;8;188.500,00
2316;00053;1239;yogyakarta ;toko;21/02/2023;8;78.200,00
4737;00059;1194;Jawa Barat;online;15/08/2023;8;89.100,00
952;00040;1423;Jawa Tengah;reseller;04/12/2023;1;170.900,00
2414;00016;1087;Jawa Tengah;toko;15/09/2023;5;119.800,00
3691;00043;1376;Jawa Barat;toko;13/11/2024;6;89.100,00
3771;00050;1493; YOGYAKARTA;online;07/08/2024;10;67.400,00
1422;00049;1643;Jawa Timur;reseller;03/08/2023;5;70.000,00
968;00059;1732;yogyakarta ;online;28/02/2023;8;83.400,00
2803;00042;1089;Jawa Barat;online;30/01/2023;4;203.200,00
4814;00036;1751;Jawa Barat;online;21/09/2024;9;115.500,00
2590;00009;1339;jawa tengah;toko;16/01/2023;5;122.000,00
2059;00028;1205;jawa tengah;online;22/10/2024;2;579.500,00
4178;00043;1507;jawa tengah;toko;30/07/2024;7;205.400,00
1604;00010;1486;yogyakarta ;online;17/09/2024;7;134.500,00
666;00045;1498;Yogyakarta;online;10/05/2023;6;143.100,00
3135;00045;1714; YOGYAKARTA;online;08/02/2024;2;99.600,00
1358;00052;1110;Jawa Timur;reseller;10/09/2023;2;161.800,00
1439;00011;1038;Yogyakarta;toko;23/12/2023;-999;88.200,00
3055;00008;1179;jawa tengah;toko;25/08/2024;2;79.600,00
2258;00043;1527;Jawa Tengah;reseller;31/08/2024;5;45.800,00
4007;00028;1349;Jawa Barat;toko;26/08/2024;3;170.300,00
3323;00032;1718; YOGYAKARTA;online;01/10/2023;4;153.600,00
3176;00017;1242;yogyakarta ;reseller;18/06/2024;6;
5000;00048;1335; YOGYAKARTA;online;11/01/2023;3;52.200,00
203;00007;1635; YOGYAKARTA;reseller;11/10/2023;11;36.100,00
2049;00042;1197;Jawa Barat;online;03/06/2023;1;167.000,00
4335;00001;1005;Yogyakarta;toko;26/06/2023;1;35.900,00
2612;00012;1171;jawa tengah;toko;19/03/2024;7;
1867;00026;1794;yogyakarta ;toko;12/11/2024;11;99.600,00
3350;00056;1207;Jawa Tengah;online;11/10/2024;6;146.700,00
759;00033;1613;Jawa Tengah;toko;31/08/2023;10;43.600,00
15;00030;1356;Yogyakarta;online;23/11/2024;10;117.800,00
4829;00014;1352;Jawa Barat;toko;11/04/2023;10;58.300,00
814;00034;1076;yogyakarta ;toko;22/10/2023;8;128.700,00
4429;00057;1148; YOGYAKARTA;toko;29/06/2023;3;83.100,00
4392;00010;1227;Yogyakarta;online;04/03/2024;10;88.000,00
2243;00046;1033;yogyakarta ;reseller;28/05/2024;6;52.000,00
911;00025;1268; YOGYAKARTA;reseller;11/09/2023;7;60.300,00
2848;00041;1202;Jawa Timur;toko;17/05/2024;8;76.700,00
2932;00020;1516;Yogyakarta;toko;27/05/2023;3;77.900,00
4688;00021;1686;yogyakarta ;reseller;12/09/2024;10;59.200,00
2645;00015;1532;jawa tengah;toko;01/04/2024;11;62.800,00
3269;00052;1337;yogyakarta ;online;07/06/2024;8;163.100,00
2630;00034;1076;Jawa Timur;online;04/03/2024;7;69.200,00
4138;00036;1680; YOGYAKARTA;toko;01/01/2024;4;38.100,00
4223;00023;1652;Jawa Tengah;toko;01/09/2023;8;59.000,00
4430;00011;1342;yogyakarta ;reseller;21/10/2023;7;
4885;00046;1108;Jawa Barat;reseller;18/03/2023;6;59.400,00
1860;00053;1307; YOGYAKARTA;online;29/05/2023;11;58.600,00
1883;00040;1493;yogyakarta ;toko;02/10/2023;5;104.100,00
4599;00006;1324;yogyakarta ;toko;07/06/2023;1;278.700,00
4049;00054;1496;yogyakarta ;toko;01/05/2024;7;274.100,00
3857;00052;1070;jawa tengah;online;04/09/2023;10;160.600,00
2878;00030;1491;Yogyakarta;online;17/11/2024;5;117.400,00
1773;00059;1397;Jawa Barat;online;15/11/2024;10;118.700,00
4073;00045;1486;Jawa Timur;toko;18/10/2024;3;129.300,00
4314;00053;1678;Jawa Barat;toko;24/01/2023;11;43.200,00
3160;00056;1357;Yogyakarta;online;16/03/2024;3;141.600,00
9;00004;1633;jawa tengah;toko;04/05/2024;9;70.500,00
3099;00012;1026; YOGYAKARTA;reseller;24/11/2024;1;57.900,00
311;00055;1619;yogyakarta ;toko;02/01/2024;1;87.700,00
4243;00001;1775;yogyakarta ;online;30/10/2023;4;114.400,00
4162;00013;1593;Yogyakarta;toko;11/01/2024;3;88.800,00
2358;00029;1567;Jawa Timur;online;13/11/2024;3;58.200,00
2733;00040;1416;Jawa Barat;toko;17/04/2023;10;52.900,00
862;00044;1052;;online;11/10/2024;8;51.500,00
3497;00045;1612;jawa tengah;toko;14/12/2023;7;
991;00008;1154;Jawa Barat;toko;28/10/2023;3;
3478;00005;1699;Jawa Tengah;toko;18/04/2024;3;78.000,00
38;00037;1172; YOGYAKARTA;toko;09/05/2024;4;210.800,00
4918;00048;1335;Jawa Timur;online;24/02/2023;4;108.800,00
4012;00031;1570;Jawa Barat;toko;19/10/2024;9;141.100,00
7;00050;1162;yogyakarta ;online;27/10/2024;9;55.300,00
2987;00007;1653;Yogyakarta;reseller;05/01/2024;5;44.700,00
2783;00007;1008;jawa tengah;reseller;10/08/2023;2;88.500,00
3296;00041;1551;yogyakarta ;reseller;27/07/2023;2;80.100,00
177;00059;1784;jawa tengah;toko;14/03/2024;5;
2138;00038;1491;jawa tengah;toko;28/01/2023;11;70.300,00
2045;00046;1293;Yogyakarta;toko;24/12/2024;1;114.200,00
1821;00023;1428; YOGYAKARTA;online;31/10/2023;4;100.300,00
1339;00005;1423;Jawa Barat;toko;31/08/2024;10;383.900,00
4648;00002;1659;Yogyakarta;toko;13/05/2023;1;96.000,00
4126;00006;1053; YOGYAKARTA;toko;06/02/2023;11;214.300,00
3426;00047;1586;jawa tengah;online;01/09/2023;7;208.000,00
4046;00040;1589;jawa tengah;toko;30/11/2024;11;107.500,00
2544;00059;1487;jawa tengah;toko;20/09/2023;7;118.300,00
1443;00049;1534;Jawa Timur;toko;26/05/2023;4;111.500,00
405;00013;1365;Yogyakarta;reseller;02/12/2023;7;81.300,00
2771;00058;1209;Jawa Barat;toko;14/05/2023;5;77.600,00
4730;00045;1555;yogyakarta ;reseller;03/11/2023;4;44.600,00
2626;00005;1694;jawa tengah;toko;29/02/2024;3;169.600,00
2263;00053;1448;Jawa Tengah;reseller;29/08/2023;3;109.400,00
2077;00025;1087;Jawa Tengah;toko;23/07/2024;1;116.200,00
1489;00026;1530;Jawa Timur;toko;04/04/2023;5;159.800,00
2707;00019;1683;Jawa Tengah;toko;22/08/2024;5;77.300,00
1893;00019;1689; YOGYAKARTA;toko;02/12/2023;2;134.600,00
4474;00001;1165;Jawa Timur;toko;13/03/2024;9;84.300,00
2194;00001;1433; YOGYAKARTA;toko;15/11/2023;11;167.400,00
3755;00019;1621;yogyakarta ;online;25/11/2023;3;56.800,00
611;00013;1476;jawa tengah;reseller;17/12/2023;7;20.700,00
1420;00037;1658;Yogyakarta;reseller;24/04/2023;11;81.700,00
3479;00042;1147;jawa tengah;toko;02/07/2023;9;318.800,00
4693;00018;1026;Jawa Barat;online;24/03/2023;10;91.300,00
4158;00022;1565;Jawa Tengah;toko;11/09/2023;3;117.400,00
2369;00036;1546;jawa tengah;toko;03/06/2024;2;129.300,00
2030;00008;1753;Jawa Barat;reseller;13/10/2023;3;64.300,00
4423;00034;1045; YOGYAKARTA;reseller;17/03/2023;2;64.300,00
195;00043;1401;yogyakarta ;toko;25/09/2023;10;93.600,00
2550;00043;1403;Yogyakarta;reseller;06/02/2024;2;
1036;00041;1778; YOGYAKARTA;reseller;24/07/2024;10;42.000,00
4686;00043;1219;jawa tengah;toko;10/05/2024;6;84.600,00
3174;00050;1109;Jawa Timur;online;14/12/2023;8;135.800,00
3396;00039;1272;Jawa Barat;toko;15/04/2023;1;188.200,00
1851;00049;1395;Jawa Barat;online;24/01/2024;2;72.400,00
4334;00034;1687;yogyakarta ;toko;31/07/2023;8;126.100,00
4214;00030;1758;yogyakarta ;toko;07/07/2024;10;111.500,00
1705;00043;1188;jawa tengah;toko;20/09/2024;8;82.100,00
1689;00040;1109;Yogyakarta;toko;22/02/2024;9;43.300,00
2132;00025;1250;Jawa Timur;reseller;07/02/2024;6;56.400,00
3897;00053;1789;Yogyakarta;online;09/09/2023;8;86.700,00
4327;00016;1105;jawa tengah;online;19/02/2024;3;136.800,00
66;00001;1730;Jawa Tengah;online;27/03/2024;5;80.800,00
1690;00021;1500;Yogyakarta;online;20/02/2024;8;71.800,00
4872;00009;1246;jawa tengah;toko;15/02/2023;11;137.700,00
3481;00042;1524;Yogyakarta;toko;04/04/2023;4;60.300,00
3141;00037;1153;Jawa Tengah;online;22/03/2023;5;53.100,00
233;00044;1562;yogyakarta ;reseller;01/11/2024;4;
1096;00026;1613;yogyakarta ;toko;03/10/2023;-999;159.700,00
288;00052;1174; YOGYAKARTA;online;15/07/2024;11;117.300,00
4714;00011;1578;Jawa Timur;online;11/08/2024;8;125.000,00
4133;00046;1773;Jawa Timur;online;01/08/2023;1;132.500,00
2199;00024;1094;yogyakarta ;online;15/10/2024;3;67.600,00
529;00050;1310;Jawa Barat;toko;06/04/2024;11;60.500,00
837;00027;1079;Jawa Timur;reseller;29/07/2024;5;106.200,00
4233;00022;1151;yogyakarta ;toko;09/09/2023;2;
2954;00027;1756;yogyakarta ;toko;22/12/2023;6;96.800,00
3551;00025;1525;jawa tengah;toko;18/07/2023;7;134.200,00
4835;00046;1634;Yogyakarta;toko;20/01/2024;1;68.500,00
1733;00023;1111;Jawa Timur;online;12/03/2024;2;
2834;00020;1007;Yogyakarta;online;19/10/2023;9;118.100,00
2007;00023;1404;Yogyakarta;toko;25/10/2024;5;62.300,00
1667;00019;1374;Jawa Barat;online;01/08/2024;7;58.900,00
238;00025;1749; YOGYAKARTA;toko;29/01/2024;4;248.400,00
3235;00047;1134; YOGYAKARTA;online;24/04/2023;1;73.700,00
1587;00021;1232;Jawa Tengah;reseller;09/04/2024;1;119.600,00
1438;00041;1131;Jawa Timur;online;09/01/2024;1;65.600,00
3304;00043;1207;Jawa Tengah;online;03/08/2024;1;157.400,00
4300;00055;1165;Jawa Timur;reseller;14/11/2024;1;25.800,00
1752;00013;1680; YOGYAKARTA;online;29/11/2023;8;135.600,00
2337;00006;1123;Jawa Barat;reseller;09/03/2023;6;
2760;00044;1483;Jawa Barat;toko;06/03/2023;-999;55.400,00
3538;00050;1424;yogyakarta ;toko;26/12/2023;1;18.200,00
3110;00032;1002;Jawa Barat;toko;19/11/2024;2;221.300,00
114;00049;1360;yogyakarta ;toko;26/02/2023;2;128.300,00
4060;00016;1707; YOGYAKARTA;toko;04/09/2024;8;94.800,00
60;00031;1569;Yogyakarta;toko;26/07/2023;3;94.600,00
3690;00050;1450;Yogyakarta;reseller;19/02/2023;8;106.700,00
1768;00019;1401; YOGYAKARTA;toko;07/10/2023;-999;79.000,00
1404;00045;1521;Jawa Barat;toko;10/09/2023;4;194.900,00
3541;00055;1308; YOGYAKARTA;toko;21/09/2023;6;
3285;00021;1436;yogyakarta ;reseller;10/07/2024;10;54.400,00
257;00007;1586;Yogyakarta;online;19/10/2023;5;189.000,00
1503;00036;1063;yogyakarta ;online;27/12/2023;2;
3920;00030;1245;jawa tengah;toko;16/09/2023;10;201.600,00
4303;00030;1552;Jawa Barat;toko;19/04/2023;11;23.800,00
834;00050;1351;Jawa Barat;toko;22/07/2023;6;138.900,00
752;00058;1506;Jawa Tengah;online;04/07/2024;7;85.600,00
1330;00028;1220;jawa tengah;reseller;18/01/2024;-999;48.500,00
4293;00011;1383;Jawa Barat;online;02/03/2024;3;17.500,00
4259;00032;1003;Yogyakarta;toko;21/09/2023;9;119.300,00
4062;00046;1230; YOGYAKARTA;toko;06/05/2024;1;42.200,00
4088;00033;1744;yogyakarta ;online;09/05/2024;8;78.000,00
616;00025;1065; YOGYAKARTA;toko;14/12/2024;4;347.400,00
2104;00032;1258;Jawa Barat;online;18/11/2024;5;51.600,00
4734;00009;1123;jawa tengah;toko;03/03/2024;1;155.400,00
1389;00011;1503;Yogyakarta;toko;12/11/2023;2;46.000,00
1637;00013;1056;Jawa Tengah;toko;12/02/2024;6;72.700,00
4124;00039;1280;Yogyakarta;online;25/03/2024;5;60.000,00
3608;00019;1391;Jawa Barat;reseller;08/12/2023;11;82.200,00
3746;00054;1108;jawa tengah;online;05/03/2023;10;55.700,00
1869;00007;1737;Jawa Tengah;online;31/12/2023;9;66.600,00
3003;00019;1361;Jawa Tengah;reseller;23/01/2024;10;74.800,00
67;00006;1385;Yogyakarta;toko;24/04/2023;3;154.000,00
2552;00028;1557;Jawa Barat;online;08/08/2023;3;107.100,00
2876;00021;1693;Jawa Tengah;online;20/07/2023;2;84.100,00
2875;00034;1041;Yogyakarta;toko;20/06/2023;1;59.200,00
1728;00020;1350;Jawa Timur;toko;28/01/2024;4;38.200,00
3341;00018;1177; YOGYAKARTA;online;03/02/2023;8;140.300,00
2744;00045;1398;yogyakarta ;reseller;04/02/2024;5;98.300,00
3034;00038;1186;yogyakarta ;online;08/07/2023;6;50.900,00
3117;00039;1266;Yogyakarta;online;06/08/2023;5;46.600,00
3928;00030;1260;Jawa Timur;toko;03/09/2024;4;189.900,00
3696;00047;1460; YOGYAKARTA;toko;06/09/2024;7;91.300,00
88;00050;1208;Yogyakarta;toko;29/09/2024;6;74.500,00
1468;00005;1142;Yogyakarta;toko;28/04/2023;5;66.300,00
4679;00031;1123;yogyakarta ;toko;07/05/2023;5;66.600,00
4978;00036;1434;Jawa Tengah;online;07/02/2024;7;68.500,00
3303;00023;1697;Yogyakarta;reseller;07/12/2024;4;56.100,00
602;00038;1735;Yogyakarta;toko;21/03/2023;9;118.600,00
2042;00040;1790;yogyakarta ;reseller;08/06/2023;8;84.800,00
3829;00020;1766;Jawa Timur;toko;08/10/2024;6;33.000,00
1273;00054;1214;yogyakarta ;online;13/06/2024;9;92.000,00
856;00025;1371;Jawa Barat;toko;14/11/2024;2;52.700,00
345;00025;1373;Jawa Barat;toko;08/06/2024;1;167.900,00
4545;00001;1182;Jawa Barat;toko;18/07/2023;2;103.300,00
2332;00049;1421;;online;05/03/2024;10;167.700,00
1465;00030;1666;Yogyakarta;online;27/08/2024;7;106.100,00
168;00011;1648; YOGYAKARTA;online;02/12/2024;9;39.700,00
2787;00026;1142;jawa tengah;toko;27/08/2024;5;160.700,00
2937;00044;1688;Jawa Tengah;online;13/05/2024;6;111.700,00
2299;00012;1681;Jawa Tengah;online;12/07/2023;9;393.200,00
309;00008;1705;Yogyakarta;toko;05/09/2023;9;84.700,00
1935;00053;1030;Jawa Timur;toko;02/07/2024;10;270.400,00
2928;00003;1735;Jawa Tengah;toko;09/10/2024;2;106.100,00
731;00029;1330;jawa tengah;toko;23/05/2023;9;
3366;00040;1037;yogyakarta ;online;30/10/2024;9;115.600,00
2528;00042;1201;yogyakarta ;reseller;17/03/2024;6;117.200,00
770;00014;1648;yogyakarta ;toko;12/03/2023;7;51.900,00
2264;00020;1629;yogyakarta ;online;25/11/2023;6;74.700,00
3133;00048;1049; YOGYAKARTA;online;18/09/2023;6;147.800,00
978;00056;1295;yogyakarta ;toko;08/05/2023;4;117.100,00
2615;00055;1150;Yogyakarta;online;15/11/2023;4;77.200,00
4726;00016;1729;jawa tengah;toko;11/12/2024;2;56.000,00
2023;00044;1148;jawa tengah;toko;31/08/2024;8;91.600,00
1260;00003;1027;Jawa Timur;toko;30/09/2024;10;73.000,00
292;00055;1351;Jawa Tengah;online;17/11/2023;6;77.300,00
4020;00006;1252;jawa tengah;toko;17/04/2023;11;128.700,00
1730;00020;1551; YOGYAKARTA;reseller;20/06/2023;2;78.500,00
3612;00015;1515; YOGYAKARTA;online;14/10/2023;3;191.800,00
1251;00025;1448;yogyakarta ;online;31/05/2023;9;56.200,00
542;00037;1512;Yogyakarta;reseller;16/09/2023;10;91.700,00
3689;00058;1441;yogyakarta ;online;12/06/2023;5;105.900,00
642;00059;1271;jawa tengah;toko;26/11/2024;11;74.800,00
2172;00030;1124;Jawa Barat;online;18/07/2023;11;163.500,00
217;00051;1292;Jawa Timur;toko;22/10/2023;7;154.300,00
720;00040;1339; YOGYAKARTA;online;29/01/2024;8;190.800,00
2976;00044;1275;Jawa Timur;toko;30/12/2023;2;374.900,00
3973;00050;1200;Jawa Barat;toko;10/06/2024;2;175.000,00
2739;00017;1489;Jawa Tengah;toko;09/05/2024;3;42.300,00
634;00055;1356;Jawa Barat;toko;25/08/2024;8;48.700,00
174;00034;1688;Jawa Timur;online;25/02/2023;2;86.600,00
3286;00011;1117;Jawa Barat;toko;11/10/2024;4;30.200,00
390;00010;1247;Jawa Tengah;online;08/08/2023;9;21.000,00
1238;00048;1081; YOGYAKARTA;toko;20/06/2024;5;81.400,00
4167;00013;1234;Jawa Tengah;toko;14/04/2023;7;74.600,00
3969;00009;1768;Jawa Tengah;toko;24/10/2023;8;567.300,00
4263;00050;1080; YOGYAKARTA;online;08/06/2024;9;65.900,00
2372;00048;1337;Jawa Barat;reseller;04/07/2024;9;130.800,00
401;00038;1553;Yogyakarta;toko;20/02/2024;10;281.100,00
4482;00036;1108;Jawa Timur;toko;26/09/2023;10;56.900,00
754;00013;1031;yogyakarta ;online;24/09/2023;11;84.900,00
3211;00026;1629;Jawa Timur;online;12/03/2023;4;52.300,00
3314;00026;1144;Jawa Timur;toko;26/03/2023;8;115.600,00
2475;00001;1037;jawa tengah;toko;10/07/2024;7;119.700,00
1028;00044;1477;Jawa Timur;toko;18/02/2024;1;76.400,00
4500;00041;1248;Jawa Barat;toko;14/12/2024;7;86.200,00
2966;00014;1296; YOGYAKARTA;online;26/01/2024;7;286.300,00
1698;00042;1732;Jawa Timur;online;23/02/2023;8;90.800,00
1208;00005;1713;Yogyakarta;reseller;13/01/2023;3;88.200,00
4464;00015;1038;yogyakarta ;online;23/01/2023;9;93.700,00
3639;00030;1032; YOGYAKARTA;toko;16/11/2024;11;232.200,00
357;00053;1133;jawa tengah;toko;14/03/2024;6;42.000,00
1425;00049;1244;Jawa Barat;toko;31/12/2023;6;44.400,00
3866;00018;1215;Jawa Tengah;reseller;01/07/2024;3;160.900,00
2996;00017;1160;yogyakarta ;toko;23/06/2024;7;120.300,00
2946;00016;1424;Jawa Tengah;online;03/07/2024;11;158.600,00
1051;00053;1478;yogyakarta ;online;03/06/2024;8;70.200,00
4618;00007;1340; YOGYAKARTA;online;26/04/2024;5;162.600,00
3447;00008;1007;Jawa Timur;online;14/07/2023;1;215.600,00
2295;00049;1248;Jawa Timur;online;24/08/2023;8;185.400,00
201;00025;1149; YOGYAKARTA;online;14/02/2024;5;95.700,00
2155;00047;1415; YOGYAKARTA;toko;04/07/2024;9;
764;00019;1277;Jawa Tengah;toko;09/02/2023;3;27.800,00
4431;00014;1075;Yogyakarta;online;25/09/2023;10;117.100,00
4438;00029;1054;jawa tengah;toko;09/02/2023;8;114.800,00
2398;00006;1093; YOGYAKARTA;toko;04/12/2023;5;77.900,00
3450;00013;1229;yogyakarta ;online;17/11/2024;11;70.300,00
1738;00005;1725;Jawa Tengah;toko;28/08/2023;2;251.500,00
3094;00022;1367;Jawa Barat;reseller;05/09/2023;11;54.900,00
2216;00008;1370; YOGYAKARTA;online;19/10/2023;2;56.000,00
1432;00016;1034;Jawa Barat;reseller;13/11/2023;-999;27.800,00
2203;00045;1245;Jawa Timur;toko;11/05/2023;9;64.800,00
2462;00022;1005;Jawa Tengah;online;08/12/2024;3;116.800,00
1866;00056;1336;Jawa Barat;online;03/07/2024;1;206.600,00
272;00027;1015;jawa tengah;toko;13/12/2024;2;168.600,00
4701;00054;1027;jawa tengah;toko;21/06/2024;8;238.300,00
3223;00016;1703;jawa tengah;toko;11/11/2023;6;80.800,00
4919;00019;1605;Jawa Tengah;toko;30/04/2023;8;144.200,00
1612;00053;1755;jawa tengah;reseller;04/04/2024;2;108.900,00
2686;00028;1567; YOGYAKARTA;online;21/04/2023;4;299.600,00
2649;00043;1363;jawa tengah;online;04/04/2023;-999;197.300,00
1201;00043;1167;Jawa Barat;toko;10/03/2024;5;34.600,00
2503;00049;1319; YOGYAKARTA;online;11/02/2023;6;65.000,00
373;00011;1237;Jawa Timur;online;13/07/2024;2;105.200,00
807;00018;1586;Jawa Tengah;toko;12/04/2023;5;162.600,00
1313;00025;1777;Jawa Timur;toko;09/06/2024;10;76.000,00
3905;00008;1295;Jawa Timur;online;13/01/2024;5;22.400,00
2989;00009;1790;Jawa Barat;toko;09/04/2024;1;56.900,00
223;00047;1781;Jawa Barat;toko;03/05/2024;2;78.200,00
2729;00029;1024;yogyakarta ;toko;15/10/2024;8;44.500,00
1659;00026;1249; YOGYAKARTA;toko;26/02/2023;7;63.500,00
4169;00002;1269;Jawa Barat;online;05/11/2024;1;130.400,00
601;00019;1120;Jawa Tengah;toko;07/08/2024;11;106.700,00
2365;00051;1593;yogyakarta ;reseller;06/06/2023;8;189.400,00
1675;00010;1149;Yogyakarta;online;29/01/2023;8;99.400,00
3598;00050;1668;Jawa Barat;reseller;17/12/2024;4;80.200,00
4799;00059;1366;jawa tengah;toko;19/03/2024;6;62.400,00
3402;00012;1670;yogyakarta ;online;18/01/2023;3;97.500,00
1617;00013;1638;Jawa Barat;toko;08/12/2023;7;83.200,00
4843;00038;1478; YOGYAKARTA;toko;13/07/2023;11;178.400,00
3699;00048;1334; YOGYAKARTA;online;13/07/2023;11;99.500,00
3078;00032;1035;Jawa Barat;toko;17/09/2024;1;38.000,00
4640;00016;1488; YOGYAKARTA;online;25/05/2024;10;137.200,00
4078;00024;1251;jawa tengah;toko;19/03/2024;8;68.800,00
4960;00040;1576;yogyakarta ;online;08/08/2024;5;111.000,00
909;00039;1235;yogyakarta ;toko;02/07/2023;11;51.000,00
2665;00023;1601;Jawa Barat;toko;20/04/2024;10;53.700,00
4702;00055;1506;Jawa Barat;online;23/10/2024;1;53.200.000,00
1004;00049;1651;Jawa Barat;reseller;26/11/2024;-999;48.600,00
2501;00011;1760;Yogyakarta;online;03/02/2024;6;287.100,00
2479;00042;1617;Jawa Timur;toko;31/08/2024;8;
932;00023;1053;jawa tengah;online;19/10/2024;9;127.800,00
4540;00042;1733;Jawa Barat;toko;11/04/2023;7;46.200,00
3626;00029;1546;jawa tengah;online;06/10/2023;2;174.300,00
3739;00022;1663;Jawa Tengah;online;20/05/2023;1;102.900,00
4349;00011;1748;Yogyakarta;toko;21/10/2023;3;142.900,00
3981;00039;1512;Yogyakarta;online;22/12/2024;3;104.700,00
696;00055;1757;Jawa Timur;online;16/01/2024;1;34.800,00
3210;00023;1400;Jawa Tengah;toko;21/09/2024;7;215.400,00
1873;00024;1431;Jawa Barat;toko;13/10/2024;9;163.400,00
4925;00036;1591; YOGYAKARTA;toko;13/02/2023;1;107.800,00
4664;00058;1588;Yogyakarta;toko;03/08/2024;2;146.900,00
3019;00052;1034;Jawa Barat;online;18/10/2024;4;109.300,00
2962;00005;1461;Yogyakarta;reseller;15/03/2023;2;75.600,00
3881;00024;1388;yogyakarta ;online;23/08/2024;11;17.000,00
3292;00039;1095;Jawa Barat;reseller;07/10/2024;6;39.900,00
2655;00001;1501;yogyakarta ;online;03/10/2023;6;95.000,00
4404;00017;1060;yogyakarta ;toko;08/10/2024;8;145.900,00
1750;00026;1290;Jawa Barat;online;16/09/2023;11;48.800,00
2862;00057;1212;Jawa Timur;online;02/06/2024;4;63.700,00
3797;00016;1616;Jawa Tengah;reseller;09/10/2023;10;77.000,00
3510;00014;1378;yogyakarta ;online;15/11/2024;6;95.900,00
796;00010;1437;Yogyakarta;reseller;09/11/2024;3;55.700,00
4754;00002;1273; YOGYAKARTA;online;28/01/2024;10;159.200,00
4399;00044;1282; YOGYAKARTA;reseller;09/09/2023;5;45.700,00
1847;00022;1120;Jawa Barat;online;16/03/2024;4;178.200,00
1974;00023;1428;jawa tengah;reseller;28/10/2024;2;83.700,00
4087;00053;1613;Yogyakarta;online;20/06/2023;7;123.500,00
3531;00012;1202; YOGYAKARTA;toko;24/11/2023;9;119.600,00
100;00052;1197;Jawa Barat;toko;27/09/2023;3;66.900,00
3616;00011;1565;Jawa Tengah;toko;07/01/2024;5;156.300,00
1633;00006;1240; YOGYAKARTA;reseller;01/03/2024;10;162.900,00
2354;00008;1409;jawa tengah;reseller;19/02/2024;4;125.100,00
1693;00045;1093;Jawa Tengah;toko;18/10/2024;5;219.400,00
1333;00022;1123; YOGYAKARTA;reseller;03/01/2023;2;89.600,00
3029;00025;1375;Jawa Tengah;online;25/02/2024;11;129.800,00
3028;00036;1588;Jawa Barat;online;16/06/2024;10;165.100,00
566;00004;1462;jawa tengah;reseller;27/01/2024;9;246.000,00
4407;00011;1059;yogyakarta ;toko;19/12/2024;8;52.300,00
3144;00020;1747;Jawa Barat;toko;08/01/2024;6;106.000,00
352;00025;1107;Yogyakarta;online;29/07/2024;1;25.300,00
3537;00020;1798;yogyakarta ;toko;15/09/2023;6;208.700,00
3048;00037;1212;Jawa Timur;online;20/11/2024;9;94.400,00
37;00042;1797;jawa tengah;toko;07/06/2023;3;84.900,00
1454;00051;1578;Jawa Tengah;online;03/06/2024;3;70.600,00
2006;00037;1775;jawa tengah;toko;20/08/2024;4;159.100,00
3873;00019;1317;Yogyakarta;reseller;04/11/2023;6;96.700,00
3045;00037;1606;Jawa Barat;online;03/08/2024;6;58.900,00
826;00057;1114;Yogyakarta;toko;06/09/2023;6;38.200,00
3785;00059;1017;Jawa Barat;reseller;23/07/2024;7;53.900,00
124;00038;1211;yogyakarta ;online;20/01/2023;4;
4258;00043;1353;Jawa Barat;toko;22/06/2023;2;212.100,00
1703;00019;1534;Jawa Tengah;reseller;20/12/2024;10;87.400,00
4760;00053;1017;jawa tengah;online;25/07/2023;7;118.600,00
366;00052;1466;yogyakarta ;toko;19/08/2023;2;99.800,00
285;00050;1425;yogyakarta ;reseller;31/03/2023;10;248.100,00
488;00039;1345;Jawa Timur;online;22/03/2023;1;65.100,00
2219;00035;1208;Jawa Barat;toko;12/08/2023;2;196.000,00
1249;00043;1690;yogyakarta ;toko;05/03/2024;5;126.400,00
4351;00057;1541;Jawa Barat;toko;10/01/2023;3;54.400,00
3702;00023;1292;yogyakarta ;toko;04/03/2024;3;58.200,00
4524;00004;1619;Jawa Tengah;toko;03/08/2023;7;
1982;00037;1217;Jawa Tengah;toko;16/11/2024;1;42.600,00
874;00027;1033;;toko;13/02/2023;2;80.100,00
2304;00035;1335;Jawa Barat;online;01/08/2024;7;71.100,00
3884;00046;1517;Jawa Tengah;online;28/05/2024;11;66.900,00
569;00056;1227; YOGYAKARTA;toko;20/01/2024;7;64.700,00
613;00009;1131;Jawa Timur;online;20/12/2023;6;160.200,00
346;00038;1013; YOGYAKARTA;toko;01/01/2024;3;55.200,00
4370;00055;1147;jawa tengah;reseller;24/10/2023;2;
3940;00042;1655; YOGYAKARTA;toko;28/05/2023;5;54.200,00
4432;00046;1420; YOGYAKARTA;toko;31/12/2023;8;200.100,00
3002;00039;1651;Jawa Tengah;online;09/03/2024;6;114.600,00
2166;00059;1746;yogyakarta ;online;06/10/2024;3;51.800,00
2440;00006;1156;yogyakarta ;online;19/02/2024;11;106.600,00
1423;00035;1321;Jawa Tengah;toko;12/01/2023;3;180.300,00
2568;00018;1762;Yogyakarta;toko;16/06/2024;4;74.400,00
2828;00018;1753;jawa tengah;online;14/05/2024;9;93.200,00
3880;00038;1230;jawa tengah;online;13/05/2023;7;182.300,00
2017;00021;1505;yogyakarta ;toko;26/03/2023;10;146.700,00
599;00036;1448;yogyakarta ;online;07/12/2023;10;57.300,00
4055;00043;1623; YOGYAKARTA;online;14/10/2024;6;82.800,00
2663;00027;1463;jawa tengah;toko;15/11/2023;3;74.500,00
1089;00024;1043;Jawa Timur;toko;22/09/2023;6;50.000,00
918;00044;1796;Yogyakarta;toko;26/06/2023;7;66.200,00
1812;00031;1565;Jawa Timur;toko;05/01/2024;7;100.700,00
4449;00052;1278;yogyakarta ;online;17/04/2024;8;157.000,00
2899;00035;1043;Yogyakarta;online;23/09/2024;6;74.200,00
167;00003;1453;Jawa Barat;reseller;13/10/2024;3;134.500,00
2261;00018;1659;yogyakarta ;online;16/08/2024;7;97.400,00
841;00003;1105; YOGYAKARTA;reseller;19/06/2023;5;
2321;00041;1162;jawa tengah;toko;19/04/2023;4;103.300,00
1269;00045;1518;Yogyakarta;online;28/01/2024;4;124.300,00
3671;00049;1127;jawa tengah;toko;21/08/2024;3;101.400,00
1550;00015;1724;jawa tengah;toko;04/10/2023;10;170.200,00
3753;00019;1073;Jawa Barat;reseller;09/03/2024;2;122.100,00
4593;00009;1137;Jawa Barat;online;28/11/2024;7;118.300,00
540;00050;1672;jawa tengah;toko;15/03/2023;10;87.900,00
695;00015;1078; YOGYAKARTA;online;13/09/2023;10;90.000,00
4271;00016;1513;Jawa Timur;online;20/06/2024;2;85.000,00
1515;00051;1433; YOGYAKARTA;online;26/02/2023;5;94.700,00
2448;00059;1268;Jawa Barat;online;20/10/2024;4;80.300,00
2968;00007;1150;jawa tengah;reseller;24/09/2024;7;141.500,00
4356;00038;1305;Jawa Tengah;reseller;12/08/2023;7;90.700,00
4130;00046;1357;Jawa Timur;toko;24/08/2024;5;69.700,00
3236;00031;1099;Jawa Barat;toko;26/01/2023;3;
2110;00051;1671; YOGYAKARTA;toko;23/06/2024;11;28.800,00
1824;00048;1514;Yogyakarta;toko;29/06/2024;2;38.600,00
780;00045;1732;jawa tengah;toko;19/07/2024;11;67.300,00
1186;00057;1387;Jawa Barat;toko;30/07/2024;3;48.600,00
2737;00022;1694;Jawa Timur;online;21/02/2024;10;37.400,00
4512;00058;1111;Yogyakarta;online;11/09/2024;11;139.900,00
894;00045;1321; YOGYAKARTA;toko;15/08/2024;5;112.800,00
3423;00038;1202;Yogyakarta;online;12/02/2024;2;56.900,00
3140;00016;1436;Jawa Barat;online;11/12/2024;10;219.200,00
1568;00058;1734;Jawa Barat;reseller;22/06/2024;6;251.000,00
4066;00001;1328;Jawa Barat;reseller;10/02/2023;7;
1854;00043;1703; YOGYAKARTA;toko;23/06/2024;4;108.900,00
4226;00051;1738;Yogyakarta;reseller;11/11/2024;8;116.500,00
2469;00018;1455;jawa tengah;toko;25/04/2023;2;105.300,00
1996;00011;1014;jawa tengah;online;16/06/2023;2;44.600,00
3959;00022;1708;Jawa Tengah;online;23/01/2023;10;64.400,00
2488;00003;1741;Yogyakarta;toko;01/02/2024;1;48.200,00
4921;00035;1192;jawa tengah;toko;14/12/2023;1;78.500,00
1640;00026;1077;Jawa Barat;online;06/04/2023;5;136.100,00
2627;00017;1356;jawa tengah;reseller;09/05/2023;11;95.900,00
1878;00004;1406;Yogyakarta;online;24/08/2024;8;110.800,00
778;00049;1173;jawa tengah;toko;28/12/2024;8;43.000,00
293;00006;1545; YOGYAKARTA;toko;20/10/2024;10;115.800,00
2508;00003;1689;Jawa Barat;toko;26/09/2023;7;91.800,00
35;00048;1496;yogyakarta ;toko;17/07/2023;8;42.000,00
3167;00052;1119;jawa tengah;toko;28/11/2024;4;177.500,00
543;00051;1720;Jawa Tengah;toko;10/02/2024;3;52.900,00
2930;00056;1598;Jawa Barat;online;01/10/2024;9;68.000,00
1565;00051;1668;Jawa Tengah;toko;30/12/2024;7;111.000,00
998;00030;1353;jawa tengah;toko;28/12/2023;5;164.900,00
2305;00024;1590;Jawa Barat;toko;10/10/2023;1;94.100,00
2419;00053;1545;Jawa Tengah;toko;24/04/2023;1;129.400,00
81;00032;1558;yogyakarta ;toko;06/04/2024;1;91.500,00
3421;00019;1759; YOGYAKARTA;toko;26/11/2024;3;105.600,00
3535;00010;1461;Jawa Tengah;online;15/05/2024;2;275.000,00
1595;00050;1293;Jawa Tengah;toko;17/06/2024;4;48.000,00
497;00041;1300;yogyakarta ;reseller;08/12/2024;3;179.700,00
729;00042;1774;jawa tengah;reseller;11/05/2023;5;80.900,00
1652;00048;1132;Jawa Timur;toko;06/12/2024;8;126.600,00
4817;00027;1528;Yogyakarta;online;05/05/2023;7;
3070;00012;1262;Jawa Barat;reseller;14/02/2024;9;152.300,00
2750;00049;1682;jawa tengah;online;30/08/2024;8;27.400,00
3259;00035;1330;Jawa Barat;toko;06/05/2023;10;71.900,00
4239;00014;1112;Yogyakarta;toko;20/11/2023;8;66.200,00
2494;00039;1558;Jawa Barat;reseller;27/12/2024;2;173.200,00
2841;00047;1598;jawa tengah;reseller;25/01/2023;8;46.500,00
2539;00026;1415;Jawa Tengah;toko;24/08/2023;6;63.500,00
3966;00047;1363;Yogyakarta;toko;19/08/2023;8;175.300,00
2021;00054;1242; YOGYAKARTA;toko;02/05/2024;2;79.600,00
2982;00019;1715;jawa tengah;reseller;14/06/2023;1;
1682;00003;1656;yogyakarta ;online;05/01/2024;4;
3912;00016;1064;Jawa Timur;online;26/12/2024;4;36.000,00
1263;00009;1716;Jawa Tengah;reseller;18/03/2023;8;106.000,00
4970;00056;1180; YOGYAKARTA;toko;27/05/2023;6;56.600,00
3795;00041;1716;Jawa Timur;toko;22/06/2024;8;42.000,00
3552;00054;1796;yogyakarta ;toko;30/06/2023;8;18.100,00
1009;00048;1327;jawa tengah;online;20/10/2024;11;51.900,00
3022;00018;1579;Jawa Barat;toko;03/04/2024;4;92.200,00
2481;00003;1219;Jawa Timur;online;26/04/2023;8;72.700,00
989;00056;1508;yogyakarta ;toko;23/08/2024;1;324.600,00
1961;00038;1573;Jawa Timur;toko;04/11/2024;7;95.700,00
2324;00029;1022;jawa tengah;reseller;01/05/2024;9;50.200,00
1047;00018;1762;Jawa Barat;online;01/09/2024;8;
1300;00057;1496;Jawa Barat;online;07/11/2023;2;
2595;00015;1129;Jawa Timur;toko;11/06/2023;9;92.800,00
282;00044;1393;Jawa Timur;toko;29/06/2023;10;83.800,00
71;00053;1315; YOGYAKARTA;toko;18/05/2023;3;132.400,00
472;00002;1375;Jawa Barat;online;07/10/2023;4;67.100,00
1360;00052;1336;jawa tengah;toko;30/06/2023;3;90.200,00
4761;00041;1603;Jawa Barat;toko;05/06/2024;4;86.800,00
1655;00030;1446;yogyakarta ;toko;01/12/2023;5;50.400,00
1527;00023;1682;Jawa Timur;online;28/08/2024;9;60.000,00
646;00043;1307;Jawa Timur;online;19/06/2023;4;125.500,00
2973;00026;1252;yogyakarta ;toko;25/03/2024;4;282.000,00
2758;00059;1025;jawa tengah;reseller;28/02/2023;3;59.100,00
963;00038;1475;yogyakarta ;toko;29/09/2023;11;85.900,00
4318;00050;1324;Jawa Tengah;toko;21/02/2023;5;116.400,00
3343;00040;1409;Jawa Timur;toko;01/11/2023;9;82.200,00
2776;00002;1220; YOGYAKARTA;toko;16/11/2023;2;96.800,00
2384;00031;1093;jawa tengah;toko;09/09/2023;2;123.800,00
1518;00008;1352;Yogyakarta;online;16/12/2023;5;60.100,00
1656;00014;1076;Jawa Tengah;toko;09/07/2023;1;
3275;00008;1554; YOGYAKARTA;toko;17/06/2024;2;413.400,00
2589;00045;1463; YOGYAKARTA;reseller;22/03/2024;7;121.000,00
943;00042;1404;jawa tengah;online;03/09/2024;6;249.200,00
383;00058;1344;Jawa Barat;online;26/05/2024;8;211.600,00
2531;00025;1294;Yogyakarta;online;24/02/2024;5;142.600,00
4988;00026;1496;yogyakarta ;reseller;22/06/2023;10;
2933;00042;1386;Jawa Barat;reseller;08/05/2023;6;84.500,00
240;00049;1175;Yogyakarta;toko;30/01/2024;11;54.500,00
727;00049;1537;yogyakarta ;toko;01/11/2024;7;158.400,00
1006;00049;1575;Jawa Barat;toko;31/08/2023;11;105.300,00
3508;00049;1775;Yogyakarta;toko;17/07/2024;8;73.800,00
4516;00032;1056;jawa tengah;toko;24/06/2024;9;186.200,00
4274;00023;1502;Jawa Timur;toko;12/07/2023;8;95.300,00
4488;00042;1159; YOGYAKARTA;online;01/07/2024;6;92.900,00
2252;00047;1678;yogyakarta ;toko;15/09/2024;4;87.600,00
4354;00006;1155;yogyakarta ;reseller;01/07/2024;3;72.600,00
2767;00045;1529;Jawa Barat;online;05/04/2024;11;34.100,00
4455;00054;1783;yogyakarta ;toko;01/01/2024;11;68.400,00
4069;00024;1590;Jawa Timur;toko;26/08/2023;7;108.400,00
1787;00031;1787;Jawa Tengah;reseller;03/04/2024;6;67.200,00
3491;00052;1657; YOGYAKARTA;online;20/12/2023;1;86.200,00
2099;00026;1411;Jawa Timur;online;30/04/2023;7;99.800,00
2291;00006;1116;Jawa Barat;reseller;24/09/2023;11;66.900,00
2458;00059;1344;Jawa Barat;toko;16/12/2023;5;47.100,00
2617;00006;1562;jawa tengah;toko;14/05/2024;10;150.300,00
1711;00036;1076;yogyakarta ;online;20/01/2023;11;325.400,00
2375;00038;1110;jawa tengah;toko;29/02/2024;9;107.500,00
218;00021;1053; YOGYAKARTA;online;29/10/2024;4;83.900,00
1556;00036;1386; YOGYAKARTA;reseller;12/11/2024;10;79.600,00
649;00023;1015;Jawa Tengah;reseller;26/05/2024;6;162.800,00
3945;00024;1263;Jawa Tengah;reseller;13/11/2023;11;58.500,00
1416;00029;1640;Jawa Tengah;reseller;01/11/2024;4;196.700,00
4909;00033;1167;Jawa Barat;online;23/04/2023;1;334.500,00
48;00003;1339;Jawa Tengah;online;20/09/2024;8;174.300,00
3347;00053;1004;yogyakarta ;toko;24/07/2024;4;282.400,00
4324;00008;1539;Jawa Tengah;online;29/09/2023;7;244.000,00
2642;00044;1121;Jawa Barat;online;26/01/2023;6;52.100,00
2805;00011;1529;Jawa Tengah;online;18/04/2023;10;89.200,00
146;00052;1611;jawa tengah;toko;28/05/2024;2;56.200,00
289;00023;1408;yogyakarta ;toko;01/02/2023;2;55.800,00
3106;00026;1010;yogyakarta ;toko;31/10/2024;8;
4032;00054;1052;yogyakarta ;reseller;16/07/2024;2;38.800,00
1349;00049;1708;jawa tengah;online;06/11/2023;10;217.700,00
560;00049;1316;Yogyakarta;toko;27/03/2024;6;53.200,00
3846;00018;1190; YOGYAKARTA;toko;01/05/2023;3;179.200,00
59;00027;1792;jawa tengah;online;03/05/2024;11;
1939;00051;1030;yogyakarta ;online;16/05/2024;6;67.000,00
797;00024;1217; YOGYAKARTA;toko;01/02/2024;4;172.300,00
368;00031;1702;Yogyakarta;reseller;11/08/2024;8;94.400,00
221;00032;1032;jawa tengah;toko;31/05/2024;11;116.000,00
1231;00006;1215;Jawa Barat;online;23/11/2024;9;236.100,00
2280;00033;1121; YOGYAKARTA;reseller;14/12/2023;2;65.800,00
926;00030;1291;Jawa Timur;online;18/08/2024;1;86.100,00
2913;00009;1794;Yogyakarta;toko;11/09/2024;8;53.500,00
147;00006;1614;jawa tengah;online;28/01/2023;6;63.400,00
2624;00039;1089;Jawa Timur;online;23/09/2023;9;206.100,00
1844;00019;1428;Yogyakarta;toko;20/10/2024;5;36.400,00
3760;00001;1122;Yogyakarta;toko;06/05/2023;8;54.600,00
4363;00003;1760;Jawa Timur;online;27/10/2024;1;59.600,00
84;00052;1555;Yogyakarta;toko;20/01/2023;8;49.900,00
244;00038;1317; YOGYAKARTA;toko;22/04/2023;6;26.900,00
3975;00053;1268;jawa tengah;online;04/11/2024;8;297.200,00
2292;00028;1213;Jawa Barat;toko;31/07/2023;1;140.800,00
2819;00049;1679;Jawa Timur;toko;19/05/2024;8;170.400,00
1077;00047;1104;jawa tengah;online;20/07/2023;2;124.100,00
4140;00012;1438;Jawa Barat;toko;31/03/2023;5;76.400,00
4517;00028;1322;jawa tengah;online;18/12/2024;3;
4227;00028;1369;Yogyakarta;online;17/11/2024;9;56.900,00
182;00003;1393;Yogyakarta;reseller;04/07/2024;7;139.500,00
795;00047;1511;Jawa Barat;reseller;19/06/2023;2;121.300,00
4906;00034;1614;Jawa Tengah;online;27/07/2024;3;53.000,00
4067;00052;1628;Jawa Timur;online;05/01/2024;11;61.000,00
576;00032;1690;Jawa Timur;toko;17/01/2023;-999;88.000,00
3978;00016;1676;yogyakarta ;online;13/04/2023;1;73.900,00
2939;00018;1295; YOGYAKARTA;toko;21/04/2023;10;278.300,00
1132;00047;1275; YOGYAKARTA;online;06/10/2023;9;108.200,00
520;00018;1454;Jawa Tengah;online;21/01/2024;7;63.800,00
4658;00045;1073;Jawa Barat;toko;12/09/2023;11;56.400,00
3533;00020;1346;jawa tengah;online;02/03/2023;5;393.600,00
4372;00010;1616;jawa tengah;online;11/03/2024;6;220.200,00
304;00048;1769; YOGYAKARTA;toko;10/04/2023;9;73.300,00
1106;00009;1436;Jawa Timur;reseller;04/08/2023;8;27.400,00
3457;00045;1434;Yogyakarta;reseller;26/03/2023;6;65.200,00
3316;00031;1683;Jawa Barat;toko;28/02/2023;4;139.700,00
899;00026;1742;jawa tengah;toko;25/03/2024;7;107.700,00
786;00041;1059;yogyakarta ;toko;25/10/2023;1;65.900,00
2136;00011;1062;Jawa Timur;toko;21/03/2023;4;55.900,00
212;00021;1648;Yogyakarta;toko;31/03/2024;5;110.800,00
3485;00008;1280;Yogyakarta;toko;15/02/2024;11;82.700,00
3466;00051;1085;jawa tengah;toko;29/08/2023;5;97.900,00
667;00051;1132;yogyakarta ;toko;07/08/2023;11;219.300,00
4119;00002;1534; YOGYAKARTA;toko;27/12/2024;11;228.000,00
1822;00041;1001;Jawa Barat;reseller;16/10/2023;11;639.300,00
2736;00035;1158;;toko;07/10/2023;5;99.100,00
3264;00002;1437; YOGYAKARTA;online;24/01/2024;11;380.800,00
1482;00021;1538;Jawa Barat;online;05/07/2023;4;
2054;00043;1211;Yogyakarta;online;06/12/2024;6;216.300,00
2474;00053;1555;Jawa Barat;toko;07/10/2023;11;
3712;00036;1788;jawa tengah;online;28/05/2023;1;236.700,00
2619;00020;1118;Jawa Tengah;toko;05/04/2023;8;45.100,00
2513;00032;1315;Jawa Barat;toko;19/04/2024;7;
2360;00008;1650;Yogyakarta;toko;13/12/2024;8;123.400,00
1811;00036;1549; YOGYAKARTA;online;25/08/2023;6;36.300,00
4316;00039;1697;Jawa Tengah;toko;15/08/2023;2;54.700,00
2315;00053;1302;Jawa Tengah;toko;09/07/2023;11;82.900,00
4535;00037;1742;yogyakarta ;reseller;19/05/2024;8;202.100,00
4705;00031;1348;;toko;16/03/2024;10;102.100,00
117;00034;1047; YOGYAKARTA;online;04/01/2023;6;84.000,00
1868;00030;1390;Jawa Barat;toko;13/12/2024;3;57.100,00
2509;00053;1598;Yogyakarta;online;21/06/2023;4;78.700,00
1507;00029;1541;Jawa Timur;online;26/06/2024;6;62.100,00
3640;00018;1165;yogyakarta ;reseller;01/06/2023;8;38.300,00
621;00026;1507;Jawa Tengah;toko;27/10/2023;4;205.600,00
3800;00030;1646;Jawa Barat;online;26/02/2024;9;121.400,00
3790;00016;1632;jawa tengah;toko;13/05/2023;6;
4740;00047;1047;Jawa Tengah;online;19/11/2024;4;28.600,00
3471;00040;1455;Jawa Tengah;online;26/05/2024;9;31.500,00
3026;00055;1118;yogyakarta ;toko;03/03/2023;5;72.700,00
1548;00044;1161;Jawa Timur;online;08/04/2024;4;276.900,00
1017;00018;1684;Jawa Timur;toko;28/08/2024;3;113.600,00
4000;00004;1784;Yogyakarta;reseller;11/04/2023;9;40.800,00
4607;00025;1020;yogyakarta ;toko;28/06/2023;5;366.900,00
3954;00048;1231;yogyakarta ;reseller;08/06/2024;9;220.700,00
712;00011;1044;Yogyakarta;online;09/08/2023;5;79.300,00
4637;00014;1203;Yogyakarta;online;29/07/2024;5;161.100,00
1185;00012;1642;Jawa Tengah;reseller;22/07/2024;5;69.900,00
2453;00050;1307; YOGYAKARTA;toko;21/05/2023;9;108.100,00
430;00048;1356; YOGYAKARTA;online;02/04/2023;11;64.100,00
1477;00029;1559;Jawa Barat;toko;10/05/2023;4;153.700,00
3596;00055;1421; YOGYAKARTA;toko;29/05/2024;5;97.100,00
4862;00006;1533;Yogyakarta;toko;19/12/2023;11;60.000,00
518;00035;1691;Jawa Barat;toko;22/12/2023;11;70.900,00
4415;00053;1140;Jawa Tengah;reseller;29/07/2023;4;35.900,00
2817;00055;1700;Jawa Barat;toko;05/01/2024;9;147.000,00
2921;00027;1631;Jawa Barat;toko;22/06/2023;2;127.500,00
2094;00007;1265;jawa tengah;toko;29/05/2023;2;124.100,00
420;00003;1424;jawa tengah;online;23/07/2024;10;14.100,00
2026;00001;1172;Jawa Barat;toko;19/07/2024;3;65.500,00
220;00031;1307;Jawa Tengah;online;04/12/2023;5;
584;00011;1182;jawa tengah;reseller;04/08/2024;1;74.200,00
2759;00047;1698;;toko;04/03/2024;9;152.700,00
2493;00051;1481;Yogyakarta;online;22/04/2023;11;68.200,00
1853;00014;1393; YOGYAKARTA;reseller;23/09/2024;8;258.400,00
1534;00016;1688;yogyakarta ;toko;09/11/2023;7;77.600,00
3956;00017;1155;Jawa Tengah;online;19/12/2024;9;317.000,00
1945;00015;1788;Yogyakarta;toko;16/08/2023;2;146.700,00
2858;00006;1002;yogyakarta ;online;03/10/2023;8;136.300,00
2738;00026;1435; YOGYAKARTA;toko;03/09/2023;10;38.200,00
384;00034;1089;yogyakarta ;toko;09/09/2024;5;89.400,00
758;00030;1246;yogyakarta ;toko;30/06/2024;4;73.400,00
986;00053;1563;jawa tengah;online;24/08/2024;3;110.100,00
4969;00050;1284;yogyakarta ;toko;02/09/2023;3;77.100,00
2801;00008;1451;Yogyakarta;reseller;27/09/2023;6;165.100,00
1024;00046;1466;Yogyakarta;reseller;04/02/2023;5;100.500,00
4194;00002;1689;Yogyakarta;reseller;18/04/2023;2;214.600,00
1805;00044;1039;Jawa Tengah;reseller;07/07/2023;11;46.800,00
1552;00009;1025;jawa tengah;toko;09/08/2024;10;262.200,00
1654;00014;1675;Jawa Barat;toko;09/02/2024;1;104.600,00
307;00019;1515; YOGYAKARTA;toko;01/05/2024;1;159.200,00
482;00023;1270;Jawa Barat;reseller;22/08/2024;8;28.600,00
2210;00018;1701;Yogyakarta;reseller;09/07/2023;10;
2838;00010;1110;Jawa Tengah;reseller;24/12/2024;8;205.300,00
1345;00024;1010; YOGYAKARTA;online;08/02/2023;2;92.800,00
4359;00036;1138;Jawa Timur;toko;07/12/2024;6;90.100,00
4864;00047;1773;Jawa Tengah;online;17/12/2024;11;114.600,00
1491;00016;1039;yogyakarta ;toko;07/06/2024;10;140.000,00
2900;00039;1254;jawa tengah;reseller;15/01/2023;9;33.100,00
449;00016;1026;Jawa Tengah;online;06/08/2024;8;45.100,00
1044;00038;1243;Yogyakarta;reseller;08/07/2023;9;124.600,00
652;00008;1317; YOGYAKARTA;reseller;21/06/2024;9;94.100,00
4680;00037;1624;Yogyakarta;online;31/05/2023;4;87.800,00
4235;00016;1454;yogyakarta ;online;21/05/2023;7;93.500,00
813;00023;1716;jawa tengah;toko;25/12/2023;10;71.400,00
2919;00002;1467; YOGYAKARTA;toko;12/06/2023;1;65.000,00
3511;00012;1463;Yogyakarta;toko;02/10/2023;5;258.250.000,00
1798;00037;1418;Jawa Timur;online;30/03/2024;9;201.700,00
1530;00020;1142;Yogyakarta;toko;09/06/2023;8;122.500,00
1075;00003;1710;Yogyakarta;toko;01/09/2023;2;90.500,00
3148;00050;1786;Jawa Timur;toko;07/09/2023;4;55.200,00
3249;00045;1147;Jawa Barat;online;02/11/2024;1;33.300,00
609;00020;1028;yogyakarta ;toko;13/11/2023;11;107.300,00
4776;00046;1127;yogyakarta ;toko;16/07/2023;8;97.100,00
3476;00057;1726;Yogyakarta;online;15/09/2024;11;52.700,00
1326;00011;1192;Jawa Tengah;reseller;29/08/2024;4;43.800,00
2960;00048;1298;Jawa Barat;toko;30/01/2024;11;46.200,00
2089;00033;1092;jawa tengah;online;08/05/2023;11;77.700,00
2211;00018;1051;Jawa Timur;online;06/02/2024;2;183.500,00
1790;00006;1413;Yogyakarta;online;26/12/2023;6;87.400,00
3103;00013;1628;Jawa Tengah;online;03/12/2023;9;33.500,00
2000;00012;1191;yogyakarta ;toko;25/12/2023;4;108.300,00
154;00056;1142;Jawa Tengah;online;10/12/2024;3;62.300,00
40;00059;1571;Yogyakarta;online;04/08/2023;5;99.500,00
2079;00034;1217;jawa tengah;toko;02/08/2024;6;63.400,00
2799;00035;1472;Yogyakarta;toko;15/10/2024;4;17.900,00
4709;00044;1089;yogyakarta ;toko;14/11/2024;5;84.200,00
1780;00006;1030; YOGYAKARTA;online;23/01/2023;7;108.700,00
1944;00054;1665;yogyakarta ;online;27/05/2024;3;170.300,00
4109;00049;1726;yogyakarta ;toko;18/06/2023;1;47.600,00
732;00032;1447; YOGYAKARTA;online;29/03/2023;6;73.100,00
4237;00016;1309;Yogyakarta;online;25/01/2024;2;42.800,00
3562;00040;1297;Jawa Tengah;online;26/04/2024;10;82.500,00
1627;00039;1066; YOGYAKARTA;toko;13/10/2024;8;115.600,00
3707;00044;1062; YOGYAKARTA;online;13/02/2023;10;49.700,00
2218;00045;1774;Jawa Barat;toko;01/08/2023;3;54.100,00
1771;00050;1032;Jawa Tengah;online;17/02/2023;9;87.700,00
2866;00045;1130;jawa tengah;online;24/10/2023;4;140.000,00
2436;00050;1101; YOGYAKARTA;online;26/11/2023;-999;38.300,00
245;00029;1429;yogyakarta ;toko;10/12/2023;4;162.200,00
1067;00058;1381;yogyakarta ;toko;01/02/2024;9;51.400,00
510;00020;1158;Jawa Barat;toko;14/07/2024;4;37.800,00
2425;00024;1122;jawa tengah;online;18/04/2024;1;121.000,00
2463;00049;1449;Jawa Tengah;toko;21/09/2023;2;184.300,00
4200;00003;1428;Jawa Timur;reseller;16/06/2024;10;109.400,00
2297;00033;1799;jawa tengah;toko;31/05/2024;8;53.700,00
2223;00045;1679; YOGYAKARTA;toko;25/05/2023;7;139.900,00
4262;00027;1534; YOGYAKARTA;toko;04/12/2024;8;101.500,00
3312;00017;1458;Yogyakarta;toko;03/05/2023;3;64.100,00
2374;00010;1317;jawa tengah;toko;09/11/2023;2;83.500,00
2092;00019;1223;Jawa Barat;toko;20/07/2024;-999;107.000,00
4081;00037;1494;Jawa Tengah;toko;23/05/2023;4;186.600,00
2504;00008;1151;jawa tengah;toko;24/05/2023;11;177.300,00
2998;00029;1291;Yogyakarta;toko;18/02/2024;5;91.000,00
4891;00007;1692;Jawa Barat;online;01/12/2024;11;117.600,00
1571;00013;1632;Jawa Tengah;reseller;21/02/2024;7;148.400,00
1478;00026;1516; YOGYAKARTA;toko;03/06/2024;8;148.900,00
716;00029;1320;Jawa Tengah;online;14/02/2023;1;205.800,00
3212;00020;1197; YOGYAKARTA;toko;29/06/2024;6;190.600,00
415;00028;1608;jawa tengah;toko;15/06/2023;10;40.100,00
1437;00025;1290;Yogyakarta;toko;21/02/2023;5;72.100,00
2840;00030;1449;jawa tengah;toko;23/03/2024;11;82.800,00
3488;00056;1053;Jawa Barat;online;26/10/2023;8;217.600,00
2994;00005;1425;jawa tengah;reseller;26/03/2024;5;56.200,00
1679;00029;1094;Jawa Timur;online;09/12/2023;5;32.600,00
2163;00006;1026;jawa tengah;reseller;18/12/2023;9;159.000,00
3128;00051;1232; YOGYAKARTA;online;27/12/2023;-999;164.200,00
1828;00027;1703;Jawa Timur;toko;23/07/2024;7;80.400,00
494;00008;1779;yogyakarta ;reseller;03/11/2024;8;112.600,00
3532;00054;1708;Jawa Tengah;toko;17/05/2023;10;
790;00018;1404;Jawa Timur;online;27/07/2023;9;29.700,00
1377;00058;1387;yogyakarta ;toko;22/10/2024;11;80.400,00
4059;00038;1109;Jawa Barat;reseller;01/11/2024;6;119.500,00
3014;00045;1265; YOGYAKARTA;online;16/07/2024;3;201.200,00
3918;00052;1766;Jawa Barat;online;08/07/2023;10;78.100,00
4724;00014;1237;yogyakarta ;toko;06/06/2024;4;87.300,00
4312;00059;1350;Jawa Timur;toko;17/09/2023;7;78.300,00
3354;00025;1164;yogyakarta ;online;01/05/2023;7;434.600,00
891;00044;1504;yogyakarta ;online;01/06/2024;5;55.500,00
170;00053;1332;Jawa Tengah;toko;20/11/2023;1;68.100,00
2797;00046;1493;yogyakarta ;online;06/03/2024;11;61.100,00
2546;00041;1328; YOGYAKARTA;online;04/10/2024;3;21.000,00
2532;00002;1483;yogyakarta ;toko;07/07/2024;2;80.700,00
2571;00026;1662;Jawa Timur;online;30/06/2023;1;
4450;00059;1516;Jawa Tengah;toko;01/05/2024;3;117.900,00
3768;00046;1657;Jawa Tengah;toko;10/04/2024;1;249.100,00
3619;00036;1583;Jawa Tengah;toko;27/10/2024;4;87.800,00
4974;00055;1567;yogyakarta ;reseller;31/07/2023;11;153.000,00
713;00034;1410;Jawa Timur;toko;14/09/2023;11;155.800,00
1357;00027;1640;jawa tengah;toko;24/08/2023;2;161.700,00
1316;00017;1595;;online;20/10/2023;2;132.000,00
3409;00034;1042;yogyakarta ;online;01/08/2024;2;123.500,00
1221;00026;1328;yogyakarta ;toko;19/05/2023;11;82.900,00
917;00010;1093;Jawa Timur;online;21/04/2023;7;172.700,00
2852;00059;1282;yogyakarta ;toko;09/01/2023;11;196.300,00
3116;00049;1399;Jawa Timur;reseller;24/01/2024;2;106.500,00
2573;00008;1396;Yogyakarta;toko;03/03/2023;2;131.000,00
1487;00049;1228;jawa tengah;toko;23/12/2023;4;170.100,00
3088;00012;1375;jawa tengah;toko;30/12/2023;10;105.700,00
2770;00055;1075;jawa tengah;toko;23/10/2024;9;121.800,00
3308;00056;1012;jawa tengah;toko;17/09/2024;7;149.200,00
4824;00016;1715;yogyakarta ;toko;16/09/2023;4;63.200,00
2794;00024;1069;yogyakarta ;online;18/12/2023;10;91.650.000,00
2574;00021;1555;Jawa Tengah;online;02/10/2024;8;156.100,00
2519;00015;1453;Yogyakarta;toko;02/10/2023;5;168.000,00
1433;00046;1322;Jawa Timur;toko;05/03/2024;9;151.200,00
2386;00054;1402;yogyakarta ;toko;28/10/2023;7;203.700,00
567;00014;1573;Jawa Timur;toko;27/07/2024;11;178.000,00
42;00013;1209;Jawa Barat;toko;15/07/2023;7;70.200,00
4075;00023;1205;yogyakarta ;toko;21/05/2023;7;85.400,00
423;00050;1557;Jawa Barat;toko;06/04/2023;2;105.200,00
3252;00010;1400;yogyakarta ;toko;01/08/2023;1;69.000,00
3222;00023;1109;jawa tengah;online;06/07/2023;1;148.200,00
3072;00057;1110;Jawa Barat;online;30/10/2024;9;83.200,00
4306;00021;1279; YOGYAKARTA;online;11/12/2024;1;47.100,00
1242;00013;1430;Jawa Timur;online;11/09/2023;7;160.300,00
2674;00038;1452;Jawa Timur;toko;06/01/2024;2;197.000,00
916;00024;1094;Jawa Barat;toko;27/03/2023;9;49.700,00
53;00058;1290; YOGYAKARTA;online;11/01/2024;5;64.200,00
2303;00030;1718;Jawa Timur;toko;06/03/2024;1;112.700,00
4742;00005;1344; YOGYAKARTA;online;04/06/2023;5;175.200,00
4971;00002;1722;Jawa Tengah;toko;02/05/2024;4;
3376;00023;1445;Jawa Tengah;toko;22/08/2023;2;89.000,00
645;00020;1000; YOGYAKARTA;toko;26/07/2024;2;115.600,00
2114;00031;1336;Jawa Barat;online;06/08/2023;10;156.300,00
838;00040;1162;Jawa Tengah;reseller;03/08/2024;10;68.800,00
3933;00047;1265;yogyakarta ;toko;18/06/2024;5;
1743;00033;1160;Jawa Barat;toko;31/10/2024;8;53.100,00
1157;00022;1484;Jawa Timur;toko;03/05/2024;5;170.100,00
4595;00026;1146;jawa tengah;toko;03/03/2023;10;35.200,00
399;00051;1752;Jawa Tengah;online;29/02/2024;6;121.900,00
2025;00055;1394;Yogyakarta;toko;03/09/2024;4;231.800,00
784;00051;1630; YOGYAKARTA;toko;10/05/2023;3;71.100,00
4936;00003;1612;yogyakarta ;online;06/10/2023;3;119.500,00
3766;00007;1517; YOGYAKARTA;toko;26/12/2024;9;83.400,00
284;00035;1178;jawa tengah;toko;27/10/2024;8;114.000,00
4172;00054;1685;yogyakarta ;toko;13/07/2024;9;118.400,00
3902;00030;1177;Jawa Timur;toko;30/12/2024;4;266.600,00
1253;00019;1685;Yogyakarta;online;13/02/2024;4;89.500,00
4375;00007;1585;jawa tengah;toko;26/07/2023;1;86.700,00
1274;00019;1482; YOGYAKARTA;toko;16/01/2024;9;83.300,00
3111;00052;1365;Jawa Timur;toko;12/12/2024;3;31.800,00
1200;00025;1746;yogyakarta ;toko;24/01/2024;7;49.400,00
3403;00046;1105;Jawa Barat;online;24/06/2024;6;52.600,00
1907;00025;1248;Jawa Barat;toko;11/08/2024;6;90.400,00
4143;00057;1293; YOGYAKARTA;toko;19/03/2024;6;61.800,00
3379;00033;1089;;toko;22/02/2024;3;505.700,00
4997;00021;1694;Jawa Tengah;online;30/07/2023;9;131.400,00
4876;00034;1133;jawa tengah;toko;27/06/2024;6;165.200,00
3507;00052;1180;Jawa Barat;toko;16/05/2023;3;133.200,00
3017;00005;1760;Jawa Barat;online;17/10/2024;8;226.800,00
4190;00007;1503;yogyakarta ;online;08/05/2023;11;136.900,00
2952;00032;1458;jawa tengah;reseller;05/12/2023;10;87.100,00
3549;00007;1348;Yogyakarta;online;13/09/2024;5;46.400,00
1713;00027;1750;Jawa Tengah;toko;24/08/2024;7;38.400,00
1142;00049;1109; YOGYAKARTA;reseller;25/10/2024;11;124.300,00
4410;00020;1054;yogyakarta ;online;02/11/2024;9;63.000,00
3484;00035;1193;Jawa Tengah;toko;26/04/2024;1;128.700,00
4963;00017;1277;Jawa Barat;online;07/07/2024;6;237.900,00
1715;00003;1198;Jawa Barat;reseller;23/12/2024;2;132.200,00
3708;00020;1624;Jawa Timur;online;11/03/2024;4;42.600,00
1525;00044;1223;Jawa Tengah;toko;22/11/2023;1;80.100,00
4546;00040;1473;jawa tengah;reseller;16/03/2024;1;53.000,00
3299;00033;1075;Jawa Tengah;online;12/08/2023;10;70.400,00
4929;00045;1380;yogyakarta ;toko;09/04/2024;4;
553;00027;1463;Jawa Barat;toko;01/01/2024;1;47.700,00
3490;00025;1288;Jawa Barat;reseller;13/07/2023;4;114.700,00
4912;00024;1466;Jawa Tengah;toko;27/05/2024;3;157.700,00
198;00002;1074;Jawa Barat;toko;23/08/2024;9;117.600,00
1041;00023;1606;Jawa Tengah;toko;23/12/2024;11;96.900,00
4910;00051;1312;Jawa Timur;toko;08/11/2024;4;91.400,00
845;00008;1617;jawa tengah;online;25/07/2024;7;67.600,00
3546;00055;1286;Jawa Barat;toko;06/05/2023;4;121.900,00
4519;00053;1062;Jawa Tengah;reseller;22/12/2023;9;51.700,00
1516;00013;1340; YOGYAKARTA;reseller;14/03/2023;1;85.600,00
2102;00009;1067;Jawa Timur;reseller;29/02/2024;8;188.300,00
3842;00028;1037;yogyakarta ;toko;03/10/2023;5;94.900,00
1144;00010;1728;Yogyakarta;reseller;19/05/2023;4;91.200,00
4471;00059;1263;Jawa Tengah;reseller;12/06/2023;4;59.200,00
1619;00018;1662;Jawa Barat;online;24/02/2024;10;105.000,00
4435;00019;1570;Jawa Tengah;toko;06/09/2024;8;88.000,00
3214;00004;1201; YOGYAKARTA;online;02/06/2024;11;117.400,00
1027;00011;1296;yogyakarta ;toko;24/05/2023;4;277.800,00
3348;00054;1455;Jawa Barat;toko;10/08/2023;6;110.100,00
4834;00017;1105;Jawa Timur;online;15/02/2024;9;81.500,00
603;00012;1309;jawa tengah;toko;15/09/2023;3;64.200,00
1630;00023;1707;Jawa Timur;toko;14/12/2023;10;83.000,00
387;00019;1779;Jawa Timur;toko;19/10/2024;5;624.500,00
2621;00014;1363;Jawa Barat;toko;19/08/2024;10;196.000,00
4494;00058;1665; YOGYAKARTA;online;13/08/2024;10;98.400,00
3094;00022;1367;Jawa Barat;reseller;05/09/2023;11;54.900,00
2035;00015;1782;Jawa Barat;online;22/11/2023;10;160.600,00
1336;00055;1256;Jawa Tengah;toko;23/09/2024;8;47.500,00
4418;00036;1268;Jawa Timur;toko;30/06/2024;3;115.700,00
805;00035;1072;Yogyakarta;toko;10/02/2023;4;98.500,00
3001;00032;1403;Jawa Tengah;toko;29/02/2024;2;48.600,00
493;00050;1224;Yogyakarta;toko;07/08/2023;7;39.000.000,00
1418;00010;1719;Yogyakarta;reseller;06/03/2024;9;98.900,00
2745;00058;1374;Yogyakarta;reseller;07/01/2024;6;246.200,00
341;00045;1490;jawa tengah;toko;17/09/2024;3;278.000,00
1110;00011;1344;Jawa Tengah;reseller;15/08/2023;4;228.700,00
2984;00024;1763;Yogyakarta;toko;07/09/2024;6;72.800,00
166;00033;1737;jawa tengah;toko;04/07/2023;7;95.200,00
4304;00044;1136;Jawa Barat;online;16/12/2023;1;55.000,00
2484;00006;1603;Jawa Barat;toko;17/05/2023;4;36.500,00
3603;00026;1051;Jawa Tengah;online;05/07/2023;4;128.000,00
3858;00051;1519; YOGYAKARTA;online;13/01/2024;2;55.200,00
485;00053;1056; YOGYAKARTA;online;04/12/2023;4;84.100,00
4058;00029;1688;Jawa Timur;online;29/02/2024;6;329.600,00
4719;00027;1177;yogyakarta ;toko;24/02/2024;11;81.000,00
422;00020;1208;Jawa Timur;toko;02/09/2024;7;108.800,00
3451;00036;1455;jawa tengah;reseller;08/12/2024;10;88.200,00
155;00036;1277;Jawa Barat;online;10/02/2023;5;280.500,00
3108;00016;1665;jawa tengah;toko;16/08/2023;7;71.900,00
592;00059;1017;Jawa Timur;reseller;06/12/2024;7;80.100,00
1572;00008;1230;yogyakarta ;toko;13/01/2024;10;125.600,00
2391;00056;1300;jawa tengah;toko;24/09/2023;1;68.600,00
4808;00056;1181;Yogyakarta;reseller;09/01/2023;8;99.100,00
4336;00046;1068;Jawa Barat;toko;03/04/2023;8;259.800,00
379;00042;1473;Yogyakarta;online;15/10/2024;5;76.100,00
3076;00043;1445; YOGYAKARTA;reseller;06/01/2024;1;32.400,00
4622;00014;1366;;online;02/09/2023;4;21.100,00
2173;00018;1689;Jawa Tengah;online;27/06/2024;8;92.500,00
1052;00038;1341;Jawa Timur;online;12/04/2023;9;
2115;00044;1367;jawa tengah;toko;02/10/2023;9;46.600,00
4783;00057;1515;Jawa Timur;toko;30/08/2023;3;124.700,00
2051;00057;1305;yogyakarta ;toko;21/10/2023;3;156.400,00
4153;00048;1255;yogyakarta ;reseller;22/03/2024;2;180.600,00
4805;00045;1707; YOGYAKARTA;online;31/07/2023;6;36.900,00
180;00015;1719;Jawa Barat;reseller;03/07/2023;6;61.300,00
4623;00006;1699;Jawa Timur;toko;05/11/2023;6;46.400,00
4966;00004;1626;Jawa Barat;toko;27/03/2024;8;
2460;00054;1738;Jawa Timur;toko;28/01/2024;4;94.400,00
1574;00054;1523;jawa tengah;online;19/07/2023;10;254.700,00
1597;00026;1580;;toko;30/05/2024;6;164.100,00
2941;00029;1506; YOGYAKARTA;toko;21/05/2024;7;
3817;00035;1011;jawa tengah;online;14/03/2024;11;127.800,00
3590;00018;1361;Jawa Timur;toko;04/09/2024;4;56.700,00
4446;00004;1285;Jawa Timur;reseller;13/03/2024;9;49.200,00
4790;00028;1563;Jawa Barat;toko;16/03/2023;10;76.300,00
2886;00059;1187;;toko;24/09/2023;11;204.700,00
250;00043;1414;yogyakarta ;reseller;27/01/2024;8;142.400,00
3458;00023;1311;Jawa Barat;online;01/10/2024;9;71.100,00
638;00009;1511;Jawa Barat;online;05/08/2023;2;99.200,00
2395;00008;1233;Jawa Tengah;reseller;30/07/2024;11;130.400,00
2581;00012;1254;Jawa Barat;toko;04/05/2024;1;82.600,00
3563;00053;1048;Yogyakarta;online;30/09/2024;10;97.400,00
3821;00014;1518;yogyakarta ;online;12/06/2024;1;85.800,00
2320;00028;1720;jawa tengah;online;17/02/2023;5;148.800,00
344;00038;1213; YOGYAKARTA;toko;18/10/2023;9;93.000,00
2326;00057;1767;Jawa Timur;online;02/12/2024;1;331.900,00
466;00052;1572;Yogyakarta;toko;17/05/2023;3;
3378;00027;1140;Jawa Tengah;online;04/06/2024;7;42.300,00
574;00016;1232;yogyakarta ;toko;29/09/2024;2;31.900,00
2328;00017;1158;jawa tengah;toko;27/06/2023;1;50.900,00
4793;00022;1552;Jawa Timur;toko;14/06/2023;3;161.600,00
2416;00001;1051;Yogyakarta;reseller;18/11/2023;3;60.500,00
23;00021;1527;Jawa Barat;toko;01/02/2024;4;85.800,00
760;00054;1702;Jawa Tengah;reseller;02/11/2023;11;106.100,00
52;00031;1505;Jawa Barat;reseller;29/01/2023;8;82.600,00
836;00020;1660;Jawa Barat;online;20/09/2024;8;120.400,00
2134;00046;1181;Jawa Timur;online;14/02/2024;4;100.500,00
2893;00024;1225;Yogyakarta;toko;01/04/2024;1;105.800,00
4168;00056;1731;Jawa Barat;toko;17/08/2024;2;74.500,00
4343;00037;1116; YOGYAKARTA;online;28/09/2024;11;130.900,00
1187;00053;1569;jawa tengah;toko;18/11/2024;8;37.800,00
3808;00038;1027;Jawa Tengah;toko;01/04/2023;8;
4585;00037;1131;Jawa Tengah;toko;17/10/2024;3;221.900,00
2558;00030;1655;Jawa Barat;online;11/03/2023;4;150.600,00
1141;00028;1734;Jawa Timur;toko;25/11/2023;8;103.300,00
2618;00048;1288;Yogyakarta;reseller;27/11/2024;9;150.600,00
4307;00002;1053; YOGYAKARTA;toko;15/08/2023;11;48.100,00
353;00001;1432;Jawa Tengah;online;24/05/2024;4;95.500,00
4576;00006;1262; YOGYAKARTA;online;16/05/2024;2;122.400,00
1697;00014;1725;Yogyakarta;online;28/12/2024;7;166.500,00
3988;00042;1758;jawa tengah;online;21/07/2023;11;184.900,00
1643;00009;1700;Jawa Tengah;reseller;01/11/2024;3;234.600,00
8;00014;1204; YOGYAKARTA;toko;21/10/2023;2;78.900,00
3792;00031;1614;Yogyakarta;online;07/09/2023;4;117.700,00
173;00035;1069;Jawa Tengah;toko;24/02/2023;10;83.000,00
3557;00052;1089; YOGYAKARTA;online;02/12/2024;9;41.700,00
514;00005;1551;Jawa Timur;toko;09/11/2023;11;78.200,00
1449;00023;1305;Jawa Timur;reseller;11/11/2024;1;66.700,00
1196;00043;1016;Jawa Barat;toko;17/04/2023;6;69.400,00
3584;00028;1021;Jawa Timur;online;24/06/2024;6;55.000,00
3186;00001;1587;jawa tengah;toko;13/10/2023;9;53.200,00
248;00031;1186; YOGYAKARTA;online;26/06/2023;10;144.100,00
2679;00007;1774;jawa tengah;toko;28/03/2023;3;125.400,00
236;00009;1406;Jawa Timur;online;30/11/2024;9;55.400,00
1018;00012;1543;jawa tengah;toko;25/09/2023;7;51.900,00
3193;00004;1051;Yogyakarta;online;14/06/2024;6;127.300,00
3769;00036;1151; YOGYAKARTA;online;16/08/2024;1;147.700,00
950;00033;1097;Jawa Barat;toko;03/09/2024;2;92.000,00
3930;00014;1147;Jawa Barat;toko;18/10/2023;4;128.100,00
4100;00001;1553;Yogyakarta;online;26/04/2023;10;79.400,00
728;00031;1304; YOGYAKARTA;online;20/12/2023;6;75.400,00
2587;00047;1284;Yogyakarta;online;31/01/2024;9;
1871;00012;1382;Jawa Barat;toko;29/10/2024;11;41.600,00
4706;00003;1536;Jawa Tengah;toko;15/08/2023;3;176.200,00
1069;00023;1746;Jawa Timur;toko;22/01/2024;2;153.700,00
3734;00043;1613;Jawa Timur;toko;06/10/2023;5;103.600,00
3990;00046;1169;Yogyakarta;toko;27/11/2024;10;355.000,00
3290;00021;1214; YOGYAKARTA;online;29/05/2023;7;114.100,00
4202;00045;1275;Yogyakarta;toko;13/11/2023;10;45.000,00
3387;00050;1157;jawa tengah;online;09/09/2024;1;39.500,00
709;00050;1220;jawa tengah;reseller;17/06/2023;10;419.200,00
2454;00056;1033; YOGYAKARTA;online;22/05/2024;8;283.300,00
4873;00059;1646;jawa tengah;toko;06/12/2023;3;326.200,00
4718;00002;1450;Jawa Tengah;online;05/06/2023;4;143.700,00
2812;00050;1413;Jawa Barat;toko;25/10/2023;3;96.800,00
4191;00037;1731;yogyakarta ;online;23/02/2024;4;
1109;00022;1315;yogyakarta ;toko;01/04/2023;6;115.000,00
1247;00045;1104;Jawa Timur;toko;03/05/2024;3;115.900,00
3415;00039;1644;;online;06/05/2024;10;89.500,00
2250;00053;1642;Jawa Barat;online;25/04/2023;2;79.900,00
2920;00043;1221;Jawa Tengah;toko;08/01/2024;9;63.100,00
3909;00042;1026;Yogyakarta;online;26/04/2024;6;28.500,00
2583;00035;1625; YOGYAKARTA;online;28/01/2023;11;208.700,00
3831;00059;1698; YOGYAKARTA;toko;23/09/2023;11;191.100,00
1543;00032;1618;jawa tengah;online;28/07/2023;11;23.700,00
3270;00046;1430;Jawa Timur;toko;04/12/2024;7;54.300,00
3024;00048;1122;Jawa Timur;online;27/07/2024;2;224.700,00
1785;00026;1573; YOGYAKARTA;reseller;03/08/2023;7;146.400,00
889;00031;1419; YOGYAKARTA;online;11/05/2024;3;66.600,00
1891;00039;1357;jawa tengah;online;07/03/2023;7;31.000,00
3000;00040;1259;Jawa Tengah;online;08/02/2023;11;82.800,00
1702;00058;1604;Jawa Barat;toko;18/02/2024;8;139.400,00
4340;00057;1027; YOGYAKARTA;toko;25/04/2023;6;90.700,00
3201;00044;1648;Jawa Tengah;toko;15/04/2023;8;136.100,00
2455;00047;1429;yogyakarta ;online;23/12/2023;7;126.100,00
1133;00031;1674; YOGYAKARTA;toko;18/05/2023;2;110.900,00
633;00015;1063;yogyakarta ;toko;06/04/2024;3;161.500,00
3224;00020;1579;yogyakarta ;toko;09/01/2023;3;179.700,00
4757;00024;1529;jawa tengah;reseller;01/01/2024;9;80.300,00
1217;00033;1110;Jawa Tengah;toko;13/11/2023;6;114.400,00
4016;00037;1227;jawa tengah;toko;12/09/2024;5;43.700,00
2934;00012;1155;Jawa Barat;reseller;25/09/2024;6;
1099;00005;1095;jawa tengah;reseller;21/10/2024;9;76.100,00
4232;00035;1506;Jawa Tengah;online;04/09/2024;7;
2190;00020;1247; YOGYAKARTA;online;27/01/2023;3;84.600,00
4044;00037;1210;Yogyakarta;toko;26/07/2023;2;170.700,00
1757;00036;1785;jawa tengah;online;14/12/2023;8;342.300,00
816;00048;1653;Jawa Tengah;online;18/10/2024;9;114.800,00
1091;00004;1667;yogyakarta ;toko;24/05/2024;3;
1622;00056;1661;jawa tengah;toko;27/10/2023;7;82.600,00
2204;00039;1242;Jawa Timur;toko;18/07/2023;7;36.200,00
3089;00030;1791;Yogyakarta;reseller;03/04/2023;4;73.100,00
946;00051;1006;Jawa Barat;online;05/06/2023;5;92.400,00
1672;00007;1453;Jawa Timur;online;19/06/2023;4;118.900,00
2721;00013;1564;jawa tengah;toko;10/01/2024;7;83.700,00
2867;00043;1561; YOGYAKARTA;online;12/02/2023;11;134.400,00
3950;00053;1055;yogyakarta ;online;12/07/2023;2;162.400,00
2980;00042;1408; YOGYAKARTA;toko;15/04/2023;4;61.500,00
1749;00058;1645;Jawa Barat;online;14/07/2024;10;117.200,00
4174;00059;1015;Jawa Tengah;toko;17/06/2023;-999;59.300,00
2232;00051;1539;Jawa Barat;toko;24/03/2023;5;49.100,00
611;00013;1476;jawa tengah;reseller;17/12/2023;7;20.700,00
4676;00039;1334;Jawa Tengah;online;16/07/2024;11;83.000,00
1899;00057;1565; YOGYAKARTA;reseller;03/05/2023;9;40.700,00
2929;00059;1021;yogyakarta ;online;30/11/2023;6;35.300,00
3162;00058;1038;yogyakarta ;reseller;25/12/2024;5;155.100,00
3277;00035;1316;Yogyakarta;toko;07/09/2024;10;148.300,00
4164;00031;1660; YOGYAKARTA;online;06/12/2023;8;
2367;00004;1782;Jawa Tengah;toko;18/11/2024;6;88.000,00
4568;00006;1692;Jawa Barat;online;17/08/2024;2;25.600,00
2209;00048;1515;jawa tengah;reseller;09/07/2024;1;177.300,00
1215;00058;1657;Jawa Tengah;toko;25/05/2023;7;48.100,00
2410;00053;1413;jawa tengah;toko;21/01/2023;8;63.900,00
1076;00019;1395;Jawa Timur;toko;05/02/2023;6;58.700,00
3500;00024;1048;Jawa Timur;reseller;29/10/2024;11;30.800,00
95;00015;1097;jawa tengah;online;04/07/2023;8;65.900,00
4855;00005;1524;jawa tengah;toko;23/06/2024;4;68.400,00
4134;00040;1610;Jawa Timur;online;23/10/2024;4;105.800,00
1280;00051;1325;Jawa Barat;toko;14/08/2023;3;88.500,00
334;00036;1477;Jawa Barat;toko;23/07/2023;3;90.900,00
4763;00013;1219;jawa tengah;toko;11/12/2023;11;78.100,00
2507;00037;1231;yogyakarta ;toko;02/05/2023;5;65.500,00
641;00055;1679;jawa tengah;toko;24/12/2023;6;97.200,00
4678;00009;1176;jawa tengah;toko;24/11/2023;4;423.900,00
2717;00030;1450;yogyakarta ;online;31/01/2023;8;68.900,00
1321;00050;1697;jawa tengah;toko;16/06/2023;7;104.800,00
509;00013;1390;Yogyakarta;toko;23/03/2023;3;
332;00029;1095;Yogyakarta;toko;12/02/2023;5;201.800,00
448;00038;1719;jawa tengah;toko;29/07/2024;3;230.100,00
4438;00029;1054;jawa tengah;toko;09/02/2023;8;114.800,00
975;00015;1185;Jawa Barat;toko;07/04/2023;5;54.400,00
779;00059;1590;Yogyakarta;online;25/08/2023;7;52.400,00
1566;00008;1726;yogyakarta ;toko;06/02/2023;1;118.400,00
1045;00053;1068;jawa tengah;reseller;08/12/2024;5;102.700,00
4038;00036;1063;Jawa Tengah;online;19/04/2023;3;106.000,00
2293;00025;1145;jawa tengah;toko;27/10/2024;1;122.700,00
3677;00033;1408;yogyakarta ;toko;31/03/2024;6;103.900,00
654;00006;1356; YOGYAKARTA;toko;13/06/2024;3;270.500,00
347;00006;1488;Jawa Timur;online;21/05/2024;9;328.600,00
127;00057;1308;Jawa Timur;toko;21/09/2024;6;51.100,00
2975;00031;1397;Yogyakarta;toko;28/09/2023;-999;
3773;00037;1013; YOGYAKARTA;toko;03/08/2023;11;87.400,00
2388;00024;1614; YOGYAKARTA;online;06/06/2023;11;154.700,00
2896;00057;1400; YOGYAKARTA;toko;06/12/2023;2;145.700,00
4667;00032;1269;yogyakarta ;toko;23/10/2023;-999;349.200,00
3513;00045;1038;Jawa Tengah;toko;10/11/2023;6;285.300,00
1019;00032;1785;yogyakarta ;reseller;31/05/2024;5;
1470;00011;1189;Yogyakarta;reseller;23/05/2024;6;81.100,00
1801;00059;1511;yogyakarta ;toko;17/09/2024;5;114.300,00
1726;00042;1697; YOGYAKARTA;online;25/06/2023;2;179.800,00
974;00022;1261; YOGYAKARTA;reseller;16/07/2023;3;241.400,00
4788;00028;1701;Yogyakarta;toko;26/07/2024;1;97.400,00
3671;00049;1127;jawa tengah;toko;21/08/2024;3;101.400,00
1359;00057;1315;Jawa Timur;online;14/10/2023;3;155.100,00
1521;00014;1354;Jawa Tengah;online;03/06/2024;6;106.700,00
2599;00023;1400;Jawa Tengah;toko;10/07/2024;1;95.300,00
3100;00007;1498;Jawa Barat;toko;23/10/2023;2;74.400,00
4587;00039;1226; YOGYAKARTA;online;25/09/2024;5;192.100,00
4142;00042;1570;Yogyakarta;toko;14/09/2024;2;
4051;00048;1041; YOGYAKARTA;toko;20/05/2023;11;138.400,00
484;00015;1221;Jawa Barat;toko;05/09/2023;2;58.700,00
2936;00007;1221;Jawa Timur;online;04/06/2023;8;240.200,00
2449;00012;1404;yogyakarta ;reseller;13/12/2023;8;96.800,00
3789;00059;1770;yogyakarta ;reseller;17/08/2023;7;77.700,00
3672;00002;1190;jawa tengah;online;22/08/2024;11;74.200,00
263;00052;1515;jawa tengah;toko;19/07/2024;6;103.100,00
2363;00046;1152;Jawa Timur;reseller;25/08/2023;7;88.800,00
519;00052;1293;jawa tengah;toko;02/08/2023;9;
992;00005;1008;jawa tengah;toko;21/12/2024;1;41.300,00
4454;00014;1322;Jawa Barat;online;03/06/2023;3;101.000,00
2869;00042;1095;Jawa Tengah;online;01/12/2023;9;75.400,00
2520;00056;1798;yogyakarta ;toko;27/12/2024;2;56.300,00
3293;00059;1503;jawa tengah;toko;24/05/2023;7;58.700,00
944;00023;1714; YOGYAKARTA;toko;02/04/2024;8;382.000,00
1592;00034;1432; YOGYAKARTA;toko;12/07/2024;6;73.600,00
451;00047;1250;jawa tengah;toko;24/11/2024;10;110.700,00
3939;00051;1567;Jawa Timur;online;29/06/2023;5;130.600,00
3050;00059;1444;jawa tengah;reseller;11/12/2024;1;81.600,00
4383;00008;1212;jawa tengah;online;12/10/2024;6;98.700,00
1535;00013;1612;Jawa Timur;toko;22/12/2023;4;175.800,00
1356;00036;1194;Jawa Tengah;online;05/12/2024;10;95.200,00
1925;00020;1636;jawa tengah;online;14/04/2023;3;118.800,00
1312;00051;1162;Yogyakarta;toko;27/08/2024;6;114.900,00
3579;00020;1096; YOGYAKARTA;toko;08/02/2024;6;64.000,00
3487;00017;1568;jawa tengah;online;12/04/2024;9;121.300,00
4332;00015;1527;yogyakarta ;online;17/05/2023;6;18.500,00
394;00002;1060;yogyakarta ;toko;24/03/2023;10;29.600,00
3555;00050;1665;Jawa Barat;toko;03/10/2024;11;404.300,00
1547;00004;1643;jawa tengah;online;05/08/2024;10;99.600,00
1442;00007;1658;Jawa Barat;online;05/05/2023;8;516.100,00
676;00004;1414;Jawa Tengah;toko;29/03/2024;2;127.300,00
824;00038;1318;Jawa Barat;online;30/04/2024;1;89.800,00
1614;00059;1256;yogyakarta ;toko;28/10/2024;10;55.200,00
3751;00020;1169;Yogyakarta;online;26/09/2024;6;80.100,00
2924;00033;1720;Jawa Tengah;online;15/02/2024;4;
3561;00004;1733;Jawa Barat;toko;30/03/2023;1;195.500,00
1444;00049;1033;yogyakarta ;online;06/08/2023;10;50.400,00
3556;00021;1218;Jawa Timur;reseller;17/12/2024;6;102.600,00
4011;00030;1583;Jawa Tengah;reseller;13/12/2023;6;127.300,00
2350;00052;1233;jawa tengah;toko;10/04/2023;11;40.900,00
3199;00006;1375; YOGYAKARTA;online;22/06/2024;11;44.200,00
3455;00017;1041;Jawa Tengah;toko;15/11/2024;7;36.100,00
3925;00051;1114; YOGYAKARTA;reseller;30/12/2024;2;
4478;00047;1669;jawa tengah;toko;20/04/2023;3;109.500,00
3615;00024;1530;Jawa Timur;toko;18/01/2024;8;86.700,00
480;00056;1337;yogyakarta ;toko;22/07/2023;3;241.500,00
4425;00001;1494;;toko;14/01/2023;9;28.200,00
561;00051;1429;Yogyakarta;toko;01/04/2023;3;133.000,00
2912;00025;1281;Jawa Timur;toko;04/04/2024;10;113.400,00
3091;00031;1428;yogyakarta ;online;28/01/2023;5;
1877;00044;1489;Jawa Timur;toko;18/04/2023;2;63.600,00
2623;00001;1303;yogyakarta ;toko;30/04/2024;11;64.600,00
2821;00011;1657;Yogyakarta;online;19/05/2024;5;169.200,00
2024;00009;1191;Jawa Timur;toko;01/09/2024;9;102.800,00
1213;00016;1242;jawa tengah;toko;20/06/2024;1;
3154;00023;1358;Jawa Tengah;online;18/03/2024;11;91.800,00
1343;00032;1459;Yogyakarta;toko;27/08/2023;6;112.100,00
1169;00020;1509;Yogyakarta;online;05/08/2023;10;208.400,00
2231;00007;1125; YOGYAKARTA;toko;07/11/2023;10;101.500,00
842;00033;1783; YOGYAKARTA;reseller;27/08/2023;8;97.300,00
1570;00042;1276;yogyakarta ;toko;01/03/2024;10;40.300,00
2672;00041;1678;Jawa Barat;toko;05/03/2024;8;30.200,00
1731;00056;1794; YOGYAKARTA;online;12/08/2024;3;204.800,00
3345;00026;1608;Jawa Timur;online;18/10/2024;10;281.800,00
2037;00007;1735;Jawa Timur;toko;19/07/2024;8;50.700,00
3258;00016;1436;Jawa Timur;toko;11/04/2024;6;260.900,00
1211;00033;1110;Jawa Tengah;toko;06/01/2024;3;89.000,00
246;00047;1197;Yogyakarta;online;11/08/2024;2;39.000,00
2948;00047;1170;Jawa Timur;toko;28/02/2023;1;131.900,00
4511;00005;1292;Yogyakarta;reseller;17/02/2023;9;103.800,00
2766;00022;1119;Jawa Barat;toko;19/01/2024;5;90.200,00
3706;00038;1054;Jawa Timur;online;30/10/2023;8;68.000,00
41;00028;1074;yogyakarta ;toko;22/08/2024;6;195.800,00
760;00054;1702;Jawa Tengah;reseller;02/11/2023;11;106.100,00
2344;00047;1226;Jawa Barat;online;26/05/2024;6;80.300,00
4353;00008;1739; YOGYAKARTA;online;15/04/2024;-999;32.100,00
663;00057;1303; YOGYAKARTA;toko;14/11/2023;2;317.600,00
3633;00009;1494;Jawa Barat;toko;04/08/2023;4;95.900,00
1015;00039;1707;yogyakarta ;reseller;13/06/2024;11;59.000,00
3352;00011;1161;jawa tengah;toko;15/05/2023;2;61.900,00
1180;00040;1605;yogyakarta ;toko;31/01/2023;8;99.200,00
3703;00016;1423;Jawa Barat;reseller;21/06/2023;11;164.000,00
3581;00012;1311;jawa tengah;online;05/05/2023;3;272.700,00
286;00026;1001;Jawa Timur;online;16/12/2024;7;72.700,00
3170;00022;1169;Jawa Tengah;toko;28/12/2023;9;87.600,00
4385;00055;1514;Jawa Barat;online;07/08/2023;10;139.500,00
3265;00022;1459;yogyakarta ;online;18/09/2024;1;82.100,00
2407;00049;1118;Yogyakarta;toko;06/03/2024;3;
1990;00058;1274;yogyakarta ;online;01/01/2023;11;
1408;00048;1215;jawa tengah;reseller;27/07/2023;8;108.200,00
4152;00007;1303;jawa tengah;toko;20/07/2024;10;161.400,00
2901;00046;1509;yogyakarta ;online;06/10/2023;3;105.200,00
105;00007;1724;yogyakarta ;reseller;27/04/2024;8;22.900,00
235;00038;1768;Jawa Tengah;reseller;16/09/2023;4;235.000,00
2743;00022;1789;Jawa Tengah;online;24/01/2024;4;198.800,00
2242;00046;1783;Jawa Timur;toko;05/04/2023;6;162.400,00
3609;00033;1635;Jawa Tengah;toko;19/12/2024;4;36.500,00
1856;00030;1746;Jawa Barat;toko;16/02/2024;8;40.300,00
617;00029;1449;Yogyakarta;online;08/01/2024;7;166.900,00
2964;00030;1729;Jawa Barat;toko;10/05/2023;10;105.400,00
1049;00012;1232;Jawa Timur;online;28/08/2024;8;84.500,00
1056;00057;1411;jawa tengah;toko;05/11/2023;11;193.700,00
454;00040;1673;Yogyakarta;online;26/06/2023;5;108.100,00
3205;00051;1326;yogyakarta ;toko;15/08/2023;3;94.200,00
4476;00043;1029;yogyakarta ;reseller;29/10/2023;11;93.600,00
4620;00044;1732;Jawa Barat;toko;22/06/2024;2;
1941;00055;1208;Jawa Barat;reseller;03/06/2023;4;166.900,00
2682;00021;1194;Jawa Timur;online;28/01/2023;-999;451.400,00
3877;00020;1397;Jawa Tengah;online;19/09/2024;9;61.900,00
2433;00037;1724;Jawa Tengah;toko;11/05/2023;7;343.900,00
4629;00018;1597;Jawa Tengah;reseller;15/12/2023;1;158.600,00
1214;00018;1564; YOGYAKARTA;online;08/05/2024;5;134.900,00
2898;00051;1249;Jawa Barat;reseller;20/11/2023;6;163.300,00
4852;00014;1602;Yogyakarta;online;09/12/2023;9;76.500,00
2762;00039;1052;Jawa Tengah;online;02/08/2023;11;80.200,00
1542;00053;1372;Yogyakarta;reseller;24/04/2023;4;65.600,00
951;00050;1059;Yogyakarta;toko;09/09/2023;2;48.000,00
3459;00051;1543;Jawa Timur;online;19/05/2024;10;52.200,00
1583;00055;1384;Jawa Timur;toko;22/06/2024;9;125.000,00
90;00038;1001;Jawa Tengah;online;26/03/2024;5;111.400,00
3693;00013;1090;Yogyakarta;online;27/08/2023;2;69.200,00
3231;00043;1192;Jawa Timur;toko;15/04/2024;4;150.100,00
4134;00040;1610;Jawa Timur;online;23/10/2024;4;105.800,00
2356;00053;1329;Jawa Tengah;toko;10/05/2023;6;133.700,00
1311;00004;1117;Yogyakarta;online;15/08/2023;2;
1372;00016;1216; YOGYAKARTA;toko;14/10/2023;9;46.600,00
4021;00036;1422;jawa tengah;online;29/04/2023;1;150.800,00
1171;00051;1102;Jawa Barat;reseller;08/12/2024;10;92.800,00
3411;00001;1277; YOGYAKARTA;online;26/06/2023;3;57.200,00
4845;00020;1495; YOGYAKARTA;reseller;16/12/2024;7;209.300,00
3638;00056;1707; YOGYAKARTA;toko;16/12/2024;5;71.300,00
2970;00012;1226;yogyakarta ;online;28/09/2023;1;
4605;00050;1409;Yogyakarta;toko;13/08/2024;6;102.500,00
3919;00044;1185;yogyakarta ;online;18/07/2024;1;502.100,00
3263;00044;1620;Jawa Tengah;toko;21/11/2024;1;229.500,00
2432;00043;1056;jawa tengah;toko;27/01/2024;10;65.300,00
691;00056;1428;Jawa Timur;toko;08/10/2023;11;70.500,00
2757;00042;1675; YOGYAKARTA;online;24/05/2023;2;122.300,00
4220;00030;1637; YOGYAKARTA;reseller;30/11/2023;1;111.700,00
3883;00033;1314;yogyakarta ;toko;11/02/2024;5;97.900,00
403;00026;1708; YOGYAKARTA;toko;25/01/2024;7;212.300,00
2027;00016;1425; YOGYAKARTA;toko;21/08/2023;8;159.300,00
4916;00052;1194;Jawa Barat;toko;04/05/2024;4;58.300,00
702;00014;1083;Yogyakarta;online;10/05/2023;11;70.900,00
3819;00042;1277; YOGYAKARTA;online;22/07/2023;2;133.600,00
4033;00028;1404;yogyakarta ;toko;23/06/2024;6;30.000,00
4328;00048;1456;Yogyakarta;toko;18/02/2024;6;113.600,00
3047;00050;1186;Yogyakarta;toko;28/02/2024;4;90.200,00
2850;00041;1443;Jawa Timur;online;24/02/2024;5;55.300,00
1736;00033;1571;Jawa Tengah;reseller;08/04/2024;5;
544;00012;1449;Jawa Barat;online;21/06/2024;7;138.400,00
3752;00052;1061;Jawa Barat;toko;17/12/2024;1;
3256;00016;1036;Yogyakarta;toko;09/08/2024;8;138.200,00
3964;00030;1431;Jawa Barat;toko;13/02/2024;4;
3788;00053;1153;Jawa Barat;toko;07/07/2024;5;98.500,00
404;00039;1576;jawa tengah;reseller;11/01/2024;8;84.300,00
2245;00018;1504;jawa tengah;toko;17/05/2023;8;118.000,00
3131;00037;1251;Jawa Barat;toko;30/10/2023;11;104.200,00
4420;00003;1765;Jawa Tengah;online;15/06/2024;10;76.600,00
4768;00021;1301;Yogyakarta;online;06/04/2023;7;190.600,00
1930;00002;1612;Yogyakarta;toko;17/06/2024;9;138.000,00
2490;00030;1381;yogyakarta ;online;08/11/2023;10;
1524;00035;1378;Jawa Timur;toko;07/11/2024;3;203.300,00
3614;00018;1686;Jawa Timur;reseller;30/07/2024;10;561.000,00
2716;00022;1440; YOGYAKARTA;reseller;06/06/2023;9;40.900,00
4504;00056;1745;jawa tengah;reseller;26/08/2024;3;200.400,00
3178;00005;1480;Jawa Tengah;online;12/11/2024;10;101.600,00
1533;00046;1476;Jawa Barat;toko;23/02/2024;1;30.500,00
2607;00023;1543;Jawa Barat;online;23/10/2023;8;138.600,00
861;00056;1289;Jawa Tengah;toko;31/12/2023;5;43.800,00
3182;00020;1038;yogyakarta ;toko;02/04/2024;7;70.900,00
1502;00027;1756;Yogyakarta;toko;30/01/2023;8;168.400,00
1896;00050;1737; YOGYAKARTA;toko;03/01/2024;4;87.900,00
2947;00027;1657;Jawa Barat;online;09/04/2024;6;60.000,00
1754;00042;1295;Jawa Tengah;reseller;26/03/2023;6;246.900,00
68;00012;1047;jawa tengah;online;03/12/2023;2;191.800,00
3799;00011;1240;jawa tengah;online;27/08/2024;2;109.400,00
2135;00032;1225;jawa tengah;toko;02/07/2024;8;172.800,00
546;00026;1391;jawa tengah;toko;08/04/2024;2;70.100,00
4656;00009;1522;yogyakarta ;online;14/05/2023;8;85.200,00
463;00005;1483;Jawa Tengah;online;02/08/2024;10;81.200,00
3564;00014;1545;Jawa Tengah;toko;27/10/2023;10;191.000,00
815;00026;1109; YOGYAKARTA;reseller;16/09/2024;2;59.500,00
2902;00026;1163;yogyakarta ;toko;15/10/2023;6;18.600,00
4549;00052;1787; YOGYAKARTA;reseller;03/04/2023;8;160.500,00
4347;00017;1100;yogyakarta ;online;28/09/2024;1;106.300,00
3713;00036;1139;Jawa Barat;online;19/12/2023;5;102.900,00
4884;00008;1731;Jawa Barat;toko;17/04/2024;9;142.000,00
234;00048;1329;yogyakarta ;toko;06/05/2024;3;158.500,00
395;00027;1120;jawa tengah;toko;27/06/2024;7;105.000,00
3651;00001;1030;Jawa Tengah;online;02/10/2024;11;
2237;00015;1678;Jawa Barat;toko;30/05/2024;6;274.300,00
4260;00045;1670;jawa tengah;toko;21/04/2023;4;71.900,00
4803;00039;1216;Jawa Timur;online;11/08/2023;10;156.600,00
2662;00042;1660;jawa tengah;online;29/01/2023;10;68.400,00
437;00018;1478;jawa tengah;toko;08/05/2023;7;177.900,00
164;00055;1450;Yogyakarta;online;27/02/2023;2;49.700,00
4147;00029;1594;Jawa Timur;online;21/07/2023;1;72.000,00
3267;00030;1305;Jawa Timur;toko;14/07/2023;7;143.200,00
1808;00049;1217;jawa tengah;toko;30/11/2023;5;85.800,00
3248;00040;1422;Yogyakarta;toko;31/05/2023;10;103.700,00
2868;00052;1267;Jawa Barat;toko;22/01/2023;2;114.700,00
1547;00004;1643;jawa tengah;online;05/08/2024;10;99.600,00
2563;00055;1289; YOGYAKARTA;online;07/04/2024;5;109.600,00
776;00045;1556;Yogyakarta;online;08/11/2024;10;122.300,00
1469;00047;1447;yogyakarta ;online;07/07/2023;8;83.900,00
253;00012;1551; YOGYAKARTA;toko;24/02/2023;8;93.800,00
425;00010;1062;jawa tengah;toko;26/12/2024;9;113.900,00
2535;00007;1366;jawa tengah;online;18/02/2024;6;46.500,00
2380;00059;1779;yogyakarta ;toko;12/12/2024;9;134.600,00
793;00005;1351; YOGYAKARTA;online;04/02/2023;8;230.300,00
914;00033;1793;Yogyakarta;toko;15/11/2023;9;204.100,00
3869;00009;1315;Jawa Timur;toko;29/08/2023;8;124.300,00
2631;00010;1456;Jawa Timur;online;04/06/2023;2;166.600,00
578;00045;1386;jawa tengah;online;03/10/2023;3;153.600,00
3460;00030;1012;Jawa Timur;toko;06/10/2024;4;147.800,00
3798;00057;1036;Jawa Barat;online;05/08/2023;8;123.100,00
748;00056;1215;yogyakarta ;toko;23/06/2024;3;124.700,00
679;00010;1186;Jawa Timur;online;17/04/2023;8;78.800,00
4518;00007;1518;yogyakarta ;online;02/12/2023;8;113.200,00
4103;00017;1755;Jawa Tengah;online;23/01/2024;11;75.600,00
4582;00047;1518;Yogyakarta;reseller;01/01/2024;5;80.600,00
4639;00001;1196;Jawa Timur;online;11/11/2023;8;51.200,00
4135;00025;1433;yogyakarta ;toko;03/06/2024;9;23.400,00
4112;00040;1469;yogyakarta ;online;20/12/2024;7;146.100,00
580;00053;1045; YOGYAKARTA;reseller;25/12/2023;10;113.200,00
671;00045;1291;Jawa Timur;toko;26/08/2024;10;59.300,00
1290;00023;1068;Jawa Timur;online;14/10/2024;1;99.500,00
3641;00013;1582; YOGYAKARTA;toko;26/12/2024;1;47.200,00
2851;00036;1491; YOGYAKARTA;toko;29/09/2023;8;72.200,00
2307;00007;1621;yogyakarta ;toko;03/09/2023;5;170.100,00
2506;00032;1162;Jawa Barat;toko;16/06/2024;4;68.800,00
2773;00017;1396; YOGYAKARTA;toko;01/02/2023;8;36.400,00
116;00023;1113;yogyakarta ;toko;02/06/2023;5;116.300,00
4681;00037;1241; YOGYAKARTA;toko;13/05/2024;2;94.700,00
1104;00038;1540;Yogyakarta;toko;09/02/2023;4;179.700,00
1842;00024;1516;Jawa Timur;toko;04/11/2023;4;239.600,00
4934;00041;1211;Jawa Timur;toko;25/04/2023;6;70.000,00
4451;00040;1326;yogyakarta ;toko;03/05/2023;10;206.500,00
1298;00002;1487;;reseller;20/03/2023;2;48.100,00
4538;00041;1492;jawa tengah;toko;19/06/2023;5;127.500,00
1900;00044;1217; YOGYAKARTA;reseller;15/09/2023;9;127.100,00
547;00011;1756;jawa tengah;toko;09/08/2023;2;137.000,00
4070;00019;1181;jawa tengah;online;04/07/2024;4;
1008;00028;1719;jawa tengah;online;17/05/2023;7;175.300,00
2008;00031;1731; YOGYAKARTA;toko;24/10/2024;1;66.800,00
1965;00013;1617;Jawa Timur;toko;02/08/2024;3;79.300,00
2466;00008;1079;jawa tengah;toko;27/11/2023;9;164.000,00
47;00007;1699;jawa tengah;toko;03/07/2024;4;174.200,00
310;00038;1381;Yogyakarta;toko;25/06/2024;3;41.000,00
878;00033;1521;Jawa Tengah;reseller;12/04/2023;10;105.500,00
721;00051;1721;yogyakarta ;online;05/12/2024;9;83.600,00
1283;00043;1065;Jawa Tengah;toko;31/07/2023;11;34.100,00
1525;00044;1223;Jawa Tengah;toko;22/11/2023;1;80.100,00
3044;00009;1176; YOGYAKARTA;toko;21/06/2024;10;79.300,00
3776;00022;1220;Yogyakarta;toko;12/11/2024;10;
947;00017;1641;jawa tengah;online;21/03/2024;1;38.800,00
4990;00030;1347;Jawa Tengah;toko;29/10/2023;4;99.600,00
3399;00039;1311;yogyakarta ;toko;16/05/2024;-999;144.000,00
4131;00014;1036;Jawa Timur;online;16/12/2024;2;139.400,00
150;00008;1797;Jawa Timur;online;31/01/2023;2;
3261;00024;1532;Yogyakarta;toko;12/03/2024;5;89.700,00
408;00012;1442;jawa tengah;online;18/11/2024;1;214.600,00
3811;00026;1204;Jawa Tengah;online;23/02/2023;6;84.300,00
1748;00055;1455;jawa tengah;online;26/02/2024;9;119.000,00
1340;00034;1657;Jawa Timur;toko;09/05/2024;6;139.900,00
4602;00059;1779;Jawa Barat;reseller;09/11/2023;3;154.200,00
1956;00048;1109;Jawa Timur;toko;15/02/2023;2;
4789;00013;1083;Yogyakarta;online;03/11/2024;8;125.700,00
806;00010;1544;Jawa Timur;reseller;24/06/2023;11;172.700,00
3502;00053;1755;Yogyakarta;online;14/01/2024;2;37.600,00
4544;00002;1591;jawa tengah;toko;16/07/2023;5;95.100,00
625;00058;1316;Yogyakarta;reseller;21/09/2024;5;199.300,00
4081;00037;1494;Jawa Tengah;toko;23/05/2023;4;186.600,00
175;00004;1126;yogyakarta ;toko;08/11/2024;3;122.000,00
1033;00015;1605;Yogyakarta;reseller;24/09/2023;1;146.200,00
2241;00003;1449;jawa tengah;toko;14/04/2023;9;160.900,00
331;00054;1765; YOGYAKARTA;reseller;17/08/2023;6;67.500,00
2170;00005;1484; YOGYAKARTA;reseller;10/04/2023;9;84.800,00
4452;00031;1787;Jawa Timur;toko;14/07/2023;6;135.800,00
1430;00024;1524;Jawa Timur;reseller;12/02/2024;5;96.900,00
3432;00029;1238;Jawa Tengah;reseller;24/08/2024;3;43.700,00
312;00058;1565;jawa tengah;reseller;05/10/2023;8;82.900,00
3130;00048;1364;jawa tengah;reseller;29/07/2024;3;46.200,00
1685;00055;1158;Jawa Barat;toko;17/04/2023;6;205.500,00
1043;00016;1104;Jawa Tengah;toko;22/07/2023;11;89.700,00
1937;00059;1128;Jawa Tengah;toko;10/04/2024;10;39.100,00
741;00015;1595;Jawa Tengah;reseller;13/09/2023;11;137.100,00
1763;00012;1585;jawa tengah;online;15/11/2024;9;101.700,00
4010;00034;1708;jawa tengah;online;17/12/2024;3;56.500,00
2931;00053;1584; YOGYAKARTA;reseller;29/07/2023;8;101.700,00
4785;00028;1513;Jawa Barat;reseller;18/08/2024;8;75.200,00
4905;00007;1721;Jawa Tengah;toko;27/02/2023;1;230.800,00
3452;00032;1686;Jawa Tengah;online;26/03/2024;6;173.000,00
4146;00016;1464;Yogyakarta;online;11/06/2023;2;135.200,00
1985;00035;1690;Jawa Barat;online;24/09/2024;8;18.900,00
637;00047;1376;Jawa Barat;online;19/12/2023;2;229.000,00
3200;00052;1700; YOGYAKARTA;online;11/12/2024;5;95.200,00
18;00048;1008;Jawa Tengah;toko;20/05/2023;8;42.400,00
354;00046;1707;Jawa Barat;online;24/03/2023;10;63.400,00
258;00011;1035;yogyakarta ;reseller;15/04/2024;4;184.500,00
2999;00032;1343;Jawa Tengah;toko;08/09/2023;9;
2911;00059;1009;Jawa Tengah;toko;21/04/2024;2;67.100,00
4807;00058;1603;yogyakarta ;online;06/11/2024;3;75.300,00
4157;00041;1062; YOGYAKARTA;toko;16/04/2023;1;64.300,00
1529;00016;1164;jawa tengah;reseller;12/08/2023;11;183.300,00
1095;00054;1625;Jawa Barat;toko;06/08/2024;6;29.000,00
4403;00040;1337;yogyakarta ;online;11/08/2024;9;
2470;00011;1329;Yogyakarta;online;23/04/2024;11;269.200,00
3618;00054;1269;Jawa Timur;reseller;01/05/2024;9;57.500,00
860;00031;1190;Jawa Timur;online;09/02/2023;8;474.800,00
13;00054;1199;Yogyakarta;reseller;23/01/2024;2;132.600,00
4127;00012;1729; YOGYAKARTA;online;05/04/2024;9;99.300,00
4166;00035;1453;yogyakarta ;online;20/11/2024;9;92.400,00
2420;00057;1277;Jawa Tengah;online;24/10/2024;7;96.700,00
389;00007;1350;Yogyakarta;toko;10/09/2024;1;191.000,00
4547;00022;1743;Jawa Timur;toko;30/05/2023;7;174.800,00
4368;00056;1112;Yogyakarta;online;14/09/2024;9;97.400,00
938;00027;1651;Yogyakarta;toko;15/08/2023;10;146.500,00
4590;00041;1268;yogyakarta ;online;18/09/2024;3;98.000,00
2068;00006;1217;jawa tengah;online;02/04/2024;11;123.200,00
428;00037;1528;jawa tengah;online;17/08/2023;1;46.800,00
4917;00016;1668;Yogyakarta;online;19/07/2024;9;150.800,00
1308;00017;1205;Jawa Timur;online;01/10/2024;8;56.300,00
1374;00048;1148;Jawa Timur;toko;22/06/2024;4;76.100,00
1378;00027;1298;Jawa Barat;toko;21/04/2023;6;145.600,00
409;00045;1111;jawa tengah;online;04/08/2024;3;80.000,00
981;00051;1236;Jawa Tengah;toko;24/04/2024;7;37.800,00
1442;00007;1658;Jawa Barat;online;05/05/2023;8;516.100,00
3355;00041;1601;Jawa Barat;reseller;20/06/2024;11;
513;00036;1138; YOGYAKARTA;toko;12/10/2024;10;234.200,00
2158;00025;1560;Yogyakarta;toko;26/08/2023;11;37.100,00
1725;00017;1156;Jawa Timur;reseller;17/11/2024;2;129.100,00
3649;00017;1687;jawa tengah;toko;28/12/2024;10;77.700,00
3086;00012;1112;Jawa Timur;toko;13/01/2024;6;60.300,00
2446;00023;1249;yogyakarta ;reseller;21/01/2023;4;130.100,00
4128;00011;1673; YOGYAKARTA;toko;01/07/2023;8;98.700,00
1892;00009;1134;Yogyakarta;online;07/04/2023;6;102.500,00
3996;00051;1366;Jawa Timur;reseller;14/06/2024;2;171.600,00
2149;00056;1227;jawa tengah;toko;28/07/2024;2;258.800,00
933;00023;1343;Jawa Tengah;reseller;05/02/2023;2;60.500,00
3233;00009;1774;Jawa Timur;reseller;04/06/2024;11;98.100,00
4257;00033;1506;Jawa Timur;reseller;17/08/2023;3;24.700,00
4320;00033;1100;jawa tengah;online;25/03/2023;9;147.700,00
2417;00016;1515;Jawa Barat;reseller;15/10/2024;8;279.600,00
3743;00049;1674;Yogyakarta;online;29/06/2023;5;56.900,00
2123;00049;1584;yogyakarta ;toko;19/04/2023;1;142.200,00
4984;00029;1034;Yogyakarta;reseller;29/10/2024;1;265.600,00
966;00026;1171;Jawa Tengah;toko;31/10/2024;6;46.600,00
178;00025;1441;yogyakarta ;online;05/09/2024;5;113.200,00
1857;00036;1199;Jawa Tengah;online;22/04/2024;7;107.800,00
4089;00026;1697;Jawa Tengah;toko;05/09/2023;4;39.900,00
2090;00035;1628;Jawa Tengah;toko;31/12/2023;6;43.900,00
3329;00034;1397;yogyakarta ;online;16/01/2024;8;43.600,00
2820;00043;1710;Jawa Tengah;online;18/01/2024;1;190.700,00
4396;00017;1075;Jawa Timur;toko;20/07/2023;9;122.900,00
2815;00032;1524;Jawa Timur;online;09/04/2024;7;112.900,00
303;00047;1460;yogyakarta ;reseller;10/05/2024;8;53.900,00
1870;00006;1558;Yogyakarta;online;16/06/2023;1;43.600,00
2140;00043;1749;jawa tengah;online;15/01/2023;6;162.300,00
3255;00022;1398;yogyakarta ;online;18/07/2023;2;106.200,00
1622;00056;1661;jawa tengah;toko;27/10/2023;7;82.600,00
4118;00013;1392;Jawa Timur;toko;25/09/2024;5;151.800,00
4736;00016;1616;yogyakarta ;toko;20/12/2023;8;119.500,00
1725;00017;1156;Jawa Timur;reseller;17/11/2024;2;129.100,00
1392;00034;1322;yogyakarta ;toko;17/01/2023;5;47.300,00
635;00022;1529;Jawa Tengah;reseller;11/12/2023;6;54.200,00
1959;00045;1027;jawa tengah;toko;14/11/2024;6;194.000,00
3838;00004;1741;yogyakarta ;online;07/10/2024;2;
2146;00028;1350;jawa tengah;toko;17/10/2024;3;89.100.000,00
1038;00015;1510;Yogyakarta;toko;23/07/2024;8;58.600,00
3358;00010;1191;jawa tengah;toko;13/11/2023;5;46.900,00
4967;00018;1741; YOGYAKARTA;online;09/09/2023;4;65.100,00
2983;00054;1592;yogyakarta ;toko;03/12/2023;6;
1984;00006;1159;Jawa Tengah;online;22/05/2024;2;135.300,00
882;00036;1330;jawa tengah;toko;27/05/2023;4;59.700,00
2892;00056;1565;Jawa Timur;online;12/07/2023;6;86.200,00
4858;00016;1622;Yogyakarta;toko;24/12/2023;11;97.400,00
4883;00040;1457;yogyakarta ;online;06/04/2023;5;70.100,00
1097;00005;1452;Jawa Tengah;reseller;01/11/2023;7;180.000,00
2713;00018;1763;Yogyakarta;toko;22/11/2023;6;52.100,00
4095;00058;1334;Yogyakarta;toko;04/03/2023;5;182.000,00
2502;00053;1382;yogyakarta ;reseller;16/06/2024;5;150.200,00
4898;00048;1349;Jawa Tengah;online;28/11/2023;10;44.300,00
1846;00030;1598;jawa tengah;online;02/05/2024;4;119.800,00
4196;00050;1293;Jawa Tengah;reseller;28/12/2023;5;93.100,00
1918;00032;1550;Jawa Barat;toko;16/06/2023;-999;50.700,00
204;00039;1259;Jawa Barat;online;21/04/2024;7;405.600,00
4812;00012;1536;Jawa Tengah;online;26/07/2024;1;97.100,00
1127;00010;1460;Jawa Timur;toko;09/07/2023;9;190.100,00
3761;00033;1491;Jawa Tengah;toko;27/01/2024;2;124.600,00
4903;00055;1348;Jawa Barat;toko;21/10/2023;2;292.000,00
3244;00051;1761;Jawa Barat;reseller;24/07/2024;7;54.800,00
3066;00041;1161;yogyakarta ;online;08/04/2023;9;
2116;00007;1375;Jawa Barat;toko;27/12/2024;5;132.200,00
3522;00020;1226;jawa tengah;toko;09/08/2024;5;134.900,00
1998;00058;1692;jawa tengah;toko;04/04/2023;5;225.200,00
4563;00015;1395;yogyakarta ;toko;18/04/2023;3;178.100,00
3862;00049;1708;yogyakarta ;online;01/12/2023;6;169.400,00
3646;00044;1069;yogyakarta ;reseller;07/03/2023;4;32.700,00
1415;00046;1166;Yogyakarta;toko;02/07/2023;7;68.400,00
801;00058;1377;Jawa Tengah;toko;06/04/2024;8;164.400,00
2022;00055;1526;yogyakarta ;toko;20/08/2024;2;133.400,00
707;00059;1714;Jawa Timur;reseller;06/12/2024;3;97.400,00
2015;00034;1231;jawa tengah;online;08/04/2023;3;51.000,00
3745;00029;1379;Yogyakarta;online;01/02/2023;3;74.500,00
1040;00038;1579;Yogyakarta;toko;09/09/2024;5;
3647;00051;1472;jawa tengah;reseller;15/01/2023;9;191.800,00
3386;00018;1421; YOGYAKARTA;online;23/10/2024;2;91.000,00
252;00014;1373;Yogyakarta;toko;13/05/2024;9;72.700,00
1546;00019;1664;yogyakarta ;reseller;02/02/2024;10;106.300,00
4374;00051;1343;yogyakarta ;toko;23/06/2023;1;62.500,00
2652;00055;1403;Jawa Timur;toko;05/04/2023;2;114.400,00
906;00049;1590;Jawa Barat;reseller;26/07/2024;4;121.500,00
1898;00037;1754;yogyakarta ;online;07/09/2023;5;94.100,00
3704;00045;1067;Jawa Tengah;toko;14/04/2023;5;66.200,00
545;00002;1727; YOGYAKARTA;online;23/09/2023;7;93.600,00
1914;00028;1730;yogyakarta ;toko;11/09/2023;1;69.900,00
507;00042;1599;Yogyakarta;toko;04/04/2024;5;49.500,00
4968;00052;1507; YOGYAKARTA;online;04/01/2023;3;123.700,00
3882;00023;1069;Jawa Timur;reseller;11/01/2024;2;212.400,00
4472;00057;1439;Jawa Barat;toko;17/05/2024;11;
1908;00001;1563;Jawa Barat;toko;25/04/2023;4;104.300,00
1653;00030;1544;Jawa Tengah;online;30/09/2023;5;
2106;00038;1336; YOGYAKARTA;toko;12/02/2024;8;47.200,00
673;00050;1566;Yogyakarta;reseller;12/07/2023;6;46.800,00
3038;00021;1690;Jawa Tengah;toko;04/03/2024;2;144.200,00
1683;00044;1249;Jawa Timur;reseller;12/01/2024;5;82.200,00
1861;00059;1572; YOGYAKARTA;toko;02/05/2023;8;64.600,00
2702;00053;1117;Jawa Barat;toko;20/02/2023;4;76.200,00
2705;00001;1435;yogyakarta ;online;07/08/2024;10;108.600,00
868;00033;1442;yogyakarta ;online;03/04/2023;6;104.400,00
349;00044;1381;Yogyakarta;toko;17/04/2024;-999;95.400,00
848;00043;1539;yogyakarta ;toko;19/08/2023;7;84.500,00
139;00057;1214;Yogyakarta;online;22/03/2023;9;53.200,00
326;00050;1030;Yogyakarta;toko;05/01/2024;1;92.800,00
54;00028;1605;Jawa Tengah;toko;07/04/2024;8;55.400,00
4953;00021;1776; YOGYAKARTA;toko;21/04/2023;11;181.800,00
2687;00023;1730;jawa tengah;toko;19/10/2024;9;197.000,00
2376;00029;1674;Jawa Timur;toko;08/08/2024;6;85.800,00
1434;00022;1772;jawa tengah;toko;26/09/2023;2;79.000,00
2148;00028;1781;yogyakarta ;online;09/12/2023;6;163.800,00
2377;00047;1114;Jawa Barat;toko;09/11/2023;5;167.800,00
2394;00019;1794;Jawa Barat;toko;15/12/2023;8;82.200,00
1539;00052;1457;jawa tengah;toko;22/07/2024;1;118.100,00
1000;00012;1767;Jawa Barat;toko;04/03/2024;8;
315;00037;1570;Jawa Timur;toko;04/12/2024;1;73.600,00
1164;00053;1350;jawa tengah;toko;03/09/2023;5;162.300,00
4829;00014;1352;Jawa Barat;toko;11/04/2023;10;58.300,00
3333;00018;1113; YOGYAKARTA;toko;24/03/2024;1;111.800,00
3448;00007;1164;jawa tengah;toko;09/01/2024;4;128.600,00
4781;00012;1552; YOGYAKARTA;toko;26/06/2023;10;99.600,00
4534;00020;1746;Jawa Barat;online;16/02/2023;6;76.100,00
2981;00015;1446;Jawa Tengah;toko;11/07/2023;1;137.700,00
1580;00020;1574;jawa tengah;toko;14/05/2023;4;103.700,00
4722;00045;1742;Jawa Barat;online;19/10/2024;2;
2887;00023;1788;Jawa Timur;online;18/08/2024;7;
183;00058;1731;Jawa Barat;reseller;02/04/2024;10;133.200,00
2423;00033;1433;yogyakarta ;toko;04/12/2024;8;126.900,00
4253;00021;1624;jawa tengah;toko;19/02/2023;11;153.000,00
4867;00010;1127;Jawa Barat;toko;30/12/2023;6;118.500,00
942;00003;1692;Yogyakarta;online;03/05/2024;3;75.600,00
2422;00046;1757;Jawa Barat;toko;31/01/2023;11;
3642;00048;1731; YOGYAKARTA;reseller;17/12/2023;9;125.000,00
2536;00011;1571; YOGYAKARTA;toko;28/05/2023;1;46.300,00
2845;00028;1357;Yogyakarta;toko;12/08/2023;7;168.400,00
2277;00052;1500; YOGYAKARTA;toko;03/04/2023;2;136.700,00
3418;00006;1471;Jawa Timur;toko;25/05/2023;6;66.000,00
594;00056;1498;Yogyakarta;online;29/07/2024;9;44.200,00
470;00010;1297;Jawa Tengah;online;27/08/2024;11;46.600,00
4991;00001;1250;Jawa Barat;reseller;24/11/2024;2;190.600,00
2370;00055;1644; YOGYAKARTA;toko;07/11/2023;4;143.300,00
2397;00001;1230;Jawa Timur;reseller;12/06/2023;1;168.800,00
3740;00003;1655;Jawa Tengah;online;04/04/2023;-999;
3469;00042;1326;Jawa Barat;toko;11/08/2024;3;29.300,00
2274;00012;1557;Jawa Tengah;toko;25/03/2023;11;225.600,00
2956;00040;1581;Yogyakarta;toko;26/10/2024;1;40.500,00
4325;00004;1610;Jawa Barat;toko;05/02/2024;9;
165;00015;1594;Jawa Barat;toko;11/11/2024;2;66.200,00
1485;00045;1434;jawa tengah;online;07/12/2024;9;71.600,00
1969;00016;1649;Yogyakarta;toko;09/05/2023;8;26.300,00
4125;00010;1531;Jawa Barat;toko;11/07/2023;5;307.700,00
3294;00032;1546; YOGYAKARTA;toko;25/02/2023;10;45.600,00
4636;00042;1785;Jawa Timur;toko;03/04/2024;3;138.600,00
1061;00014;1479;jawa tengah;reseller;08/03/2024;8;75.400,00
2428;00055;1529;jawa tengah;toko;27/01/2024;6;233.100,00
2763;00013;1317;Jawa Tengah;reseller;23/05/2024;9;57.000,00
2175;00007;1121;Yogyakarta;toko;01/04/2024;10;131.000,00
2227;00041;1409; YOGYAKARTA;toko;16/07/2023;5;58.300,00
3420;00035;1113;Yogyakarta;online;29/11/2024;6;
1932;00032;1004;Jawa Tengah;online;06/06/2023;2;199.300,00
1825;00057;1752;Jawa Barat;online;24/09/2023;9;
3664;00005;1097;;toko;16/05/2024;1;
4941;00029;1233;Jawa Timur;toko;30/08/2024;5;52.200,00
3330;00003;1036;Jawa Tengah;toko;07/08/2024;7;65.600,00
1762;00053;1666;yogyakarta ;online;20/07/2024;8;296.300,00
1575;00058;1249;;reseller;28/07/2024;2;116.700,00
4355;00012;1665;Yogyakarta;toko;08/09/2023;4;
1116;00002;1475;jawa tengah;online;29/11/2024;3;175.500,00
4539;00056;1439;Jawa Timur;online;16/09/2024;5;115.700,00
3071;00052;1762;Jawa Tengah;online;19/08/2024;3;115.400,00
3663;00022;1218;Jawa Barat;toko;01/10/2023;9;136.600,00
1228;00024;1474;jawa tengah;toko;22/08/2024;1;32.600,00
4187;00051;1049;Yogyakarta;online;12/09/2024;5;57.900,00
3207;00036;1043;jawa tengah;online;19/04/2024;5;35.600,00
2572;00051;1545;Yogyakarta;toko;25/11/2023;10;41.100,00
1;00056;1551;Jawa Tengah;toko;09/04/2024;2;79.000,00
1646;00045;1248;Yogyakarta;online;21/05/2024;1;111.700,00
3498;00007;1715;yogyakarta ;online;30/07/2023;9;33.400,00
683;00023;1114;yogyakarta ;reseller;14/02/2024;11;82.400,00
4575;00049;1400;Yogyakarta;toko;11/07/2023;4;76.000,00
382;00012;1056;jawa tengah;toko;10/01/2024;2;19.700,00
1492;00019;1144;jawa tengah;reseller;23/07/2024;8;90.500,00
4042;00049;1130;Jawa Tengah;online;01/05/2024;-999;175.900,00
705;00026;1019;Yogyakarta;toko;16/03/2023;1;140.200,00
4514;00007;1239;Yogyakarta;online;06/08/2024;6;173.000,00
619;00021;1091;Jawa Tengah;online;24/12/2023;1;221.100,00
4391;00003;1709;Yogyakarta;online;07/09/2024;9;162.500,00
1645;00050;1334;Jawa Timur;toko;18/11/2023;7;178.500,00
1510;00009;1056;Jawa Timur;reseller;05/02/2023;1;66.600,00
224;00054;1371; YOGYAKARTA;reseller;21/01/2024;9;41.000,00
4738;00058;1218;jawa tengah;online;07/04/2023;8;121.300,00
4310;00023;1165; YOGYAKARTA;reseller;09/12/2023;3;116.500,00
573;00017;1533;Yogyakarta;toko;13/12/2023;9;65.200,00
3593;00037;1143;Yogyakarta;toko;23/03/2024;8;109.000,00
78;00049;1563; YOGYAKARTA;reseller;26/07/2024;4;121.700,00
4520;00012;1581;Jawa Timur;toko;23/09/2024;1;41.000,00
1025;00031;1658;Jawa Barat;online;06/09/2024;6;97.800,00
440;00046;1695;Yogyakarta;online;10/02/2024;2;88.800,00
4409;00009;1642;Jawa Timur;toko;03/10/2023;8;41.200,00
2685;00002;1746;yogyakarta ;online;10/05/2023;7;112.100,00
3506;00054;1168;jawa tengah;toko;30/03/2023;2;32.400,00
343;00014;1292;Jawa Tengah;toko;27/09/2023;1;276.800,00
475;00040;1623;Jawa Timur;toko;10/08/2024;3;
3624;00041;1670;Jawa Barat;toko;10/01/2023;7;257.200,00
2346;00004;1328;jawa tengah;toko;30/11/2024;7;146.700,00
2594;00040;1161;Jawa Barat;toko;18/10/2023;10;105.000,00
2592;00057;1066;jawa tengah;reseller;18/08/2024;7;43.200,00
3887;00012;1761;jawa tengah;reseller;25/05/2023;1;
2643;00023;1683;Jawa Barat;toko;28/12/2023;1;75.800,00
1859;00052;1047; YOGYAKARTA;online;07/02/2024;11;
2861;00003;1602;Jawa Barat;toko;20/09/2023;3;112.000,00
491;00035;1205;yogyakarta ;toko;16/06/2024;9;142.500,00
4652;00037;1686;Yogyakarta;toko;21/04/2024;2;48.600,00
3681;00036;1162;Yogyakarta;toko;21/11/2023;9;91.600,00
4530;00051;1003; YOGYAKARTA;toko;27/02/2023;3;85.000,00
374;00002;1273;yogyakarta ;toko;16/01/2023;8;238.300,00
2443;00037;1585;Yogyakarta;online;20/08/2023;5;
686;00043;1449;Jawa Tengah;online;04/06/2023;1;120.900,00
4896;00042;1606;Jawa Barat;toko;31/05/2023;9;73.800,00
255;00054;1447; YOGYAKARTA;online;03/04/2024;3;62.200,00
4479;00007;1324;Jawa Timur;online;27/08/2024;9;72.300,00
2;00037;1491;Jawa Tengah;online;14/03/2023;4;57.400,00
3186;00001;1587;jawa tengah;toko;13/10/2023;9;53.200,00
1875;00042;1301;Jawa Barat;online;27/05/2024;8;74.700,00
4671;00026;1630;Jawa Timur;online;16/10/2024;5;95.900,00
2457;00023;1731;Yogyakarta;online;22/12/2023;2;74.700,00
1223;00043;1704; YOGYAKARTA;toko;28/09/2024;11;68.200,00
3732;00026;1728; YOGYAKARTA;online;07/08/2023;2;122.800,00
296;00026;1438;Jawa Timur;toko;04/04/2024;10;58.400,00
710;00008;1485;Jawa Barat;toko;31/08/2024;6;51.600,00
2060;00024;1325;yogyakarta ;toko;08/11/2024;8;64.600,00
4685;00038;1660;Jawa Timur;toko;18/09/2023;10;
3496;00053;1379;Jawa Tengah;toko;01/11/2023;3;167.900,00
2330;00008;1276; YOGYAKARTA;online;03/09/2024;7;136.900,00
2995;00059;1429;Jawa Tengah;toko;22/02/2023;9;67.600,00
4794;00002;1643;Yogyakarta;online;31/05/2023;6;53.000,00
2971;00037;1180;Jawa Barat;online;14/04/2024;7;86.300,00
2667;00023;1212;Yogyakarta;online;17/12/2024;5;45.200,00
2197;00005;1323;;toko;16/12/2024;5;50.600,00
4460;00029;1021;Jawa Tengah;toko;05/10/2024;8;111.800,00
1943;00031;1028;Yogyakarta;toko;27/03/2023;1;95.800,00
1352;00048;1179;yogyakarta ;reseller;29/10/2023;10;
190;00020;1303;Jawa Timur;online;10/03/2023;5;210.200,00
3595;00053;1078;Jawa Timur;toko;17/04/2024;10;85.500,00
3145;00038;1004;jawa tengah;online;02/11/2024;4;155.800,00
1373;00018;1545;Jawa Timur;toko;25/04/2023;3;138.900,00
1296;00023;1706; YOGYAKARTA;online;08/10/2023;7;75.900,00
2486;00030;1066;Jawa Tengah;toko;15/05/2023;4;42.700,00
556;00043;1257;jawa tengah;online;18/05/2023;11;107.100,00
1111;00056;1276;Yogyakarta;toko;10/08/2024;6;25.500,00
1189;00046;1218;jawa tengah;toko;08/05/2024;7;109.500,00
3720;00058;1001;Jawa Tengah;online;17/08/2023;10;156.700,00
3628;00017;1402;Jawa Barat;toko;29/06/2024;3;146.100,00
1218;00055;1585;Jawa Barat;reseller;13/12/2023;4;180.800,00
3828;00033;1199; YOGYAKARTA;toko;01/05/2023;3;88.500,00
988;00030;1391; YOGYAKARTA;reseller;21/03/2024;11;173.000,00
2048;00028;1240;yogyakarta ;online;22/10/2024;11;58.400,00
1708;00012;1459;Jawa Tengah;online;31/01/2023;2;61.100,00
668;00012;1777;Jawa Barat;toko;15/10/2024;9;
2424;00004;1268;jawa tengah;reseller;07/09/2024;9;199.600,00
57;00049;1042;Jawa Tengah;online;14/05/2023;1;88.500,00
3695;00026;1215;Jawa Timur;online;26/07/2024;8;78.800,00
1054;00012;1311;jawa tengah;online;09/02/2023;11;293.100,00
2529;00045;1001; YOGYAKARTA;online;22/02/2023;2;151.600,00
3035;00022;1520;Jawa Barat;online;29/12/2023;11;
3421;00019;1759; YOGYAKARTA;toko;26/11/2024;3;105.600,00
4094;00011;1233;Yogyakarta;toko;13/05/2024;3;122.300,00
704;00008;1361;Jawa Tengah;online;28/08/2024;5;124.100,00
2769;00003;1151;Jawa Barat;online;29/05/2024;8;101.800,00
3558;00006;1098;Jawa Timur;online;15/09/2024;-999;235.200,00
17;00008;1227;yogyakarta ;toko;29/02/2024;4;96.700,00
4448;00054;1191;Jawa Tengah;reseller;22/03/2023;4;49.700,00
135;00049;1000;jawa tengah;online;15/05/2024;9;149.400,00
4098;00051;1082;Jawa Tengah;toko;16/08/2024;2;144.700,00
438;00008;1351;Jawa Timur;toko;08/10/2023;4;137.400,00
3635;00016;1788; YOGYAKARTA;toko;17/05/2024;4;68.600,00
4975;00031;1172;jawa tengah;reseller;30/11/2024;11;188.300,00
4711;00044;1754; YOGYAKARTA;online;10/03/2024;7;122.300,00
3759;00029;1776;Jawa Barat;toko;29/09/2023;9;29.600,00
445;00035;1635;Jawa Tengah;toko;22/11/2024;5;321.000,00
2567;00034;1597;Jawa Timur;toko;30/11/2024;3;87.000,00
3240;00043;1601;Jawa Barat;toko;25/04/2024;3;67.100,00
2748;00018;1568;Jawa Tengah;toko;19/05/2023;4;183.400,00
2257;00006;1403;Jawa Timur;reseller;15/09/2024;9;69.600,00
1192;00031;1728;Yogyakarta;online;26/12/2024;5;63.300,00
1274;00019;1482; YOGYAKARTA;toko;16/01/2024;9;83.300,00
1087;00048;1747;jawa tengah;toko;27/12/2024;7;312.300,00
426;00007;1667;Jawa Timur;online;21/01/2024;10;
3983;00037;1553;jawa tengah;reseller;11/06/2023;6;
1114;00057;1217;Jawa Barat;toko;03/04/2023;1;36.800,00
275;00010;1305;yogyakarta ;online;09/01/2023;1;57.100,00
4505;00015;1340; YOGYAKARTA;online;13/05/2023;-999;287.900,00
1181;00047;1458; YOGYAKARTA;online;25/11/2024;1;62.700,00
3667;00039;1368;Jawa Barat;toko;24/10/2024;6;98.900,00
2524;00021;1491;Yogyakarta;online;18/12/2023;9;176.800,00
3065;00018;1578; YOGYAKARTA;reseller;11/12/2024;10;139.600,00
3625;00046;1742;Jawa Barat;online;23/04/2024;4;235.800,00
1536;00024;1306;Jawa Barat;toko;20/07/2024;10;106.900,00
3818;00055;1477;Jawa Barat;reseller;09/11/2023;8;159.200,00
3091;00031;1428;yogyakarta ;online;28/01/2023;5;
2696;00023;1294;Yogyakarta;toko;21/05/2024;3;264.000,00
3836;00055;1214;Jawa Tengah;reseller;16/04/2023;11;315.500,00
3896;00046;1745;Yogyakarta;toko;24/09/2023;4;195.300,00
871;00038;1074;Jawa Tengah;online;16/11/2024;6;66.100,00
768;00004;1556;Yogyakarta;toko;12/05/2024;6;97.700,00
1954;00018;1171; YOGYAKARTA;online;20/05/2024;6;158.900,00
4961;00043;1466; YOGYAKARTA;reseller;29/10/2024;3;94.600,00
2238;00059;1309; YOGYAKARTA;reseller;14/11/2023;5;108.500,00
1205;00006;1567;Yogyakarta;online;15/09/2024;1;112.200,00
4276;00009;1466;Yogyakarta;toko;21/12/2023;9;41.600,00
4983;00014;1328;yogyakarta ;online;04/08/2024;11;88.100,00
1122;00028;1226; YOGYAKARTA;online;22/10/2024;5;116.400,00
2903;00049;1619;yogyakarta ;online;03/01/2024;4;146.300,00
1962;00020;1234; YOGYAKARTA;toko;13/09/2024;1;134.200,00
4933;00023;1170;Jawa Tengah;online;02/02/2024;1;87.500,00
3474;00015;1394;Jawa Timur;reseller;08/12/2024;11;49.200,00
3777;00012;1357;jawa tengah;online;11/08/2024;10;94.200,00
864;00006;1295;Jawa Timur;toko;03/07/2023;1;54.700,00
2723;00058;1552;Jawa Timur;online;17/06/2024;1;83.800,00
4442;00052;1776;yogyakarta ;toko;07/03/2023;9;59.300,00
1275;00035;1658; YOGYAKARTA;toko;22/02/2024;3;143.900,00
1320;00005;1292;yogyakarta ;toko;05/05/2023;10;224.300,00
3709;00004;1019;Yogyakarta;toko;02/10/2023;5;70.600,00
51;00009;1210;Jawa Barat;online;29/03/2024;8;117.500,00
4457;00027;1449;Jawa Barat;toko;12/05/2024;3;54.400,00
4217;00015;1308;Jawa Barat;toko;10/03/2023;8;120.900,00
4758;00051;1239;yogyakarta ;reseller;02/07/2024;11;66.000,00
1317;00036;1788; YOGYAKARTA;reseller;18/05/2024;3;160.600,00
75;00029;1119;Jawa Timur;toko;16/12/2024;1;58.500,00
1968;00004;1482;Jawa Tengah;toko;18/09/2024;10;58.800,00
1217;00033;1110;Jawa Tengah;toko;13/11/2023;6;114.400,00
4093;00008;1736;Jawa Timur;toko;17/11/2023;10;153.000,00
844;00046;1661;Jawa Timur;online;14/12/2024;4;177.100,00
2339;00036;1780;yogyakarta ;reseller;10/11/2024;1;75.100,00
2741;00029;1445;Jawa Timur;toko;22/12/2023;5;410.300,00
1286;00038;1514;Jawa Barat;reseller;28/01/2023;4;285.300,00
1995;00048;1442;yogyakarta ;online;26/12/2024;5;
479;00038;1177;Jawa Timur;online;12/10/2024;11;221.600,00
3462;00040;1500;Jawa Timur;online;27/03/2023;1;291.900,00
4171;00020;1663;Jawa Barat;online;27/11/2023;9;66.500,00
575;00045;1022; YOGYAKARTA;toko;31/10/2024;2;56.900,00
1457;00042;1279;jawa tengah;online;04/09/2023;7;75.900,00
3669;00008;1624;jawa tengah;toko;16/07/2024;8;150.000,00
4077;00056;1292;jawa tengah;toko;20/02/2024;4;212.700,00
2366;00025;1749;Jawa Barat;online;05/04/2023;2;121.700,00
655;00041;1443;Jawa Timur;online;15/06/2024;5;82.800,00
3807;00004;1339;yogyakarta ;toko;25/01/2023;-999;194.100,00
4491;00035;1008;Yogyakarta;reseller;29/11/2023;10;314.700,00
3741;00055;1287;Jawa Tengah;online;01/11/2024;9;112.400,00
1234;00015;1703;yogyakarta ;toko;29/06/2023;2;94.700,00
2310;00020;1106;Jawa Tengah;online;09/06/2023;7;50.600,00
4008;00044;1334;jawa tengah;reseller;26/11/2023;4;115.100,00
3719;00016;1062; YOGYAKARTA;online;25/09/2024;2;91.000,00
2562;00015;1707;yogyakarta ;online;07/07/2024;5;66.700,00
3385;00049;1037; YOGYAKARTA;toko;01/02/2024;4;48.200,00
441;00045;1310;jawa tengah;toko;06/08/2023;5;102.700,00
984;00016;1579;Yogyakarta;reseller;12/05/2024;2;25.300,00
1881;00007;1166;Jawa Tengah;toko;22/11/2024;6;87.000,00
3449;00032;1749;Yogyakarta;reseller;06/07/2023;7;94.600,00
206;00026;1365; YOGYAKARTA;toko;25/07/2023;3;50.300,00
793;00005;1351; YOGYAKARTA;online;04/02/2023;8;230.300,00
3361;00015;1166;yogyakarta ;toko;10/09/2024;4;145.400,00
2105;00005;1562;yogyakarta ;online;16/07/2024;5;174.400,00
3757;00049;1623;Jawa Barat;toko;22/09/2024;1;119.500,00
1409;00058;1292;Jawa Timur;toko;13/04/2024;1;128.600,00
4998;00038;1303;;toko;21/01/2024;4;48.400,00
532;00005;1267; YOGYAKARTA;reseller;25/01/2024;7;80.300,00
3723;00013;1718;yogyakarta ;toko;10/08/2023;3;80.900,00
980;00053;1089;Yogyakarta;toko;30/04/2024;5;126.700,00
590;00043;1079;Jawa Timur;reseller;15/11/2023;2;189.400,00
2286;00039;1661;Jawa Tengah;online;09/12/2023;1;91.800,00
1905;00025;1311;yogyakarta ;online;28/04/2023;7;90.500,00
1451;00043;1532; YOGYAKARTA;reseller;14/03/2023;11;49.000,00
1174;00054;1282; YOGYAKARTA;online;14/03/2024;4;34.200,00
606;00045;1623;Jawa Barat;reseller;27/01/2024;10;160.800,00
1786;00020;1709;Jawa Barat;online;05/07/2024;4;59.400,00
176;00023;1619;Jawa Barat;toko;16/04/2024;11;165.100,00
4849;00020;1444; YOGYAKARTA;online;04/10/2023;4;50.400,00
1481;00052;1712;Yogyakarta;online;27/06/2024;7;163.700,00
3483;00056;1187;Jawa Tengah;online;28/07/2024;-999;105.700,00
413;00014;1196;Jawa Timur;toko;06/02/2023;10;94.300,00
1391;00005;1164;Yogyakarta;online;20/06/2023;10;58.900,00
1342;00030;1677;Jawa Barat;online;06/04/2024;11;117.400,00
3112;00014;1204;Jawa Barat;toko;17/10/2024;11;73.900,00
2078;00057;1020;yogyakarta ;reseller;31/03/2024;8;44.500,00
3744;00041;1102;Jawa Barat;online;15/02/2024;5;224.400,00
3631;00035;1698; YOGYAKARTA;toko;28/09/2023;10;156.100,00
2702;00053;1117;Jawa Barat;toko;20/02/2023;4;76.200,00
3372;00031;1551; YOGYAKARTA;reseller;05/05/2024;5;217.900,00
79;00040;1581;Jawa Barat;toko;25/10/2024;7;144.900,00
2908;00007;1067; YOGYAKARTA;toko;03/04/2023;3;207.300,00
4189;00051;1531;Yogyakarta;toko;22/09/2023;4;47.900,00
4445;00024;1106;jawa tengah;toko;17/05/2023;1;154.700,00
3825;00026;1134;jawa tengah;toko;13/07/2024;7;248.000,00
265;00059;1196; YOGYAKARTA;reseller;26/02/2024;-999;226.400,00
4395;00058;1112;Jawa Barat;toko;07/09/2024;9;101.100,00
1599;00050;1584; YOGYAKARTA;online;06/05/2023;5;233.400,00
2323;00007;1035;Jawa Barat;online;01/07/2024;4;47.100,00
4361;00019;1178;Jawa Barat;online;15/12/2024;6;91.800,00
4948;00020;1797;Jawa Barat;toko;23/08/2024;1;86.400,00
4611;00033;1161;jawa tengah;online;28/07/2023;7;59.300,00
4770;00054;1577;Jawa Timur;online;04/05/2023;10;48.200,00
1179;00046;1727; YOGYAKARTA;reseller;04/01/2023;5;61.200,00
2071;00001;1718;Yogyakarta;reseller;24/05/2024;4;133.500,00
3787;00028;1488;Jawa Tengah;toko;30/07/2024;5;91.000,00
3742;00049;1258; YOGYAKARTA;online;14/03/2023;5;114.500,00
2387;00010;1799;jawa tengah;online;15/08/2023;5;
2276;00022;1665;Jawa Tengah;toko;06/01/2023;2;51.000,00
1341;00033;1329;jawa tengah;reseller;22/04/2023;6;85.700,00
4976;00042;1497;Jawa Barat;toko;24/02/2024;-999;88.900,00
3238;00028;1236;Jawa Tengah;toko;21/02/2024;5;77.200,00
2641;00007;1584; YOGYAKARTA;toko;21/07/2023;4;55.300,00
4221;00053;1638;Jawa Timur;toko;09/05/2024;5;139.800,00
11;00017;1628;Jawa Tengah;online;04/05/2023;6;140.000,00
439;00049;1134; YOGYAKARTA;online;22/03/2023;10;
1367;00034;1337;Yogyakarta;toko;18/04/2024;7;293.100,00
972;00027;1203; YOGYAKARTA;toko;16/02/2023;6;124.300,00
2461;00015;1293;Jawa Barat;toko;29/12/2023;5;97.300,00
1483;00035;1742; YOGYAKARTA;online;18/01/2024;5;99.200,00
670;00054;1799;jawa tengah;toko;30/10/2024;2;116.500,00
2915;00033;1744;jawa tengah;toko;28/03/2023;2;79.200,00
2894;00009;1716;Jawa Barat;reseller;25/07/2023;11;103.700,00
4222;00004;1709;yogyakarta ;toko;05/12/2023;1;167.600,00
2306;00035;1104;Jawa Barat;online;09/10/2023;2;258.000,00
4920;00023;1048;Yogyakarta;online;10/03/2024;11;159.500,00
1927;00032;1694;Jawa Barat;online;13/09/2023;7;137.100,00
1338;00017;1797;Jawa Tengah;online;09/09/2023;2;84.800,00
3588;00001;1181;Jawa Timur;toko;10/06/2024;5;34.900,00
3077;00039;1220;yogyakarta ;online;02/06/2024;2;46.500,00
4295;00037;1308;Jawa Tengah;reseller;05/07/2024;11;57.700,00
629;00046;1095;yogyakarta ;toko;24/03/2023;1;237.200,00
410;00034;1593;yogyakarta ;toko;27/12/2024;5;58.500,00
4908;00040;1233;yogyakarta ;toko;13/08/2024;10;208.800,00
1199;00036;1709;Jawa Timur;toko;26/02/2023;4;176.700,00
2637;00049;1498;Yogyakarta;reseller;20/02/2023;6;
3668;00043;1375;yogyakarta ;toko;11/06/2024;6;
2680;00040;1661; YOGYAKARTA;online;22/05/2024;1;
1202;00051;1004;Yogyakarta;online;16/10/2024;9;62.300,00
4110;00044;1282;Jawa Barat;toko;15/07/2023;7;44.000,00
761;00047;1605;Jawa Timur;online;17/08/2023;5;26.300,00
3107;00053;1582;Jawa Tengah;toko;23/07/2024;10;65.300,00
3611;00004;1432;Yogyakarta;online;16/08/2024;11;110.800,00
4079;00038;1029;jawa tengah;online;11/12/2024;10;69.300,00
4772;00059;1353; YOGYAKARTA;online;22/10/2023;2;39.200,00
1601;00037;1305;Jawa Timur;online;16/05/2024;8;244.600,00
2212;00053;1135;Jawa Tengah;online;21/11/2024;6;88.300,00
3417;00013;1033;Jawa Barat;toko;24/10/2023;8;
1594;00028;1236;Yogyakarta;toko;31/03/2024;8;88.500,00
1459;00032;1014;Jawa Timur;reseller;17/08/2023;5;234.300,00
1095;00054;1625;Jawa Barat;toko;06/08/2024;6;29.000,00
2179;00032;1294;Jawa Timur;toko;04/05/2023;1;77.700,00
3112;00014;1204;Jawa Barat;toko;17/10/2024;11;73.900,00
2282;00031;1090; YOGYAKARTA;reseller;19/03/2024;3;
694;00053;1742;Jawa Tengah;online;08/07/2023;1;213.600,00
1579;00049;1328;yogyakarta ;reseller;09/04/2023;5;176.100,00
2061;00045;1402;jawa tengah;online;06/10/2024;6;77.500,00
4894;00028;1757;Jawa Barat;reseller;22/02/2023;4;114.800,00
2985;00031;1040;Yogyakarta;online;23/07/2024;8;77.500,00
2352;00018;1480;Yogyakarta;toko;06/02/2023;6;68.500,00
2614;00004;1233;Yogyakarta;online;29/03/2023;4;192.900,00
3931;00034;1337;Jawa Tengah;reseller;29/03/2024;10;
3717;00024;1327;Jawa Tengah;toko;12/03/2024;10;
3064;00038;1440;Jawa Timur;online;17/12/2024;4;140.800,00
1371;00023;1777;yogyakarta ;toko;29/03/2024;3;55.600,00
4250;00002;1020;Jawa Tengah;online;05/01/2024;6;34.500,00
4979;00050;1188;Jawa Barat;online;06/01/2024;9;123.700,00
43;00050;1589;Jawa Tengah;toko;29/05/2023;1;
1241;00047;1030;yogyakarta ;toko;18/11/2024;7;75.900,00
1419;00032;1441;yogyakarta ;online;25/01/2023;8;138.000,00
879;00045;1295;Yogyakarta;reseller;04/02/2024;9;94.500,00
1484;00058;1525;Jawa Barat;reseller;24/03/2023;11;98.400,00
3780;00028;1204; YOGYAKARTA;toko;27/10/2024;11;75.900,00
2472;00001;1677; YOGYAKARTA;reseller;19/04/2023;11;94.100,00
4456;00033;1257;Jawa Barat;online;04/09/2023;7;72.800,00
56;00055;1016;Jawa Barat;online;20/12/2024;2;19.000,00
880;00005;1444;Yogyakarta;reseller;25/09/2023;7;143.400,00
1319;00031;1397; YOGYAKARTA;toko;19/06/2023;3;91.100,00
2634;00027;1204;Yogyakarta;online;18/04/2023;11;
4123;00040;1335;Yogyakarta;toko;09/06/2023;10;84.800,00
1239;00003;1166;Jawa Barat;toko;24/08/2023;3;
1514;00004;1512;Jawa Tengah;online;21/02/2024;7;40.800,00
136;00006;1495;Jawa Barat;online;21/08/2024;7;245.900,00
2259;00053;1514;Jawa Tengah;online;03/03/2024;10;144.600,00
2829;00040;1049;yogyakarta ;toko;02/10/2024;3;220.500,00
3284;00028;1215;Yogyakarta;online;26/10/2024;1;87.800,00
1863;00048;1762;Yogyakarta;reseller;08/11/2023;5;66.700,00
3929;00017;1518;Yogyakarta;toko;29/09/2024;1;63.000,00
3232;00012;1128;jawa tengah;toko;24/05/2023;3;181.500,00
3957;00009;1642; YOGYAKARTA;toko;09/04/2024;11;
4493;00023;1461;Yogyakarta;online;26/06/2024;10;83.800,00
1499;00033;1622;Jawa Timur;reseller;18/05/2024;5;73.600,00
4150;00007;1318;Jawa Tengah;toko;01/05/2023;9;106.600,00
4973;00004;1706;Jawa Barat;toko;14/09/2024;3;285.600,00
2942;00001;1647; YOGYAKARTA;toko;23/10/2024;1;106.600,00
179;00013;1612;Yogyakarta;online;28/07/2023;3;135.200,00
2789;00014;1192;yogyakarta ;toko;31/01/2024;4;74.600,00
4604;00004;1013;jawa tengah;toko;23/12/2024;6;
1643;00009;1700;Jawa Tengah;reseller;01/11/2024;3;234.600,00
3213;00036;1067;Jawa Barat;reseller;22/03/2024;10;60.400,00
301;00045;1139;Jawa Tengah;reseller;24/11/2023;2;50.000,00
3276;00050;1718;jawa tengah;toko;13/07/2024;9;59.200,00
1664;00023;1616;Jawa Tengah;online;24/04/2023;3;73.400,00
4816;00057;1272; YOGYAKARTA;online;22/12/2024;4;188.400,00
1002;00025;1161;jawa tengah;online;22/09/2023;11;67.400,00
3262;00024;1040;Jawa Tengah;online;11/12/2023;9;109.600,00
4175;00020;1630;Yogyakarta;toko;17/06/2024;2;53.500,00
3591;00019;1521;yogyakarta ;toko;17/03/2023;3;62.200,00
229;00019;1090;Yogyakarta;toko;15/11/2024;8;175.800,00
819;00035;1052;Jawa Timur;reseller;05/01/2024;6;201.100,00
989;00056;1508;yogyakarta ;toko;23/08/2024;1;324.600,00
30;00030;1723;Yogyakarta;toko;24/08/2023;2;73.100,00
1658;00017;1592; YOGYAKARTA;toko;06/02/2023;2;123.300,00
562;00040;1674;Jawa Timur;toko;04/05/2024;2;48.000,00
3465;00027;1084;jawa tengah;toko;16/12/2023;11;104.100,00
4986;00014;1026;Yogyakarta;toko;16/11/2023;4;252.400,00
226;00009;1758; YOGYAKARTA;toko;11/12/2024;4;48.100,00
4102;00047;1305;Jawa Timur;online;12/05/2023;6;227.000,00
4090;00022;1317;yogyakarta ;online;16/08/2023;10;93.200,00
4541;00056;1361;jawa tengah;reseller;11/10/2024;1;143.100,00
3444;00015;1026;Jawa Tengah;online;09/09/2023;1;119.600,00
4129;00011;1096;Jawa Timur;toko;06/06/2024;11;118.300,00
3011;00047;1111;jawa tengah;toko;16/10/2023;6;168.600,00
669;00027;1104;Jawa Barat;toko;16/08/2024;9;75.300,00
2944;00043;1069;Jawa Tengah;online;17/03/2023;10;140.000,00
3007;00008;1152;jawa tengah;toko;09/12/2023;4;145.900,00
4735;00038;1311;Yogyakarta;toko;26/03/2024;7;77.700,00
3540;00048;1400;Jawa Timur;toko;04/02/2023;8;69.200,00
152;00050;1447;Jawa Tengah;toko;09/11/2024;8;97.400,00
1803;00014;1794;jawa tengah;toko;30/11/2024;10;78.700,00
4319;00044;1078;yogyakarta ;toko;04/04/2024;4;188.600,00
703;00031;1102;Jawa Barat;online;21/03/2023;10;108.900,00
4888;00033;1267;Jawa Tengah;toko;05/01/2024;5;130.000,00
1445;00040;1470; YOGYAKARTA;reseller;14/03/2023;1;103.400,00
2951;00051;1368;Jawa Timur;online;07/12/2024;10;175.000,00
3518;00057;1103;;online;17/11/2023;6;67.100,00
855;00029;1591; YOGYAKARTA;toko;23/11/2024;2;151.800,00
1833;00014;1250; YOGYAKARTA;toko;22/01/2024;2;188.700,00
2882;00019;1011;Jawa Timur;online;07/08/2024;3;207.000,00
3295;00058;1221;yogyakarta ;reseller;02/07/2024;2;79.600,00
4715;00013;1389;jawa tengah;toko;26/01/2023;4;330.400,00
4210;00041;1251;Jawa Barat;online;22/12/2023;4;57.900,00
2338;00036;1352;Jawa Timur;online;16/12/2024;9;32.000,00
207;00005;1610;Jawa Barat;reseller;03/04/2023;6;79.000,00
1148;00053;1202; YOGYAKARTA;reseller;14/04/2023;2;192.100,00
3137;00002;1098;Jawa Timur;toko;11/03/2024;1;240.300,00
3298;00015;1489; YOGYAKARTA;toko;25/08/2024;-999;29.600,00
3239;00014;1243;Jawa Tengah;toko;09/03/2023;5;84.800,00
695;00015;1078; YOGYAKARTA;online;13/09/2023;10;90.000,00
1246;00056;1279; YOGYAKARTA;toko;07/07/2023;4;59.100,00
4085;00019;1737;Jawa Barat;toko;10/06/2023;1;
3853;00039;1426; YOGYAKARTA;online;29/11/2023;10;156.800,00
2732;00047;1219;Jawa Tengah;online;29/06/2023;2;99.500,00
3334;00012;1243; YOGYAKARTA;toko;16/01/2024;2;75.750.000,00
2666;00020;1176;Jawa Tengah;online;01/01/2024;11;178.500,00
1983;00004;1354;Jawa Tengah;online;24/10/2023;2;92.000,00
870;00055;1131;Yogyakarta;toko;01/01/2024;1;156.400,00
1660;00018;1267;yogyakarta ;online;14/12/2023;7;146.800,00
3234;00047;1639;Jawa Barat;online;07/04/2023;4;284.700,00
3051;00056;1057;Yogyakarta;online;20/01/2023;10;178.100,00
4723;00046;1752;Jawa Barat;online;23/03/2023;9;77.600,00
2678;00023;1519;yogyakarta ;reseller;12/01/2023;8;136.100,00
3398;00010;1548;jawa tengah;toko;07/08/2023;7;165.200,00
3079;00016;1013;Jawa Tengah;online;22/11/2023;2;71.300,00
3986;00034;1199; YOGYAKARTA;reseller;17/10/2024;11;79.600,00
1139;00049;1077;yogyakarta ;toko;23/04/2024;3;128.700,00
2695;00007;1085;yogyakarta ;toko;02/04/2024;10;65.200,00
4236;00032;1481;yogyakarta ;online;09/05/2023;3;67.000,00
4586;00014;1564; YOGYAKARTA;online;03/04/2023;1;85.100,00
4743;00012;1098;yogyakarta ;reseller;16/11/2023;11;42.800,00
4311;00032;1063;Jawa Timur;toko;21/09/2023;1;110.400,00
4815;00037;1102;Yogyakarta;online;17/07/2024;8;98.200,00
3370;00014;1160;Jawa Timur;toko;17/11/2024;11;192.500,00
2180;00022;1156;Jawa Timur;toko;18/04/2023;3;73.500,00
4411;00007;1793;Jawa Tengah;toko;14/06/2023;4;211.100,00
2187;00039;1505;Jawa Tengah;toko;23/10/2023;6;213.000,00
2640;00028;1146;Jawa Tengah;online;20/09/2024;9;145.500,00
4945;00012;1656;jawa tengah;toko;10/06/2024;1;60.900,00
417;00054;1185;yogyakarta ;toko;03/08/2024;10;185.300,00
2087;00032;1778;Jawa Tengah;online;23/08/2023;4;55.900,00
4055;00043;1623; YOGYAKARTA;online;14/10/2024;6;82.800,00
3987;00052;1205;Jawa Timur;toko;28/08/2023;4;170.900,00
2755;00015;1710;Yogyakarta;online;21/05/2024;8;85.000,00
137;00024;1012;Jawa Barat;toko;18/06/2023;11;159.600,00
1475;00035;1435;jawa tengah;toko;30/09/2023;8;76.300,00
1123;00051;1397; YOGYAKARTA;toko;30/11/2023;8;182.600,00
4132;00030;1775;jawa tengah;toko;07/07/2023;10;137.800,00
26;00016;1653;jawa tengah;toko;11/11/2024;7;100.800,00
658;00007;1088;Jawa Barat;online;18/02/2024;10;63.400,00
3943;00007;1039;Jawa Tengah;toko;08/02/2023;2;41.700,00
450;00036;1440;Yogyakarta;toko;03/12/2023;9;214.000,00
3433;00008;1502;Jawa Barat;online;25/10/2023;1;143.500,00
3297;00048;1496;Jawa Timur;toko;17/01/2023;9;411.400,00
3125;00059;1453;Yogyakarta;toko;22/10/2024;4;157.600,00
1402;00034;1689; YOGYAKARTA;online;22/09/2023;5;89.600,00
3283;00033;1563;yogyakarta ;toko;31/08/2024;3;41.900,00
1259;00021;1013;yogyakarta ;toko;03/05/2023;2;205.000,00
1271;00049;1398;Jawa Timur;reseller;25/06/2023;1;83.500,00
4103;00017;1755;Jawa Tengah;online;23/01/2024;11;75.600,00
1450;00015;1494;Jawa Timur;toko;26/06/2024;3;61.900,00
1053;00010;1127;Jawa Barat;online;20/08/2023;11;197.900,00
2826;00049;1631; YOGYAKARTA;toko;21/01/2023;2;39.200,00
2438;00022;1236;Jawa Timur;toko;07/11/2024;9;70.300,00
3991;00015;1204; YOGYAKARTA;toko;19/08/2023;1;124.800,00
4341;00020;1545;Yogyakarta;reseller;24/11/2024;5;70.600,00
277;00057;1377;jawa tengah;online;18/06/2024;9;176.900,00
2442;00043;1250;jawa tengah;toko;01/12/2023;9;132.200,00
2159;00037;1709;Jawa Timur;online;11/05/2023;3;55.100,00
589;00008;1062; YOGYAKARTA;toko;31/07/2024;7;37.700,00
2208;00046;1673;Jawa Barat;reseller;03/11/2023;10;180.100,00
971;00019;1156;jawa tengah;toko;27/04/2024;3;142.900,00
3185;00001;1774;Yogyakarta;reseller;27/04/2024;11;76.400,00
2709;00039;1747;yogyakarta ;online;25/02/2024;6;171.600,00
4241;00001;1034;jawa tengah;toko;26/03/2024;9;103.700,00
3335;00044;1769;Yogyakarta;toko;04/01/2023;7;58.100,00
1760;00057;1634;Yogyakarta;toko;08/05/2024;1;68.200,00
2182;00018;1071; YOGYAKARTA;online;17/08/2024;10;101.500,00
3758;00020;1713;yogyakarta ;toko;16/02/2023;4;121.600,00
4264;00007;1674;Jawa Timur;toko;19/09/2024;6;31.500,00
2273;00029;1154;Yogyakarta;toko;14/10/2024;9;59.500,00
3826;00034;1438;yogyakarta ;online;05/11/2023;7;45.100,00
928;00020;1716;Jawa Barat;toko;07/07/2023;8;71.700,00
3227;00010;1053;yogyakarta ;online;04/08/2024;10;89.900,00
3069;00006;1577;yogyakarta ;toko;25/07/2024;2;116.800,00
3587;00013;1436;Jawa Timur;toko;25/04/2024;-999;77.100,00
25;00043;1705;yogyakarta ;toko;12/09/2024;3;131.000,00
764;00019;1277;Jawa Tengah;toko;09/02/2023;3;27.800,00
444;00012;1784;Jawa Barat;online;20/01/2023;9;22.200,00
4247;00031;1649;yogyakarta ;toko;12/07/2024;7;
4951;00027;1736;Yogyakarta;reseller;11/12/2023;11;143.900,00
2143;00023;1674;Jawa Timur;toko;04/02/2023;10;93.900,00
755;00044;1662;Jawa Timur;reseller;09/10/2023;7;89.400,00
2266;00035;1705;jawa tengah;online;29/05/2024;11;56.200,00
1048;00029;1096;Yogyakarta;reseller;30/04/2023;7;79.400,00
781;00050;1725; YOGYAKARTA;reseller;02/06/2024;10;
901;00010;1042; YOGYAKARTA;reseller;11/04/2024;5;102.500,00
3036;00051;1192; YOGYAKARTA;toko;24/02/2024;9;94.300,00
1953;00044;1115;jawa tengah;reseller;16/03/2023;5;143.500,00
2761;00056;1548;jawa tengah;reseller;27/03/2023;3;213.000,00
1198;00041;1147;jawa tengah;reseller;21/07/2023;10;
101;00041;1636;Jawa Tengah;toko;29/02/2024;10;129.600,00
1050;00031;1762; YOGYAKARTA;online;15/01/2023;2;115.300,00
1628;00024;1147;Jawa Tengah;online;19/08/2024;1;46.200,00
4980;00025;1590;jawa tengah;toko;18/03/2024;6;70.200,00
2832;00031;1019;jawa tengah;toko;07/02/2024;5;106.300,00
3801;00041;1112;Jawa Barat;toko;26/04/2023;9;72.200,00
2444;00009;1364;Jawa Timur;online;24/10/2024;2;
1272;00036;1584;Jawa Tengah;toko;24/01/2024;10;145.600,00
4856;00016;1362;Jawa Barat;toko;21/03/2023;9;36.300,00
2749;00006;1175;Jawa Timur;toko;20/07/2023;3;48.200,00
767;00059;1206;Jawa Timur;reseller;11/01/2024;1;44.100,00
1890;00008;1574;jawa tengah;online;25/04/2023;7;20.800,00
3661;00008;1206;Yogyakarta;reseller;11/04/2023;4;151.000,00
3061;00052;1710;yogyakarta ;toko;22/09/2023;10;40.600,00
169;00023;1372;jawa tengah;reseller;22/12/2024;7;53.600,00
74;00022;1503;Jawa Timur;online;03/02/2024;11;70.400,00
2654;00053;1248;yogyakarta ;toko;13/12/2023;7;104.700,00
4641;00019;1232; YOGYAKARTA;online;02/08/2023;8;64.900,00
2986;00027;1127;Jawa Barat;online;08/11/2023;10;42.700,00
1884;00026;1209;Jawa Timur;toko;03/01/2023;7;38.800,00
4045;00016;1404;Jawa Tengah;reseller;27/06/2023;11;121.500,00
2167;00025;1134;jawa tengah;online;15/05/2023;9;62.800,00
2569;00046;1676;yogyakarta ;toko;14/09/2023;6;50.200,00
993;00014;1440;Jawa Tengah;toko;13/09/2024;6;48.600,00
3217;00058;1170;jawa tengah;online;23/04/2023;4;95.700,00
1906;00049;1314;Yogyakarta;online;31/07/2023;1;54.800,00
3087;00042;1076;Jawa Tengah;reseller;29/01/2023;10;81.200,00
1385;00045;1231; YOGYAKARTA;online;15/09/2023;3;99.300,00
3442;00016;1758;Jawa Timur;reseller;28/08/2023;9;31.200,00
1739;00044;1700;jawa tengah;toko;17/03/2023;10;57.000,00
4830;00051;1135; YOGYAKARTA;online;31/05/2024;4;
1504;00040;1502; YOGYAKARTA;reseller;19/07/2024;5;56.100,00
2565;00027;1314;yogyakarta ;reseller;01/10/2024;3;98.600,00
1632;00045;1442;Jawa Timur;reseller;10/06/2023;8;80.500,00
3725;00038;1284;Jawa Timur;toko;10/01/2023;6;93.600,00
2103;00011;1109;yogyakarta ;online;17/05/2024;2;58.600,00
267;00009;1158;Jawa Barat;online;05/12/2023;6;81.200,00
1034;00004;1302; YOGYAKARTA;online;18/03/2024;1;50.100,00
2632;00037;1262;jawa tengah;toko;24/10/2024;11;63.100,00
3587;00013;1436;Jawa Timur;toko;25/04/2024;-999;77.100,00
2586;00039;1156;Jawa Barat;reseller;04/11/2023;1;158.900,00
1845;00021;1206;Jawa Tengah;toko;04/09/2024;4;59.200,00
2001;00038;1087;Jawa Timur;online;30/11/2024;6;30.000,00
4821;00009;1615;Jawa Barat;toko;28/09/2024;6;35.600,00
2215;00016;1576;jawa tengah;toko;15/09/2024;10;136.300,00
145;00030;1341;jawa tengah;toko;10/08/2024;9;56.000,00
4428;00051;1519;Jawa Tengah;reseller;13/11/2024;7;57.800,00
3960;00058;1487;Yogyakarta;online;08/09/2023;5;83.100,00
4344;00059;1491;;online;28/12/2023;4;266.100,00
4470;00016;1112;jawa tengah;toko;19/01/2023;5;126.700,00
4477;00022;1609;Yogyakarta;online;28/04/2024;6;140.800,00
2548;00024;1252;Yogyakarta;online;21/02/2023;8;106.100,00
321;00028;1691;Jawa Tengah;toko;06/03/2023;7;56.100,00
4733;00034;1703;Jawa Barat;toko;04/01/2023;8;59.400,00
1588;00037;1309;Yogyakarta;reseller;15/04/2023;7;179.600,00
1585;00024;1774; YOGYAKARTA;toko;09/12/2024;7;49.800,00
3574;00012;1325;Jawa Barat;reseller;30/11/2023;4;108.100,00
3700;00053;1337;Jawa Barat;toko;09/06/2024;1;130.500,00
2283;00054;1226;yogyakarta ;toko;18/07/2024;1;323.800,00
4527;00044;1484; YOGYAKARTA;reseller;04/11/2023;8;
1011;00040;1132;Jawa Barat;online;20/05/2024;6;102.900,00
3914;00048;1702;Jawa Timur;reseller;09/07/2023;2;
3025;00008;1127;Yogyakarta;reseller;30/10/2023;3;238.700,00
3997;00027;1188;Jawa Timur;toko;17/06/2023;10;203.300,00
192;00045;1338;Jawa Tengah;toko;06/12/2023;10;119.300,00
4784;00039;1250;yogyakarta ;toko;13/10/2023;5;209.400,00
1176;00059;1581;yogyakarta ;toko;10/07/2023;8;99.600,00
4532;00005;1352;Jawa Tengah;online;09/01/2023;4;165.600,00
1691;00051;1468;Jawa Barat;online;01/09/2023;1;
1281;00055;1356;jawa tengah;online;16/09/2024;-999;204.600,00
3351;00051;1107;jawa tengah;toko;14/10/2024;9;117.500,00
2233;00036;1396;Jawa Timur;online;10/06/2023;7;44.700,00
688;00027;1497;Jawa Barat;reseller;05/05/2024;6;36.300,00
639;00002;1447; YOGYAKARTA;toko;03/08/2024;10;24.400,00
570;00045;1605;Jawa Barat;online;16/04/2024;11;110.400,00
3655;00006;1014; YOGYAKARTA;online;21/08/2024;3;107.100,00
934;00050;1571;Yogyakarta;online;24/11/2023;4;272.500,00
1170;00002;1339;Yogyakarta;toko;10/07/2024;9;131.400,00
1361;00001;1584;Yogyakarta;online;28/06/2023;4;44.000,00
4630;00056;1773;Jawa Timur;toko;27/11/2023;8;89.900,00
3288;00032;1056;Jawa Tengah;toko;02/10/2024;6;37.100,00
3463;00041;1101;Yogyakarta;toko;04/11/2024;1;71.900,00
1823;00048;1134; YOGYAKARTA;toko;23/06/2024;11;
2791;00022;1420;Jawa Barat;toko;15/09/2024;10;277.200,00
197;00048;1055;yogyakarta ;toko;19/08/2024;2;155.500,00
4592;00020;1610;yogyakarta ;online;16/03/2023;5;96.600,00
3090;00025;1733;Jawa Timur;reseller;03/08/2024;5;56.800,00
3786;00033;1037;Jawa Barat;online;25/03/2024;10;233.600,00
2429;00038;1732;Jawa Timur;online;08/11/2024;1;187.600,00
2076;00018;1262;Jawa Tengah;online;04/09/2023;8;102.000,00
4492;00030;1155; YOGYAKARTA;online;13/09/2023;6;121.700,00
1706;00015;1028;Jawa Timur;toko;31/01/2023;11;20.200,00
148;00040;1587;Yogyakarta;reseller;16/02/2023;1;241.300,00
798;00055;1041;jawa tengah;online;18/08/2023;3;148.400,00
1751;00054;1700;Jawa Timur;online;28/10/2024;1;107.200,00
624;00023;1214; YOGYAKARTA;toko;24/01/2024;4;52.400,00
2287;00046;1094;yogyakarta ;toko;26/08/2023;11;266.000,00
4068;00059;1540;Jawa Timur;online;20/10/2024;6;234.600,00
2029;00044;1234;Yogyakarta;toko;11/12/2023;9;95.800,00
1474;00031;1769;jawa tengah;toko;30/08/2023;1;133.600,00
723;00016;1676;Jawa Barat;toko;09/05/2023;9;62.600,00
1362;00001;1402;Jawa Tengah;toko;21/10/2024;7;288.700,00
107;00039;1742;yogyakarta ;toko;18/12/2024;3;65.300,00
4447;00024;1240;Jawa Barat;toko;13/05/2023;9;102.900,00
4747;00053;1381;Jawa Barat;reseller;09/09/2024;9;205.600,00
4486;00040;1194;yogyakarta ;online;20/12/2024;7;142.200,00
3053;00034;1656;Jawa Tengah;reseller;20/12/2024;6;56.200,00
1473;00058;1582;jawa tengah;toko;16/07/2023;3;85.700,00
1118;00011;1758;Yogyakarta;toko;27/10/2023;8;70.800,00
555;00040;1667;Yogyakarta;toko;21/07/2023;8;147.500,00
300;00057;1026;Jawa Timur;toko;14/06/2024;5;75.500,00
171;00058;1036; YOGYAKARTA;online;16/04/2023;3;38.000,00
3327;00041;1186;Jawa Barat;online;20/03/2023;5;79.200,00
3804;00045;1618;Jawa Barat;online;30/08/2023;7;73.200,00
3675;00024;1785; YOGYAKARTA;toko;30/01/2024;5;181.900,00
1277;00022;1332;jawa tengah;toko;23/06/2024;11;206.200,00
2355;00017;1257;jawa tengah;reseller;16/01/2024;6;126.800,00
3620;00053;1388;Jawa Timur;toko;21/05/2024;1;118.500,00
416;00057;1593;Yogyakarta;toko;31/05/2024;2;199.800,00
4861;00001;1715;Yogyakarta;reseller;10/05/2024;2;132.200,00
4525;00040;1585;jawa tengah;online;02/11/2023;5;82.300,00
4283;00048;1765;Jawa Timur;toko;17/02/2023;5;55.600,00
3054;00022;1488;Jawa Tengah;reseller;22/10/2024;-999;204.600,00
3924;00027;1108;yogyakarta ;toko;08/07/2023;9;31.900,00
1840;00052;1073; YOGYAKARTA;toko;16/11/2024;1;301.100,00
2957;00007;1478;jawa tengah;toko;02/05/2024;10;54.500,00
2318;00042;1533;Yogyakarta;online;10/05/2023;6;234.800,00
2916;00032;1475;jawa tengah;toko;06/02/2023;1;275.900,00
631;00002;1230;jawa tengah;toko;21/09/2023;6;57.300,00
163;00045;1651; YOGYAKARTA;online;05/08/2023;5;64.900,00
414;00048;1169;Jawa Barat;toko;28/02/2024;3;80.000,00
1074;00009;1357;Jawa Timur;reseller;10/07/2024;3;92.100,00
2018;00008;1775;Jawa Barat;toko;29/06/2024;8;274.600,00
877;00005;1359;Yogyakarta;toko;24/08/2023;9;79.500,00
818;00017;1536;yogyakarta ;reseller;28/08/2024;4;350.500,00
2256;00004;1307;Jawa Timur;toko;12/05/2024;-999;275.300,00
2735;00018;1243;yogyakarta ;toko;30/10/2024;9;65.300,00
873;00054;1702;Yogyakarta;online;25/09/2023;8;200.900,00
4342;00021;1416;Jawa Barat;toko;06/04/2024;4;73.000,00
3684;00044;1681;Yogyakarta;toko;28/03/2024;5;80.500,00
230;00001;1048;jawa tengah;reseller;11/03/2023;9;113.400,00
907;00022;1693;Jawa Tengah;toko;05/08/2023;8;160.400,00
2057;00037;1419;Jawa Tengah;online;30/01/2024;7;132.500,00
897;00007;1359;Yogyakarta;toko;25/02/2023;8;87.800,00
3872;00052;1092;yogyakarta ;reseller;21/08/2024;1;74.400,00
2154;00019;1550;Jawa Tengah;toko;05/02/2023;2;131.900,00
792;00010;1717;yogyakarta ;toko;31/05/2024;11;34.000,00
1911;00059;1219; YOGYAKARTA;toko;16/06/2024;3;88.900,00
1328;00004;1709;Jawa Barat;online;02/05/2023;10;207.400,00
2309;00031;1198;yogyakarta ;toko;14/04/2023;4;35.300,00
2877;00024;1774;Jawa Timur;toko;03/03/2024;3;70.100,00
699;00004;1477;Yogyakarta;reseller;28/08/2024;5;36.600,00
3084;00004;1354;Jawa Tengah;toko;16/03/2024;6;67.900,00
3081;00058;1644;Yogyakarta;online;22/10/2024;10;108.100,00
1718;00057;1266;Yogyakarta;online;29/07/2024;9;60.300,00
2580;00022;1786;Jawa Tengah;online;21/09/2023;2;82.600,00
895;00056;1776;yogyakarta ;toko;04/03/2024;8;97.300,00
3021;00010;1320;Jawa Tengah;reseller;21/11/2024;8;40.500,00
3542;00020;1239;yogyakarta ;online;25/12/2023;5;249.700,00
4154;00039;1512;jawa tengah;toko;25/09/2023;8;149.800,00
1980;00016;1424;Jawa Timur;online;09/12/2024;7;105.400,00
1058;00018;1354;Jawa Tengah;toko;16/10/2023;11;66.400,00
3310;00035;1256;Jawa Timur;online;07/06/2024;7;
3519;00005;1660;Jawa Timur;toko;04/02/2024;10;267.800,00
2331;00017;1296; YOGYAKARTA;toko;26/01/2024;11;102.700,00
3659;00051;1724; YOGYAKARTA;toko;16/10/2024;3;67.900,00
93;00028;1189;Jawa Timur;toko;29/03/2024;1;52.900,00
1235;00005;1744; YOGYAKARTA;toko;22/08/2023;5;146.400,00
1014;00023;1737;Yogyakarta;online;03/04/2024;4;77.100,00
3864;00015;1642;Yogyakarta;online;31/10/2024;11;77.700,00
948;00035;1381; YOGYAKARTA;online;04/07/2024;10;59.800,00
1794;00040;1075;Yogyakarta;toko;18/07/2024;11;85.700,00
191;00027;1009; YOGYAKARTA;online;06/08/2023;10;289.700,00
1532;00045;1774;Jawa Tengah;toko;22/04/2024;1;201.900,00
2683;00037;1351;Jawa Tengah;online;21/02/2023;8;128.200,00
2813;00007;1680;Jawa Barat;toko;11/10/2023;10;200.900,00
3895;00059;1109;Jawa Barat;toko;18/02/2023;7;62.800,00
3589;00052;1762;jawa tengah;toko;27/04/2024;11;96.900,00
4820;00054;1099;jawa tengah;toko;08/02/2024;5;87.800,00
3177;00014;1565;Jawa Barat;online;23/06/2024;11;96.800,00
2112;00024;1283;Jawa Tengah;toko;14/10/2024;5;33.100,00
4773;00017;1183;yogyakarta ;toko;23/03/2024;9;98.400,00
106;00004;1701;jawa tengah;toko;06/09/2024;11;76.500,00
3414;00050;1289;jawa tengah;online;27/03/2024;1;113.800,00
2802;00028;1466;jawa tengah;reseller;31/05/2024;11;143.300,00
1964;00036;1241;jawa tengah;toko;20/04/2023;2;271.300,00
2302;00023;1240;Yogyakarta;reseller;25/12/2024;5;
775;00006;1512;yogyakarta ;toko;13/03/2024;11;62.200,00
1233;00056;1247;Jawa Tengah;online;13/07/2024;8;49.000,00
859;00032;1425;jawa tengah;toko;27/12/2024;11;154.400,00
3155;00043;1342;Yogyakarta;reseller;26/03/2024;4;201.500,00
4594;00051;1779;Jawa Barat;toko;26/06/2024;1;61.700,00
4080;00047;1268;Jawa Tengah;toko;03/07/2024;1;283.600,00
3431;00022;1139;Jawa Barat;toko;26/04/2024;2;102.800,00
4161;00015;1684;Jawa Barat;toko;11/01/2024;11;56.500,00
4371;00019;1564;Jawa Timur;online;06/06/2024;3;65.600,00
726;00017;1255;Jawa Tengah;toko;04/05/2023;8;103.900,00
1680;00038;1595;Yogyakarta;toko;07/07/2024;2;88.700,00
2202;00052;1312;Jawa Barat;online;07/09/2023;2;125.500,00
3944;00058;1150;Jawa Barat;online;24/07/2023;5;119.400,00
1364;00031;1502;Jawa Timur;online;12/11/2023;8;152.800,00
411;00023;1024; YOGYAKARTA;toko;09/01/2024;3;60.000,00
831;00001;1674;Jawa Timur;online;06/03/2023;9;60.800,00
3782;00036;1095;jawa tengah;toko;15/01/2023;7;50.200,00
913;00006;1011;Jawa Tengah;online;07/08/2024;8;
2093;00034;1133;Jawa Barat;reseller;29/08/2024;1;108.900,00
391;00007;1269;jawa tengah;toko;22/12/2023;11;101.500,00
4819;00044;1389;yogyakarta ;toko;31/07/2024;8;225.400,00
4358;00046;1756;Yogyakarta;reseller;11/10/2023;9;
2244;00006;1442;Yogyakarta;online;01/08/2023;2;144.400,00
3124;00018;1128;Jawa Tengah;reseller;03/12/2023;5;35.200,00
3122;00053;1091;Jawa Barat;reseller;10/05/2024;10;170.800,00
3958;00032;1486;jawa tengah;toko;11/11/2023;2;79.400,00
719;00010;1716;Jawa Tengah;online;30/06/2023;8;65.600,00
3453;00043;1762;Jawa Tengah;online;04/10/2024;5;141.700,00
2441;00022;1662;Jawa Tengah;reseller;27/09/2023;3;52.200,00
3257;00034;1231;yogyakarta ;online;12/11/2023;3;84.200,00
3109;00037;1311;Jawa Barat;toko;06/04/2023;3;65.700,00
3412;00044;1023;Jawa Tengah;toko;22/08/2024;2;150.500,00
3049;00038;1745;Jawa Tengah;online;02/10/2023;6;130.600,00
421;00035;1571;Jawa Timur;online;18/08/2023;6;71.900,00
2198;00057;1328;Jawa Barat;toko;11/02/2024;7;192.200,00
4106;00002;1426; YOGYAKARTA;online;03/05/2023;4;117.300,00
3878;00044;1248; YOGYAKARTA;reseller;06/07/2024;4;31.100,00
3913;00007;1556;Jawa Timur;toko;05/04/2024;11;144.000,00
3118;00019;1721;Jawa Tengah;reseller;24/02/2023;7;68.800,00
1938;00018;1445;Yogyakarta;toko;12/12/2023;1;25.800,00
1120;00010;1485;Jawa Timur;reseller;26/09/2023;6;199.600,00
4116;00051;1301; YOGYAKARTA;toko;29/07/2024;5;167.500,00
535;00044;1672;jawa tengah;toko;09/03/2024;9;113.900,00
549;00052;1501; YOGYAKARTA;toko;27/01/2023;9;54.600,00
299;00032;1479;jawa tengah;online;13/12/2023;7;163.700,00
3363;00025;1078; YOGYAKARTA;toko;30/01/2024;5;152.500,00
3730;00049;1733; YOGYAKARTA;toko;02/09/2023;10;314.000,00
2171;00054;1481;yogyakarta ;toko;01/07/2023;9;
1386;00024;1635;Jawa Tengah;online;03/02/2024;7;37.000,00
3208;00013;1333;jawa tengah;toko;27/07/2023;9;157.700,00
3136;00050;1532;jawa tengah;online;07/06/2024;2;127.400,00
3900;00035;1456;Jawa Tengah;online;19/09/2023;5;181.400,00
1186;00057;1387;Jawa Barat;toko;30/07/2024;3;48.600,00
4185;00046;1618;Yogyakarta;reseller;02/01/2024;9;61.900,00
3159;00038;1279;yogyakarta ;toko;27/06/2023;11;77.500,00
98;00030;1059;Jawa Tengah;toko;06/11/2023;5;34.100,00
2100;00034;1581;;toko;03/10/2024;3;22.800,00
4606;00044;1713;jawa tengah;online;24/10/2024;6;34.400,00
2260;00012;1784;yogyakarta ;online;29/06/2024;1;52.700,00
4800;00050;1057;Yogyakarta;online;26/10/2024;8;49.100,00
1970;00048;1616;jawa tengah;online;11/10/2024;7;159.100,00
2795;00040;1032;Yogyakarta;online;23/11/2023;7;41.100,00
1046;00016;1701;yogyakarta ;toko;18/06/2024;4;50.100,00
940;00043;1037;jawa tengah;reseller;28/06/2024;2;236.100,00
2718;00030;1095;Jawa Barat;toko;04/07/2023;11;90.800,00
608;00045;1002;Jawa Timur;online;07/07/2024;2;124.400,00
2527;00018;1160;jawa tengah;online;11/01/2023;10;51.100,00
2540;00031;1135;jawa tengah;online;08/04/2024;9;
1071;00048;1657;Jawa Barat;toko;24/05/2024;6;105.800,00
297;00010;1600;Jawa Barat;toko;03/03/2024;9;152.800,00
50;00003;1792;Jawa Barat;reseller;25/09/2023;10;498.500,00
225;00059;1585;Jawa Tengah;online;06/02/2024;3;294.300,00
1775;00007;1775;jawa tengah;toko;04/10/2024;2;132.600,00
1244;00016;1046; YOGYAKARTA;online;28/12/2024;11;169.400,00
3280;00012;1799;Jawa Timur;toko;20/01/2023;3;115.400,00
1922;00026;1139;jawa tengah;online;24/04/2023;10;88.400,00
851;00039;1145;jawa tengah;online;10/02/2023;6;51.200,00
1226;00051;1001;;toko;10/08/2023;5;90.900,00
4659;00004;1152;yogyakarta ;toko;21/03/2023;5;112.300,00
2853;00024;1215;Jawa Barat;online;11/04/2023;4;150.700,00
4701;00054;1027;jawa tengah;toko;21/06/2024;8;238.300,00
3318;00031;1384; YOGYAKARTA;online;16/08/2023;9;81.200,00
443;00030;1674;Jawa Tengah;reseller;25/01/2023;1;
2473;00045;1399;yogyakarta ;online;10/11/2023;8;84.700,00
2588;00057;1460; YOGYAKARTA;online;11/03/2024;3;185.600,00
2816;00012;1455;Jawa Tengah;reseller;22/12/2023;8;78.000,00
2917;00038;1749;yogyakarta ;toko;22/11/2023;4;
188;00033;1526;yogyakarta ;online;11/04/2024;5;74.700,00
4503;00020;1396;Jawa Barat;toko;01/02/2024;9;159.900,00
2800;00006;1373;yogyakarta ;toko;26/02/2024;10;76.600,00
3904;00009;1512;Jawa Tengah;toko;14/01/2023;5;230.500,00
4076;00013;1139; YOGYAKARTA;toko;28/04/2024;3;102.800,00
462;00020;1046;Yogyakarta;reseller;06/05/2024;10;86.200,00
4767;00050;1485;Yogyakarta;online;22/09/2023;10;
3132;00051;1550;Jawa Timur;toko;26/05/2023;3;43.300,00
715;00036;1397;Jawa Tengah;online;10/08/2024;6;44.400,00
4521;00023;1716;yogyakarta ;toko;30/11/2024;11;40.400,00
636;00023;1570;jawa tengah;toko;29/10/2023;7;108.800,00
4086;00059;1493;Yogyakarta;toko;10/02/2023;1;93.900,00
4625;00047;1521;jawa tengah;online;27/02/2024;2;
2267;00025;1796; YOGYAKARTA;online;18/01/2023;2;407.400,00
4041;00008;1074;Jawa Tengah;online;23/07/2023;2;68.200,00
4043;00010;1026;Jawa Tengah;toko;05/04/2023;6;152.700,00
1766;00006;1791;Jawa Tengah;toko;28/10/2024;9;254.700,00
2348;00057;1307;Yogyakarta;online;29/01/2024;6;53.700,00
3824;00023;1279;yogyakarta ;toko;08/04/2024;10;102.100,00
2904;00012;1508;Jawa Tengah;online;21/08/2024;4;141.900,00
610;00043;1120;yogyakarta ;online;16/08/2023;6;222.100,00
486;00027;1170;Jawa Tengah;online;06/09/2024;1;38.200,00
1086;00037;1270; YOGYAKARTA;toko;07/12/2023;11;48.500,00
2130;00026;1630;Yogyakarta;toko;08/01/2023;5;122.100,00
4421;00022;1170;Jawa Tengah;toko;29/06/2024;5;93.000,00
3539;00024;1003;Yogyakarta;reseller;28/08/2024;10;110.500,00
3129;00059;1084;Yogyakarta;toko;24/06/2023;9;34.400,00
20;00028;1769;;online;03/06/2023;3;
4935;00045;1288;Jawa Barat;toko;29/11/2024;7;69.300,00
1674;00042;1515;Yogyakarta;online;10/10/2024;9;112.000,00
2857;00030;1450;Jawa Tengah;toko;16/09/2024;9;86.900,00
1791;00039;1752;Jawa Tengah;toko;23/01/2023;2;79.600,00
4897;00036;1320; YOGYAKARTA;toko;12/03/2023;2;
97;00043;1708;Jawa Tengah;toko;27/11/2023;11;
3156;00028;1407;yogyakarta ;toko;06/09/2023;7;24.200,00
2495;00049;1690;yogyakarta ;toko;08/05/2024;9;96.300,00
4571;00008;1124;Jawa Barat;toko;07/07/2023;9;62.500,00
367;00053;1076;jawa tengah;online;24/10/2023;9;62.500,00
1722;00031;1543;jawa tengah;online;09/11/2023;2;117.400,00
3658;00017;1652;Jawa Timur;toko;05/11/2024;6;48.800,00
1910;00042;1288;Jawa Barat;online;26/07/2023;11;47.000,00
4857;00041;1444;yogyakarta ;toko;27/07/2024;9;107.000,00
919;00055;1748; YOGYAKARTA;toko;30/01/2023;7;
1426;00033;1612;jawa tengah;toko;04/07/2024;3;102.600,00
2808;00049;1410;Jawa Barat;toko;01/01/2023;9;45.400,00
4489;00008;1761;Jawa Timur;online;13/04/2023;4;41.200,00
3566;00034;1716;yogyakarta ;toko;18/11/2023;2;94.050.000,00
4603;00002;1744;Yogyakarta;toko;18/08/2023;1;194.300,00
4531;00014;1585;Jawa Barat;online;22/01/2023;8;196.500,00
2991;00001;1667; YOGYAKARTA;online;17/08/2023;3;154.900,00
3392;00003;1016;Yogyakarta;online;04/06/2024;7;249.000,00
1688;00015;1281;Yogyakarta;online;06/02/2024;2;240.400,00
4229;00018;1137;Jawa Timur;toko;29/02/2024;10;121.000,00
3123;00047;1694;Jawa Timur;toko;14/11/2023;2;80.800,00
3311;00046;1528;jawa tengah;toko;19/09/2024;6;28.300,00
1589;00052;1296; YOGYAKARTA;reseller;27/01/2024;4;129.600,00
3665;00030;1588;yogyakarta ;toko;16/05/2023;9;263.500,00
2499;00033;1522;Jawa Tengah;toko;09/06/2023;7;
32;00033;1194;Jawa Timur;reseller;24/05/2024;1;110.300,00
3284;00028;1215;Yogyakarta;online;26/10/2024;1;87.800,00
1376;00028;1749;Yogyakarta;toko;08/08/2023;4;133.500,00
1327;00042;1118;Jawa Tengah;online;07/06/2023;4;122.900,00
3781;00043;1746; YOGYAKARTA;reseller;08/02/2023;3;133.300,00
1350;00028;1661;Yogyakarta;toko;10/02/2023;6;81.700,00
256;00022;1040;yogyakarta ;toko;13/07/2024;11;149.700,00
4989;00051;1207;jawa tengah;online;22/09/2024;7;86.600,00
3643;00003;1691;Jawa Barat;toko;27/02/2023;4;162.200,00
3623;00029;1119;Jawa Timur;toko;26/10/2023;11;205.800,00
4148;00027;1757;Jawa Timur;online;04/05/2023;5;215.200,00
4972;00038;1392; YOGYAKARTA;online;02/02/2023;10;184.500,00
349;00044;1381;Yogyakarta;toko;17/04/2024;-999;95.400,00
2728;00059;1059;jawa tengah;toko;30/11/2024;3;143.000,00
3701;00003;1774;Jawa Timur;toko;08/04/2023;4;52.200,00
125;00033;1072;Jawa Barat;toko;01/09/2023;9;96.700,00
2779;00025;1684;yogyakarta ;online;26/12/2023;2;97.000,00
2880;00012;1080;Yogyakarta;online;12/06/2023;7;121.500,00
2774;00024;1563;Yogyakarta;reseller;04/09/2024;8;85.700,00
2636;00014;1124;Jawa Barat;reseller;19/07/2023;1;30.000,00
434;00051;1644;jawa tengah;reseller;17/03/2024;6;96.600,00
4771;00049;1757;Jawa Barat;online;02/01/2023;5;54.900,00
3336;00001;1677;jawa tengah;reseller;01/10/2024;9;187.600,00
1100;00009;1538;yogyakarta ;online;18/01/2023;11;38.200,00
2515;00024;1173;Jawa Tengah;online;10/09/2023;6;73.400,00
3607;00022;1347;Jawa Barat;online;20/10/2023;2;
2576;00037;1726;Jawa Timur;toko;30/04/2023;3;62.900,00
