order_id,store_id,customer_id,region,channel,order_date,quantity,unit_price,amount,month,weekday
1,00056,1551,Jawa Tengah,toko,2024-04-09,2,79000.0,158000.0,4,Tuesday
2,00037,1491,Jawa Tengah,online,2023-03-14,4,57400.0,229600.0,3,Tuesday
3,00041,1568,Yogyakarta,toko,2023-12-03,2,213800.0,427600.0,12,Sunday
5,00035,1078,Yogyakarta,online,2024-10-11,8,143500.0,1148000.0,10,Friday
6,00046,1491,Jawa Tengah,toko,2023-03-25,4,178400.0,713600.0,3,Saturday
7,00050,1162,Yogyakarta,online,2024-10-27,9,55300.0,497700.0,10,Sunday
8,00014,1204,Yogyakarta,toko,2023-10-21,2,78900.0,157800.0,10,Saturday
9,00004,1633,Jawa Tengah,toko,2024-05-04,9,70500.0,634500.0,5,Saturday
10,00018,1301,Jawa Tengah,reseller,2023-04-14,1,130500.0,130500.0,4,Friday
11,00017,1628,Jawa Tengah,online,2023-05-04,6,140000.0,840000.0,5,Thursday
12,00052,1675,Yogyakarta,reseller,2024-10-30,5,72900.0,364500.0,10,Wednesday
13,00054,1199,Yogyakarta,reseller,2024-01-23,2,132600.0,265200.0,1,Tuesday
14,00001,1756,Jawa Tengah,toko,2024-07-29,1,35100.0,35100.0,7,Monday
15,00030,1356,Yogyakarta,online,2024-11-23,10,117800.0,1178000.0,11,Saturday
16,00049,1144,Yogyakarta,toko,2024-02-29,1,117400.0,117400.0,2,Thursday
17,00008,1227,Yogyakarta,toko,2024-02-29,4,96700.0,386800.0,2,Thursday
18,00048,1008,Jawa Tengah,toko,2023-05-20,8,42400.0,339200.0,5,Saturday
19,00008,1137,Yogyakarta,toko,2024-09-09,10,91200.0,912000.0,9,Monday
21,00049,1118,Jawa Tengah,online,2024-11-10,3,219600.0,658800.0,11,Sunday
23,00021,1527,Jawa Barat,toko,2024-02-01,4,85800.0,343200.0,2,Thursday
24,00017,1486,Jawa Tengah,online,2024-10-24,5,90600.0,453000.0,10,Thursday
25,00043,1705,Yogyakarta,toko,2024-09-12,3,131000.0,393000.0,9,Thursday
26,00016,1653,Jawa Tengah,toko,2024-11-11,7,100800.0,705600.0,11,Monday
27,00059,1414,Jawa Barat,online,2024-01-28,1,130700.0,130700.0,1,Sunday
28,00027,1475,Jawa Timur,toko,2024-11-09,10,57100.0,571000.0,11,Saturday
29,00029,1791,Yogyakarta,reseller,2024-01-07,3,180000.0,540000.0,1,Sunday
30,00030,1723,Yogyakarta,toko,2023-08-24,2,73100.0,146200.0,8,Thursday
31,00035,1268,Jawa Tengah,toko,2024-06-11,4,148100.0,592400.0,6,Tuesday
32,00033,1194,Jawa Timur,reseller,2024-05-24,1,110300.0,110300.0,5,Friday
33,00031,1029,Jawa Tengah,reseller,2023-03-21,11,176900.0,1945900.0,3,Tuesday
34,00059,1355,Jawa Tengah,toko,2024-01-14,4,92600.0,370400.0,1,Sunday
35,00048,1496,Yogyakarta,toko,2023-07-17,8,42000.0,336000.0,7,Monday
36,00047,1536,Jawa Tengah,online,2024-02-10,11,50400.0,554400.0,2,Saturday
37,00042,1797,Jawa Tengah,toko,2023-06-07,3,84900.0,254700.0,6,Wednesday
38,00037,1172,Yogyakarta,toko,2024-05-09,4,210800.0,843200.0,5,Thursday
39,00021,1398,Jawa Tengah,online,2024-01-29,4,76100.0,304400.0,1,Monday
40,00059,1571,Yogyakarta,online,2023-08-04,5,99500.0,497500.0,8,Friday
41,00028,1074,Yogyakarta,toko,2024-08-22,6,195800.0,1174800.0,8,Thursday
42,00013,1209,Jawa Barat,toko,2023-07-15,7,70200.0,491400.0,7,Saturday
43,00050,1589,Jawa Tengah,toko,2023-05-29,1,101700.0,101700.0,5,Monday
44,00010,1568,Jawa Timur,online,2023-10-28,1,113100.0,113100.0,10,Saturday
46,00037,1643,Jawa Barat,reseller,2023-06-20,7,109900.0,769300.0,6,Tuesday
47,00007,1699,Jawa Tengah,toko,2024-07-03,4,174200.0,696800.0,7,Wednesday
48,00003,1339,Jawa Tengah,online,2024-09-20,8,174300.0,1394400.0,9,Friday
49,00027,1263,Jawa Barat,online,2023-02-13,5,79900.0,399500.0,2,Monday
50,00003,1792,Jawa Barat,reseller,2023-09-25,10,498500.0,4985000.0,9,Monday
51,00009,1210,Jawa Barat,online,2024-03-29,8,117500.0,940000.0,3,Friday
52,00031,1505,Jawa Barat,reseller,2023-01-29,8,82600.0,660800.0,1,Sunday
53,00058,1290,Yogyakarta,online,2024-01-11,5,64200.0,321000.0,1,Thursday
54,00028,1605,Jawa Tengah,toko,2024-04-07,8,55400.0,443200.0,4,Sunday
55,00048,1497,Jawa Barat,toko,2024-02-13,1,153000.0,153000.0,2,Tuesday
56,00055,1016,Jawa Barat,online,2024-12-20,2,19000.0,38000.0,12,Friday
57,00049,1042,Jawa Tengah,online,2023-05-14,1,88500.0,88500.0,5,Sunday
58,00038,1090,Jawa Timur,online,2024-02-05,5,44500.0,222500.0,2,Monday
59,00027,1792,Jawa Tengah,online,2024-05-03,11,101700.0,1118700.0,5,Friday
60,00031,1569,Yogyakarta,toko,2023-07-26,3,94600.0,283800.0,7,Wednesday
61,00016,1260,Jawa Tengah,online,2023-10-23,9,46200.0,415800.0,10,Monday
62,00030,1754,Yogyakarta,online,2024-10-20,4,55300.0,221200.0,10,Sunday
63,00023,1241,Jawa Barat,toko,2024-12-14,4,197200.0,788800.0,12,Saturday
64,00015,1502,Yogyakarta,toko,2024-04-04,1,70700.0,70700.0,4,Thursday
65,00059,1386,Yogyakarta,online,2024-06-16,7,96100.0,672700.0,6,Sunday
66,00001,1730,Jawa Tengah,online,2024-03-27,5,80800.0,404000.0,3,Wednesday
67,00006,1385,Yogyakarta,toko,2023-04-24,3,154000.0,462000.0,4,Monday
68,00012,1047,Jawa Tengah,online,2023-12-03,2,191800.0,383600.0,12,Sunday
69,00058,1317,Jawa Timur,online,2023-12-18,4,161800.0,647200.0,12,Monday
70,00041,1713,Jawa Tengah,toko,2024-07-17,4,131700.0,526800.0,7,Wednesday
71,00053,1315,Yogyakarta,toko,2023-05-18,3,132400.0,397200.0,5,Thursday
72,00012,1701,Jawa Barat,online,2024-05-04,1,49400.0,49400.0,5,Saturday
73,00043,1023,Yogyakarta,reseller,2024-12-03,2,201600.0,403200.0,12,Tuesday
74,00022,1503,Jawa Timur,online,2024-02-03,11,70400.0,774400.0,2,Saturday
75,00029,1119,Jawa Timur,toko,2024-12-16,1,58500.0,58500.0,12,Monday
76,00001,1343,Yogyakarta,online,2023-09-02,5,78000.0,390000.0,9,Saturday
77,00037,1430,Jawa Barat,online,2023-09-24,3,61700.0,185100.0,9,Sunday
78,00049,1563,Yogyakarta,reseller,2024-07-26,4,121700.0,486800.0,7,Friday
79,00040,1581,Jawa Barat,toko,2024-10-25,7,144900.0,1014300.0,10,Friday
80,00010,1195,Jawa Barat,online,2024-10-26,8,198500.0,1588000.0,10,Saturday
81,00032,1558,Yogyakarta,toko,2024-04-06,1,91500.0,91500.0,4,Saturday
82,00016,1534,Jawa Timur,reseller,2023-03-08,9,69000.0,621000.0,3,Wednesday
83,00057,1012,Jawa Tengah,online,2024-12-24,10,82400.0,824000.0,12,Tuesday
84,00052,1555,Yogyakarta,toko,2023-01-20,8,49900.0,399200.0,1,Friday
85,00011,1745,Yogyakarta,online,2023-09-07,9,63700.0,573300.0,9,Thursday
87,00056,1154,Yogyakarta,toko,2024-02-19,8,62500.0,500000.0,2,Monday
88,00050,1208,Yogyakarta,toko,2024-09-29,6,74500.0,447000.0,9,Sunday
89,00042,1616,Jawa Tengah,toko,2024-03-04,10,101700.0,1017000.0,3,Monday
90,00038,1001,Jawa Tengah,online,2024-03-26,5,111400.0,557000.0,3,Tuesday
91,00003,1134,Jawa Barat,toko,2024-07-20,5,148600.0,743000.0,7,Saturday
92,00044,1156,Jawa Barat,toko,2023-10-18,9,59200.0,532800.0,10,Wednesday
93,00028,1189,Jawa Timur,toko,2024-03-29,1,52900.0,52900.0,3,Friday
94,00006,1667,Yogyakarta,online,2024-12-12,5,202800.0,1014000.0,12,Thursday
95,00015,1097,Jawa Tengah,online,2023-07-04,8,65900.0,527200.0,7,Tuesday
96,00032,1169,Jawa Timur,online,2024-11-20,11,91300.0,1004300.0,11,Wednesday
97,00043,1708,Jawa Tengah,toko,2023-11-27,11,101700.0,1118700.0,11,Monday
98,00030,1059,Jawa Tengah,toko,2023-11-06,5,34100.0,170500.0,11,Monday
99,00037,1237,Yogyakarta,online,2024-11-03,8,86600.0,692800.0,11,Sunday
100,00052,1197,Jawa Barat,toko,2023-09-27,3,66900.0,200700.0,9,Wednesday
101,00041,1636,Jawa Tengah,toko,2024-02-29,10,129600.0,1296000.0,2,Thursday
102,00022,1415,Jawa Barat,toko,2024-01-24,10,80900.0,809000.0,1,Wednesday
103,00038,1120,Jawa Tengah,toko,2024-09-05,3,27200.0,81600.0,9,Thursday
104,00036,1469,Yogyakarta,toko,2024-03-08,1,150300.0,150300.0,3,Friday
105,00007,1724,Yogyakarta,reseller,2024-04-27,8,22900.0,183200.0,4,Saturday
106,00004,1701,Jawa Tengah,toko,2024-09-06,11,76500.0,841500.0,9,Friday
107,00039,1742,Yogyakarta,toko,2024-12-18,3,65300.0,195900.0,12,Wednesday
108,00023,1683,Jawa Barat,online,2024-10-03,11,98250.0,1080750.0,10,Thursday
109,00036,1691,Yogyakarta,toko,2023-04-23,2,95700.0,191400.0,4,Sunday
110,00020,1774,Yogyakarta,toko,2023-07-27,6,164800.0,988800.0,7,Thursday
111,00014,1486,Yogyakarta,toko,2024-10-03,1,59000.0,59000.0,10,Thursday
112,00009,1707,Jawa Tengah,toko,2024-09-15,4,68300.0,273200.0,9,Sunday
113,00023,1258,Yogyakarta,online,2024-03-22,8,146500.0,1172000.0,3,Friday
114,00049,1360,Yogyakarta,toko,2023-02-26,2,128300.0,256600.0,2,Sunday
115,00024,1266,Jawa Barat,online,2024-12-30,7,144400.0,1010800.0,12,Monday
116,00023,1113,Yogyakarta,toko,2023-06-02,5,116300.0,581500.0,6,Friday
117,00034,1047,Yogyakarta,online,2023-01-04,6,84000.0,504000.0,1,Wednesday
118,00058,1764,Yogyakarta,reseller,2023-11-03,8,73200.0,585600.0,11,Friday
119,00024,1542,Yogyakarta,online,2024-07-01,9,73800.0,664200.0,7,Monday
120,00035,1183,Yogyakarta,reseller,2023-02-25,3,160700.0,482100.0,2,Saturday
121,00026,1268,Yogyakarta,online,2024-01-22,6,224000.0,1344000.0,1,Monday
122,00036,1497,Jawa Barat,toko,2023-09-11,8,294600.0,2356800.0,9,Monday
123,00027,1108,Jawa Barat,toko,2023-09-01,9,53700.0,483300.0,9,Friday
124,00038,1211,Yogyakarta,online,2023-01-20,4,97500.0,390000.0,1,Friday
125,00033,1072,Jawa Barat,toko,2023-09-01,9,96700.0,870300.0,9,Friday
126,00040,1653,Yogyakarta,online,2024-08-11,6,87900.0,527400.0,8,Sunday
127,00057,1308,Jawa Timur,toko,2024-09-21,6,51100.0,306600.0,9,Saturday
128,00009,1160,Jawa Tengah,reseller,2024-05-08,9,330100.0,2970900.0,5,Wednesday
129,00034,1154,Yogyakarta,toko,2023-02-15,2,226200.0,452400.0,2,Wednesday
130,00026,1336,Jawa Tengah,toko,2023-07-09,6,88000.0,528000.0,7,Sunday
131,00022,1551,Yogyakarta,toko,2023-05-23,4,74700.0,298800.0,5,Tuesday
132,00015,1175,Jawa Barat,online,2024-01-17,8,96100.0,768800.0,1,Wednesday
133,00004,1161,Jawa Barat,reseller,2024-08-14,8,48800.0,390400.0,8,Wednesday
134,00024,1688,Jawa Tengah,online,2023-10-12,4,79700.0,318800.0,10,Thursday
135,00049,1000,Jawa Tengah,online,2024-05-15,9,149400.0,1344600.0,5,Wednesday
136,00006,1495,Jawa Barat,online,2024-08-21,7,245900.0,1721300.0,8,Wednesday
137,00024,1012,Jawa Barat,toko,2023-06-18,11,159600.0,1755600.0,6,Sunday
138,00058,1504,Yogyakarta,online,2023-08-03,9,200900.0,1808100.0,8,Thursday
139,00057,1214,Yogyakarta,online,2023-03-22,9,53200.0,478800.0,3,Wednesday
140,00013,1251,Jawa Tengah,online,2023-06-22,10,15800.0,158000.0,6,Thursday
141,00001,1400,Jawa Barat,toko,2024-04-02,6,210400.0,1262400.0,4,Tuesday
142,00040,1141,Yogyakarta,toko,2024-07-20,11,107200.0,1179200.0,7,Saturday
143,00001,1585,Jawa Timur,toko,2023-10-31,3,92200.0,276600.0,10,Tuesday
144,00018,1685,Jawa Barat,toko,2024-07-06,4,248600.0,994400.0,7,Saturday
145,00030,1341,Jawa Tengah,toko,2024-08-10,9,56000.0,504000.0,8,Saturday
146,00052,1611,Jawa Tengah,toko,2024-05-28,2,56200.0,112400.0,5,Tuesday
147,00006,1614,Jawa Tengah,online,2023-01-28,6,63400.0,380400.0,1,Saturday
148,00040,1587,Yogyakarta,reseller,2023-02-16,1,241300.0,241300.0,2,Thursday
149,00032,1610,Yogyakarta,online,2024-04-05,7,165100.0,1155700.0,4,Friday
150,00008,1797,Jawa Timur,online,2023-01-31,2,95700.0,191400.0,1,Tuesday
151,00050,1185,Jawa Tengah,online,2024-05-15,1,247000.0,247000.0,5,Wednesday
152,00050,1447,Jawa Tengah,toko,2024-11-09,8,97400.0,779200.0,11,Saturday
154,00056,1142,Jawa Tengah,online,2024-12-10,3,62300.0,186900.0,12,Tuesday
155,00036,1277,Jawa Barat,online,2023-02-10,5,280500.0,1402500.0,2,Friday
156,00054,1487,Yogyakarta,online,2023-05-30,9,123800.0,1114200.0,5,Tuesday
157,00057,1068,Jawa Tengah,reseller,2024-02-09,10,204000.0,2040000.0,2,Friday
158,00034,1229,Jawa Barat,online,2023-12-25,1,54800.0,54800.0,12,Monday
159,00017,1248,Jawa Tengah,online,2023-11-21,3,143700.0,431100.0,11,Tuesday
160,00009,1410,Jawa Tengah,toko,2023-12-05,9,101700.0,915300.0,12,Tuesday
161,00034,1441,Jawa Barat,reseller,2023-10-16,7,85000.0,595000.0,10,Monday
162,00012,1367,Jawa Barat,online,2023-07-27,5,60900.0,304500.0,7,Thursday
163,00045,1651,Yogyakarta,online,2023-08-05,5,64900.0,324500.0,8,Saturday
164,00055,1450,Yogyakarta,online,2023-02-27,2,49700.0,99400.0,2,Monday
165,00015,1594,Jawa Barat,toko,2024-11-11,2,66200.0,132400.0,11,Monday
166,00033,1737,Jawa Tengah,toko,2023-07-04,7,95200.0,666400.0,7,Tuesday
167,00003,1453,Jawa Barat,reseller,2024-10-13,3,134500.0,403500.0,10,Sunday
168,00011,1648,Yogyakarta,online,2024-12-02,9,39700.0,357300.0,12,Monday
169,00023,1372,Jawa Tengah,reseller,2024-12-22,7,53600.0,375200.0,12,Sunday
170,00053,1332,Jawa Tengah,toko,2023-11-20,1,68100.0,68100.0,11,Monday
171,00058,1036,Yogyakarta,online,2023-04-16,3,38000.0,114000.0,4,Sunday
172,00038,1653,Jawa Tengah,online,2023-05-31,5,81900.0,409500.0,5,Wednesday
173,00035,1069,Jawa Tengah,toko,2023-02-24,10,83000.0,830000.0,2,Friday
174,00034,1688,Jawa Timur,online,2023-02-25,2,86600.0,173200.0,2,Saturday
175,00004,1126,Yogyakarta,toko,2024-11-08,3,122000.0,366000.0,11,Friday
176,00023,1619,Jawa Barat,toko,2024-04-16,11,165100.0,1816100.0,4,Tuesday
177,00059,1784,Jawa Tengah,toko,2024-03-14,5,101700.0,508500.0,3,Thursday
178,00025,1441,Yogyakarta,online,2024-09-05,5,113200.0,566000.0,9,Thursday
179,00013,1612,Yogyakarta,online,2023-07-28,3,135200.0,405600.0,7,Friday
180,00015,1719,Jawa Barat,reseller,2023-07-03,6,61300.0,367800.0,7,Monday
181,00043,1672,Jawa Tengah,online,2023-09-10,6,101700.0,610200.0,9,Sunday
182,00003,1393,Yogyakarta,reseller,2024-07-04,7,139500.0,976500.0,7,Thursday
183,00058,1731,Jawa Barat,reseller,2024-04-02,10,133200.0,1332000.0,4,Tuesday
185,00034,1079,Yogyakarta,toko,2024-04-04,6,84900.0,509400.0,4,Thursday
186,00028,1217,Yogyakarta,online,2023-04-05,11,55000.0,605000.0,4,Wednesday
187,00045,1796,Jawa Tengah,toko,2024-12-19,5,114000.0,570000.0,12,Thursday
188,00033,1526,Yogyakarta,online,2024-04-11,5,74700.0,373500.0,4,Thursday
189,00029,1149,Jawa Barat,toko,2024-12-10,4,58100.0,232400.0,12,Tuesday
190,00020,1303,Jawa Timur,online,2023-03-10,5,210200.0,1051000.0,3,Friday
191,00027,1009,Yogyakarta,online,2023-08-06,10,289700.0,2897000.0,8,Sunday
192,00045,1338,Jawa Tengah,toko,2023-12-06,10,119300.0,1193000.0,12,Wednesday
193,00004,1480,Yogyakarta,reseller,2023-01-22,10,66500.0,665000.0,1,Sunday
194,00002,1321,Yogyakarta,toko,2023-12-20,9,111700.0,1005300.0,12,Wednesday
195,00043,1401,Yogyakarta,toko,2023-09-25,10,93600.0,936000.0,9,Monday
196,00022,1153,Jawa Timur,toko,2023-01-21,8,43700.0,349600.0,1,Saturday
197,00048,1055,Yogyakarta,toko,2024-08-19,2,155500.0,311000.0,8,Monday
198,00002,1074,Jawa Barat,toko,2024-08-23,9,117600.0,1058400.0,8,Friday
199,00054,1543,Jawa Timur,toko,2024-08-26,6,197800.0,1186800.0,8,Monday
200,00008,1039,Jawa Tengah,toko,2024-06-23,11,70400.0,774400.0,6,Sunday
201,00025,1149,Yogyakarta,online,2024-02-14,5,95700.0,478500.0,2,Wednesday
202,00058,1538,Jawa Tengah,toko,2024-07-31,1,90500.0,90500.0,7,Wednesday
203,00007,1635,Yogyakarta,reseller,2023-10-11,11,36100.0,397100.0,10,Wednesday
204,00039,1259,Jawa Barat,online,2024-04-21,7,405600.0,2839200.0,4,Sunday
205,00043,1393,Jawa Timur,toko,2024-06-24,4,29300.0,117200.0,6,Monday
206,00026,1365,Yogyakarta,toko,2023-07-25,3,50300.0,150900.0,7,Tuesday
207,00005,1610,Jawa Barat,reseller,2023-04-03,6,79000.0,474000.0,4,Monday
208,00031,1748,Jawa Barat,toko,2024-05-22,11,39600.0,435600.0,5,Wednesday
209,00026,1667,Yogyakarta,online,2024-10-29,9,123100.0,1107900.0,10,Tuesday
210,00052,1501,Yogyakarta,online,2024-02-22,1,74200.0,74200.0,2,Thursday
211,00041,1599,Yogyakarta,toko,2024-12-12,11,101100.0,1112100.0,12,Thursday
212,00021,1648,Yogyakarta,toko,2024-03-31,5,110800.0,554000.0,3,Sunday
213,00004,1683,Yogyakarta,toko,2024-05-17,5,101200.0,506000.0,5,Friday
214,00035,1609,Jawa Timur,toko,2024-07-03,6,102600.0,615600.0,7,Wednesday
215,00017,1574,Jawa Timur,online,2023-09-09,11,89000.0,979000.0,9,Saturday
216,00041,1762,Yogyakarta,online,2023-07-31,1,123900.0,123900.0,7,Monday
217,00051,1292,Jawa Timur,toko,2023-10-22,7,154300.0,1080100.0,10,Sunday
218,00021,1053,Yogyakarta,online,2024-10-29,4,83900.0,335600.0,10,Tuesday
219,00054,1398,Yogyakarta,toko,2023-07-03,6,75200.0,451200.0,7,Monday
220,00031,1307,Jawa Tengah,online,2023-12-04,5,101700.0,508500.0,12,Monday
221,00032,1032,Jawa Tengah,toko,2024-05-31,11,116000.0,1276000.0,5,Friday
222,00046,1759,Yogyakarta,toko,2023-08-19,2,78800.0,157600.0,8,Saturday
223,00047,1781,Jawa Barat,toko,2024-05-03,2,78200.0,156400.0,5,Friday
224,00054,1371,Yogyakarta,reseller,2024-01-21,9,41000.0,369000.0,1,Sunday
225,00059,1585,Jawa Tengah,online,2024-02-06,3,294300.0,882900.0,2,Tuesday
226,00009,1758,Yogyakarta,toko,2024-12-11,4,48100.0,192400.0,12,Wednesday
227,00025,1380,Jawa Timur,online,2023-03-28,3,255600.0,766800.0,3,Tuesday
228,00056,1147,Yogyakarta,toko,2024-05-29,6,154100.0,924600.0,5,Wednesday
229,00019,1090,Yogyakarta,toko,2024-11-15,8,175800.0,1406400.0,11,Friday
230,00001,1048,Jawa Tengah,reseller,2023-03-11,9,113400.0,1020600.0,3,Saturday
231,00034,1052,Jawa Barat,toko,2023-05-11,4,98250.0,393000.0,5,Thursday
232,00045,1716,Jawa Tengah,online,2023-07-21,11,115500.0,1270500.0,7,Friday
233,00044,1562,Yogyakarta,reseller,2024-11-01,4,97500.0,390000.0,11,Friday
234,00048,1329,Yogyakarta,toko,2024-05-06,3,158500.0,475500.0,5,Monday
235,00038,1768,Jawa Tengah,reseller,2023-09-16,4,235000.0,940000.0,9,Saturday
236,00009,1406,Jawa Timur,online,2024-11-30,9,55400.0,498600.0,11,Saturday
237,00050,1300,Jawa Barat,toko,2023-11-26,2,129900.0,259800.0,11,Sunday
238,00025,1749,Yogyakarta,toko,2024-01-29,4,248400.0,993600.0,1,Monday
239,00050,1578,Yogyakarta,toko,2024-10-16,10,219000.0,2190000.0,10,Wednesday
240,00049,1175,Yogyakarta,toko,2024-01-30,11,54500.0,599500.0,1,Tuesday
241,00058,1558,Jawa Timur,toko,2024-05-01,1,117600.0,117600.0,5,Wednesday
242,00001,1774,Jawa Barat,toko,2023-01-01,11,115500.0,1270500.0,1,Sunday
243,00052,1313,Yogyakarta,toko,2023-03-19,6,113500.0,681000.0,3,Sunday
244,00038,1317,Yogyakarta,toko,2023-04-22,6,26900.0,161400.0,4,Saturday
245,00029,1429,Yogyakarta,toko,2023-12-10,4,162200.0,648800.0,12,Sunday
246,00047,1197,Yogyakarta,online,2024-08-11,2,39000.0,78000.0,8,Sunday
247,00057,1750,Jawa Timur,online,2023-03-05,2,348400.0,696800.0,3,Sunday
248,00031,1186,Yogyakarta,online,2023-06-26,10,144100.0,1441000.0,6,Monday
249,00006,1645,Jawa Barat,online,2023-11-06,8,98250.0,786000.0,11,Monday
250,00043,1414,Yogyakarta,reseller,2024-01-27,8,142400.0,1139200.0,1,Saturday
252,00014,1373,Yogyakarta,toko,2024-05-13,9,72700.0,654300.0,5,Monday
253,00012,1551,Yogyakarta,toko,2023-02-24,8,93800.0,750400.0,2,Friday
254,00012,1708,Yogyakarta,online,2024-03-10,6,121000.0,726000.0,3,Sunday
255,00054,1447,Yogyakarta,online,2024-04-03,3,62200.0,186600.0,4,Wednesday
256,00022,1040,Yogyakarta,toko,2024-07-13,11,149700.0,1646700.0,7,Saturday
257,00007,1586,Yogyakarta,online,2023-10-19,5,189000.0,945000.0,10,Thursday
258,00011,1035,Yogyakarta,reseller,2024-04-15,4,184500.0,738000.0,4,Monday
259,00024,1448,Jawa Tengah,online,2023-07-29,9,196300.0,1766700.0,7,Saturday
260,00021,1122,Jawa Tengah,toko,2023-08-15,9,210600.0,1895400.0,8,Tuesday
261,00019,1658,Yogyakarta,online,2024-11-18,10,97500.0,975000.0,11,Monday
262,00056,1484,Yogyakarta,toko,2024-03-03,2,212100.0,424200.0,3,Sunday
263,00052,1515,Jawa Tengah,toko,2024-07-19,6,103100.0,618600.0,7,Friday
264,00034,1625,Yogyakarta,toko,2024-05-23,11,126100.0,1387100.0,5,Thursday
266,00021,1383,Yogyakarta,toko,2023-02-20,4,306200.0,1224800.0,2,Monday
267,00009,1158,Jawa Barat,online,2023-12-05,6,81200.0,487200.0,12,Tuesday
268,00017,1491,Yogyakarta,toko,2024-12-06,2,42900.0,85800.0,12,Friday
269,00006,1325,Yogyakarta,toko,2023-05-15,9,345700.0,3111300.0,5,Monday
270,00057,1514,Yogyakarta,toko,2024-03-28,5,195000.0,975000.0,3,Thursday
271,00013,1485,Jawa Tengah,toko,2023-05-28,3,287600.0,862800.0,5,Sunday
272,00027,1015,Jawa Tengah,toko,2024-12-13,2,168600.0,337200.0,12,Friday
273,00012,1163,Jawa Tengah,toko,2024-12-29,7,114800.0,803600.0,12,Sunday
274,00058,1197,Jawa Barat,online,2024-09-21,7,69000.0,483000.0,9,Saturday
275,00010,1305,Yogyakarta,online,2023-01-09,1,57100.0,57100.0,1,Monday
277,00057,1377,Jawa Tengah,online,2024-06-18,9,176900.0,1592100.0,6,Tuesday
278,00031,1264,Jawa Tengah,reseller,2023-03-02,3,120200.0,360600.0,3,Thursday
279,00054,1678,Jawa Barat,toko,2024-12-15,6,52300.0,313800.0,12,Sunday
280,00053,1757,Jawa Timur,toko,2024-09-16,1,73700.0,73700.0,9,Monday
281,00046,1234,Jawa Tengah,toko,2023-03-04,1,69600.0,69600.0,3,Saturday
282,00044,1393,Jawa Timur,toko,2023-06-29,10,83800.0,838000.0,6,Thursday
283,00035,1107,Jawa Tengah,toko,2023-05-13,11,18700.0,205700.0,5,Saturday
284,00035,1178,Jawa Tengah,toko,2024-10-27,8,114000.0,912000.0,10,Sunday
285,00050,1425,Yogyakarta,reseller,2023-03-31,10,248100.0,2481000.0,3,Friday
286,00026,1001,Jawa Timur,online,2024-12-16,7,72700.0,508900.0,12,Monday
287,00056,1576,Yogyakarta,toko,2024-07-18,9,101500.0,913500.0,7,Thursday
288,00052,1174,Yogyakarta,online,2024-07-15,11,117300.0,1290300.0,7,Monday
289,00023,1408,Yogyakarta,toko,2023-02-01,2,55800.0,111600.0,2,Wednesday
290,00025,1257,Jawa Timur,reseller,2024-03-31,2,128400.0,256800.0,3,Sunday
291,00043,1194,Jawa Tengah,online,2023-06-10,10,62200.0,622000.0,6,Saturday
292,00055,1351,Jawa Tengah,online,2023-11-17,6,77300.0,463800.0,11,Friday
293,00006,1545,Yogyakarta,toko,2024-10-20,10,115800.0,1158000.0,10,Sunday
294,00005,1357,Jawa Timur,toko,2024-10-25,1,96800.0,96800.0,10,Friday
295,00015,1561,Yogyakarta,online,2023-12-28,7,105700.0,739900.0,12,Thursday
296,00026,1438,Jawa Timur,toko,2024-04-04,10,58400.0,584000.0,4,Thursday
297,00010,1600,Jawa Barat,toko,2024-03-03,9,152800.0,1375200.0,3,Sunday
298,00031,1379,Yogyakarta,toko,2023-03-10,10,53100.0,531000.0,3,Friday
299,00032,1479,Jawa Tengah,online,2023-12-13,7,163700.0,1145900.0,12,Wednesday
300,00057,1026,Jawa Timur,toko,2024-06-14,5,75500.0,377500.0,6,Friday
301,00045,1139,Jawa Tengah,reseller,2023-11-24,2,50000.0,100000.0,11,Friday
302,00015,1213,Yogyakarta,online,2023-08-30,7,94900.0,664300.0,8,Wednesday
303,00047,1460,Yogyakarta,reseller,2024-05-10,8,53900.0,431200.0,5,Friday
304,00048,1769,Yogyakarta,toko,2023-04-10,9,73300.0,659700.0,4,Monday
305,00041,1102,Jawa Tengah,online,2024-03-04,10,91500.0,915000.0,3,Monday
306,00040,1021,Jawa Tengah,online,2023-09-25,8,157900.0,1263200.0,9,Monday
307,00019,1515,Yogyakarta,toko,2024-05-01,1,159200.0,159200.0,5,Wednesday
308,00043,1587,Jawa Timur,reseller,2024-09-18,8,132300.0,1058400.0,9,Wednesday
309,00008,1705,Yogyakarta,toko,2023-09-05,9,84700.0,762300.0,9,Tuesday
310,00038,1381,Yogyakarta,toko,2024-06-25,3,41000.0,123000.0,6,Tuesday
311,00055,1619,Yogyakarta,toko,2024-01-02,1,87700.0,87700.0,1,Tuesday
312,00058,1565,Jawa Tengah,reseller,2023-10-05,8,82900.0,663200.0,10,Thursday
313,00018,1022,Yogyakarta,online,2024-06-04,7,92700.0,648900.0,6,Tuesday
314,00020,1266,Yogyakarta,toko,2024-08-24,9,73400.0,660600.0,8,Saturday
315,00037,1570,Jawa Timur,toko,2024-12-04,1,73600.0,73600.0,12,Wednesday
316,00024,1296,Yogyakarta,toko,2024-02-13,6,160100.0,960600.0,2,Tuesday
317,00044,1469,Jawa Timur,toko,2023-03-18,5,45800.0,229000.0,3,Saturday
318,00012,1413,Yogyakarta,reseller,2023-09-05,6,100500.0,603000.0,9,Tuesday
319,00010,1519,Yogyakarta,reseller,2023-08-16,11,209000.0,2299000.0,8,Wednesday
320,00003,1727,Jawa Tengah,online,2023-03-16,5,63700.0,318500.0,3,Thursday
321,00028,1691,Jawa Tengah,toko,2023-03-06,7,56100.0,392700.0,3,Monday
322,00013,1262,Yogyakarta,toko,2024-05-12,7,87700.0,613900.0,5,Sunday
323,00018,1360,Jawa Tengah,online,2024-10-23,3,81800.0,245400.0,10,Wednesday
324,00055,1068,Jawa Timur,online,2023-06-30,11,116600.0,1282600.0,6,Friday
325,00049,1641,Yogyakarta,toko,2024-10-13,8,220900.0,1767200.0,10,Sunday
326,00050,1030,Yogyakarta,toko,2024-01-05,1,92800.0,92800.0,1,Friday
327,00036,1358,Jawa Tengah,online,2024-08-04,5,138600.0,693000.0,8,Sunday
328,00007,1705,Yogyakarta,toko,2023-06-24,9,71200.0,640800.0,6,Saturday
329,00045,1742,Jawa Timur,reseller,2024-07-16,4,75100.0,300400.0,7,Tuesday
330,00036,1250,Yogyakarta,toko,2024-04-05,9,118700.0,1068300.0,4,Friday
331,00054,1765,Yogyakarta,reseller,2023-08-17,6,67500.0,405000.0,8,Thursday
332,00029,1095,Yogyakarta,toko,2023-02-12,5,201800.0,1009000.0,2,Sunday
333,00011,1574,Yogyakarta,toko,2024-01-17,4,78800.0,315200.0,1,Wednesday
334,00036,1477,Jawa Barat,toko,2023-07-23,3,90900.0,272700.0,7,Sunday
335,00027,1644,Jawa Tengah,online,2024-09-11,8,54300.0,434400.0,9,Wednesday
336,00039,1675,Jawa Barat,reseller,2024-04-01,7,77400.0,541800.0,4,Monday
337,00023,1349,Yogyakarta,toko,2024-03-30,7,55500.0,388500.0,3,Saturday
338,00019,1479,Jawa Barat,reseller,2024-09-07,9,75000.0,675000.0,9,Saturday
339,00008,1591,Jawa Tengah,reseller,2024-10-08,6,35300.0,211800.0,10,Tuesday
340,00057,1121,Yogyakarta,reseller,2024-06-16,2,99200.0,198400.0,6,Sunday
341,00045,1490,Jawa Tengah,toko,2024-09-17,3,278000.0,834000.0,9,Tuesday
342,00028,1324,Jawa Timur,toko,2023-07-30,7,33200.0,232400.0,7,Sunday
343,00014,1292,Jawa Tengah,toko,2023-09-27,1,276800.0,276800.0,9,Wednesday
344,00038,1213,Yogyakarta,toko,2023-10-18,9,93000.0,837000.0,10,Wednesday
345,00025,1373,Jawa Barat,toko,2024-06-08,1,167900.0,167900.0,6,Saturday
346,00038,1013,Yogyakarta,toko,2024-01-01,3,55200.0,165600.0,1,Monday
347,00006,1488,Jawa Timur,online,2024-05-21,9,328600.0,2957400.0,5,Tuesday
348,00011,1772,Jawa Tengah,toko,2024-11-21,10,53000.0,530000.0,11,Thursday
350,00004,1367,Yogyakarta,toko,2023-05-10,7,249000.0,1743000.0,5,Wednesday
351,00040,1369,Yogyakarta,toko,2023-09-26,2,47100.0,94200.0,9,Tuesday
352,00025,1107,Yogyakarta,online,2024-07-29,1,25300.0,25300.0,7,Monday
353,00001,1432,Jawa Tengah,online,2024-05-24,4,95500.0,382000.0,5,Friday
354,00046,1707,Jawa Barat,online,2023-03-24,10,63400.0,634000.0,3,Friday
355,00042,1701,Jawa Tengah,toko,2024-09-13,7,56200.0,393400.0,9,Friday
356,00049,1788,Yogyakarta,reseller,2024-09-04,1,58200.0,58200.0,9,Wednesday
357,00053,1133,Jawa Tengah,toko,2024-03-14,6,42000.0,252000.0,3,Thursday
358,00044,1652,Jawa Timur,toko,2023-03-22,10,95700.0,957000.0,3,Wednesday
359,00050,1401,Yogyakarta,online,2023-09-18,8,204500.0,1636000.0,9,Monday
360,00007,1202,Yogyakarta,reseller,2023-10-07,7,44600.0,312200.0,10,Saturday
361,00055,1609,Jawa Timur,reseller,2024-06-03,1,93600.0,93600.0,6,Monday
362,00054,1152,Yogyakarta,reseller,2023-09-27,1,97500.0,97500.0,9,Wednesday
363,00041,1369,Jawa Tengah,toko,2023-10-01,2,190900.0,381800.0,10,Sunday
364,00048,1420,Jawa Tengah,reseller,2024-05-02,2,60700.0,121400.0,5,Thursday
365,00044,1444,Jawa Tengah,online,2023-05-16,7,259600.0,1817200.0,5,Tuesday
366,00052,1466,Yogyakarta,toko,2023-08-19,2,99800.0,199600.0,8,Saturday
367,00053,1076,Jawa Tengah,online,2023-10-24,9,62500.0,562500.0,10,Tuesday
368,00031,1702,Yogyakarta,reseller,2024-08-11,8,94400.0,755200.0,8,Sunday
369,00049,1152,Jawa Timur,online,2024-01-30,9,70400.0,633600.0,1,Tuesday
370,00055,1773,Yogyakarta,online,2024-12-20,9,378500.0,3406500.0,12,Friday
371,00018,1767,Jawa Tengah,online,2023-06-12,4,101700.0,406800.0,6,Monday
372,00003,1728,Yogyakarta,reseller,2024-06-08,4,74800.0,299200.0,6,Saturday
373,00011,1237,Jawa Timur,online,2024-07-13,2,105200.0,210400.0,7,Saturday
374,00002,1273,Yogyakarta,toko,2023-01-16,8,238300.0,1906400.0,1,Monday
375,00026,1622,Yogyakarta,toko,2023-12-05,7,56200.0,393400.0,12,Tuesday
376,00002,1468,Yogyakarta,toko,2023-03-12,7,36600.0,256200.0,3,Sunday
377,00016,1785,Jawa Barat,toko,2024-02-13,3,216400.0,649200.0,2,Tuesday
378,00015,1099,Jawa Barat,toko,2024-08-09,10,98250.0,982500.0,8,Friday
379,00042,1473,Yogyakarta,online,2024-10-15,5,76100.0,380500.0,10,Tuesday
380,00015,1415,Jawa Timur,reseller,2023-10-26,3,94700.0,284100.0,10,Thursday
381,00057,1746,Jawa Timur,reseller,2023-01-24,9,191600.0,1724400.0,1,Tuesday
382,00012,1056,Jawa Tengah,toko,2024-01-10,2,19700.0,39400.0,1,Wednesday
383,00058,1344,Jawa Barat,online,2024-05-26,8,211600.0,1692800.0,5,Sunday
384,00034,1089,Yogyakarta,toko,2024-09-09,5,89400.0,447000.0,9,Monday
385,00015,1606,Yogyakarta,reseller,2023-09-17,2,148500.0,297000.0,9,Sunday
386,00003,1097,Jawa Timur,toko,2024-06-05,10,96300.0,963000.0,6,Wednesday
387,00019,1779,Jawa Timur,toko,2024-10-19,5,624500.0,3122500.0,10,Saturday
388,00035,1241,Jawa Tengah,toko,2024-01-20,3,68600.0,205800.0,1,Saturday
389,00007,1350,Yogyakarta,toko,2024-09-10,1,191000.0,191000.0,9,Tuesday
390,00010,1247,Jawa Tengah,online,2023-08-08,9,21000.0,189000.0,8,Tuesday
391,00007,1269,Jawa Tengah,toko,2023-12-22,11,101500.0,1116500.0,12,Friday
392,00040,1564,Yogyakarta,online,2023-02-28,1,158600.0,158600.0,2,Tuesday
393,00006,1293,Jawa Tengah,reseller,2024-08-30,7,39500.0,276500.0,8,Friday
394,00002,1060,Yogyakarta,toko,2023-03-24,10,29600.0,296000.0,3,Friday
395,00027,1120,Jawa Tengah,toko,2024-06-27,7,105000.0,735000.0,6,Thursday
396,00019,1088,Yogyakarta,reseller,2023-02-08,5,181400.0,907000.0,2,Wednesday
397,00034,1788,Jawa Barat,toko,2024-04-08,7,201100.0,1407700.0,4,Monday
398,00056,1525,Yogyakarta,reseller,2023-10-19,10,65900.0,659000.0,10,Thursday
399,00051,1752,Jawa Tengah,online,2024-02-29,6,121900.0,731400.0,2,Thursday
400,00032,1538,Jawa Barat,toko,2024-11-22,6,98250.0,589500.0,11,Friday
401,00038,1553,Yogyakarta,toko,2024-02-20,10,281100.0,2811000.0,2,Tuesday
402,00048,1568,Jawa Tengah,online,2023-03-22,6,70400.0,422400.0,3,Wednesday
403,00026,1708,Yogyakarta,toko,2024-01-25,7,212300.0,1486100.0,1,Thursday
404,00039,1576,Jawa Tengah,reseller,2024-01-11,8,84300.0,674400.0,1,Thursday
405,00013,1365,Yogyakarta,reseller,2023-12-02,7,81300.0,569100.0,12,Saturday
406,00037,1530,Jawa Barat,online,2024-03-25,2,261000.0,522000.0,3,Monday
407,00014,1315,Yogyakarta,online,2024-03-19,10,58800.0,588000.0,3,Tuesday
408,00012,1442,Jawa Tengah,online,2024-11-18,1,214600.0,214600.0,11,Monday
409,00045,1111,Jawa Tengah,online,2024-08-04,3,80000.0,240000.0,8,Sunday
410,00034,1593,Yogyakarta,toko,2024-12-27,5,58500.0,292500.0,12,Friday
411,00023,1024,Yogyakarta,toko,2024-01-09,3,60000.0,180000.0,1,Tuesday
412,00003,1065,Yogyakarta,online,2024-04-23,2,194300.0,388600.0,4,Tuesday
413,00014,1196,Jawa Timur,toko,2023-02-06,10,94300.0,943000.0,2,Monday
414,00048,1169,Jawa Barat,toko,2024-02-28,3,80000.0,240000.0,2,Wednesday
415,00028,1608,Jawa Tengah,toko,2023-06-15,10,40100.0,401000.0,6,Thursday
416,00057,1593,Yogyakarta,toko,2024-05-31,2,199800.0,399600.0,5,Friday
417,00054,1185,Yogyakarta,toko,2024-08-03,10,185300.0,1853000.0,8,Saturday
418,00051,1154,Yogyakarta,online,2023-11-15,2,120000.0,240000.0,11,Wednesday
419,00001,1276,Yogyakarta,online,2023-05-18,1,157500.0,157500.0,5,Thursday
420,00003,1424,Jawa Tengah,online,2024-07-23,10,15800.0,158000.0,7,Tuesday
421,00035,1571,Jawa Timur,online,2023-08-18,6,71900.0,431400.0,8,Friday
422,00020,1208,Jawa Timur,toko,2024-09-02,7,108800.0,761600.0,9,Monday
423,00050,1557,Jawa Barat,toko,2023-04-06,2,105200.0,210400.0,4,Thursday
424,00019,1345,Jawa Timur,online,2023-06-06,4,70300.0,281200.0,6,Tuesday
425,00010,1062,Jawa Tengah,toko,2024-12-26,9,113900.0,1025100.0,12,Thursday
426,00007,1667,Jawa Timur,online,2024-01-21,10,95700.0,957000.0,1,Sunday
427,00018,1261,Jawa Timur,online,2024-12-18,5,66700.0,333500.0,12,Wednesday
428,00037,1528,Jawa Tengah,online,2023-08-17,1,46800.0,46800.0,8,Thursday
429,00008,1226,Yogyakarta,online,2023-09-22,8,107200.0,857600.0,9,Friday
430,00048,1356,Yogyakarta,online,2023-04-02,11,64100.0,705100.0,4,Sunday
431,00018,1520,Jawa Timur,toko,2023-11-10,2,73000.0,146000.0,11,Friday
432,00019,1218,Yogyakarta,toko,2023-11-04,9,226600.0,2039400.0,11,Saturday
433,00040,1061,Jawa Tengah,reseller,2023-06-16,2,96200.0,192400.0,6,Friday
434,00051,1644,Jawa Tengah,reseller,2024-03-17,6,96600.0,579600.0,3,Sunday
435,00026,1066,Jawa Timur,online,2023-08-11,7,95700.0,669900.0,8,Friday
436,00048,1525,Yogyakarta,online,2024-01-13,11,72100.0,793100.0,1,Saturday
437,00018,1478,Jawa Tengah,toko,2023-05-08,7,177900.0,1245300.0,5,Monday
438,00008,1351,Jawa Timur,toko,2023-10-08,4,137400.0,549600.0,10,Sunday
439,00049,1134,Yogyakarta,online,2023-03-22,10,97500.0,975000.0,3,Wednesday
440,00046,1695,Yogyakarta,online,2024-02-10,2,88800.0,177600.0,2,Saturday
441,00045,1310,Jawa Tengah,toko,2023-08-06,5,102700.0,513500.0,8,Sunday
442,00053,1553,Yogyakarta,toko,2024-01-04,2,125300.0,250600.0,1,Thursday
443,00030,1674,Jawa Tengah,reseller,2023-01-25,1,101700.0,101700.0,1,Wednesday
444,00012,1784,Jawa Barat,online,2023-01-20,9,22200.0,199800.0,1,Friday
445,00035,1635,Jawa Tengah,toko,2024-11-22,5,321000.0,1605000.0,11,Friday
446,00034,1531,Yogyakarta,online,2024-05-18,4,195100.0,780400.0,5,Saturday
447,00023,1778,Jawa Timur,online,2024-01-24,11,90000.0,990000.0,1,Wednesday
448,00038,1719,Jawa Tengah,toko,2024-07-29,3,230100.0,690300.0,7,Monday
449,00016,1026,Jawa Tengah,online,2024-08-06,8,45100.0,360800.0,8,Tuesday
450,00036,1440,Yogyakarta,toko,2023-12-03,9,214000.0,1926000.0,12,Sunday
451,00047,1250,Jawa Tengah,toko,2024-11-24,10,110700.0,1107000.0,11,Sunday
452,00006,1568,Jawa Barat,toko,2024-04-20,10,168200.0,1682000.0,4,Saturday
453,00027,1100,Jawa Timur,online,2024-10-06,8,95700.0,765600.0,10,Sunday
454,00040,1673,Yogyakarta,online,2023-06-26,5,108100.0,540500.0,6,Monday
456,00038,1072,Jawa Tengah,toko,2024-06-16,4,185100.0,740400.0,6,Sunday
457,00054,1602,Jawa Barat,online,2023-09-12,8,67200000.0,537600000.0,9,Tuesday
458,00049,1379,Jawa Timur,toko,2023-11-29,6,128800.0,772800.0,11,Wednesday
459,00041,1792,Yogyakarta,toko,2024-05-17,6,97500.0,585000.0,5,Friday
460,00048,1484,Yogyakarta,online,2024-04-12,5,276400.0,1382000.0,4,Friday
461,00022,1759,Jawa Tengah,toko,2024-06-17,8,111800.0,894400.0,6,Monday
462,00020,1046,Yogyakarta,reseller,2024-05-06,10,86200.0,862000.0,5,Monday
463,00005,1483,Jawa Tengah,online,2024-08-02,10,81200.0,812000.0,8,Friday
464,00043,1631,Yogyakarta,online,2023-11-12,6,48000.0,288000.0,11,Sunday
465,00019,1044,Yogyakarta,toko,2024-10-16,4,97500.0,390000.0,10,Wednesday
466,00052,1572,Yogyakarta,toko,2023-05-17,3,97500.0,292500.0,5,Wednesday
467,00028,1674,Jawa Tengah,toko,2023-07-23,4,111500.0,446000.0,7,Sunday
468,00053,1748,Jawa Timur,toko,2024-11-15,1,94000.0,94000.0,11,Friday
469,00009,1434,Yogyakarta,toko,2024-05-07,8,112500.0,900000.0,5,Tuesday
470,00010,1297,Jawa Tengah,online,2024-08-27,11,46600.0,512600.0,8,Tuesday
471,00021,1675,Jawa Tengah,online,2023-09-18,1,76600.0,76600.0,9,Monday
472,00002,1375,Jawa Barat,online,2023-10-07,4,67100.0,268400.0,10,Saturday
473,00030,1257,Yogyakarta,toko,2024-06-04,4,178800.0,715200.0,6,Tuesday
474,00039,1729,Jawa Tengah,toko,2023-10-04,11,40300.0,443300.0,10,Wednesday
475,00040,1623,Jawa Timur,toko,2024-08-10,3,95700.0,287100.0,8,Saturday
476,00013,1329,Jawa Tengah,reseller,2024-09-10,10,213200.0,2132000.0,9,Tuesday
477,00010,1034,Jawa Tengah,toko,2023-03-23,11,122500.0,1347500.0,3,Thursday
478,00034,1667,Yogyakarta,online,2024-07-03,5,38500.0,192500.0,7,Wednesday
479,00038,1177,Jawa Timur,online,2024-10-12,11,221600.0,2437600.0,10,Saturday
480,00056,1337,Yogyakarta,toko,2023-07-22,3,241500.0,724500.0,7,Saturday
481,00053,1036,Jawa Timur,reseller,2023-11-22,8,195700.0,1565600.0,11,Wednesday
482,00023,1270,Jawa Barat,reseller,2024-08-22,8,28600.0,228800.0,8,Thursday
484,00015,1221,Jawa Barat,toko,2023-09-05,2,58700.0,117400.0,9,Tuesday
485,00053,1056,Yogyakarta,online,2023-12-04,4,84100.0,336400.0,12,Monday
486,00027,1170,Jawa Tengah,online,2024-09-06,1,38200.0,38200.0,9,Friday
487,00059,1141,Jawa Tengah,online,2023-03-11,8,279200.0,2233600.0,3,Saturday
488,00039,1345,Jawa Timur,online,2023-03-22,1,65100.0,65100.0,3,Wednesday
489,00036,1123,Jawa Tengah,reseller,2024-10-19,4,116500.0,466000.0,10,Saturday
490,00006,1129,Jawa Timur,online,2024-11-22,7,159800.0,1118600.0,11,Friday
491,00035,1205,Yogyakarta,toko,2024-06-16,9,142500.0,1282500.0,6,Sunday
492,00023,1662,Yogyakarta,online,2023-09-25,9,126200.0,1135800.0,9,Monday
493,00050,1224,Yogyakarta,toko,2023-08-07,7,39000000.0,273000000.0,8,Monday
494,00008,1779,Yogyakarta,reseller,2024-11-03,8,112600.0,900800.0,11,Sunday
495,00012,1598,Jawa Tengah,toko,2024-03-02,2,86400.0,172800.0,3,Saturday
496,00040,1077,Jawa Timur,toko,2023-06-30,11,95700.0,1052700.0,6,Friday
497,00041,1300,Yogyakarta,reseller,2024-12-08,3,179700.0,539100.0,12,Sunday
498,00050,1043,Jawa Barat,toko,2023-09-30,1,67600.0,67600.0,9,Saturday
499,00031,1145,Jawa Barat,online,2023-01-15,9,72100.0,648900.0,1,Sunday
500,00023,1002,Jawa Barat,online,2023-07-05,9,98250.0,884250.0,7,Wednesday
501,00019,1289,Jawa Tengah,online,2024-10-11,10,42800.0,428000.0,10,Friday
502,00022,1745,Yogyakarta,online,2024-03-04,8,47600.0,380800.0,3,Monday
503,00040,1780,Jawa Tengah,reseller,2024-05-15,9,33400.0,300600.0,5,Wednesday
504,00032,1059,Yogyakarta,online,2023-07-05,8,130500.0,1044000.0,7,Wednesday
505,00018,1256,Jawa Tengah,online,2024-10-23,9,200200.0,1801800.0,10,Wednesday
506,00013,1544,Yogyakarta,toko,2024-05-07,6,103100.0,618600.0,5,Tuesday
507,00042,1599,Yogyakarta,toko,2024-04-04,5,49500.0,247500.0,4,Thursday
508,00015,1243,Yogyakarta,toko,2024-05-11,2,215800.0,431600.0,5,Saturday
509,00013,1390,Yogyakarta,toko,2023-03-23,3,97500.0,292500.0,3,Thursday
510,00020,1158,Jawa Barat,toko,2024-07-14,4,37800.0,151200.0,7,Sunday
511,00051,1423,Yogyakarta,toko,2024-12-15,1,31800.0,31800.0,12,Sunday
512,00027,1197,Yogyakarta,toko,2023-11-27,3,109800.0,329400.0,11,Monday
513,00036,1138,Yogyakarta,toko,2024-10-12,10,234200.0,2342000.0,10,Saturday
514,00005,1551,Jawa Timur,toko,2023-11-09,11,78200.0,860200.0,11,Thursday
515,00021,1122,Yogyakarta,toko,2023-12-17,3,97500.0,292500.0,12,Sunday
516,00045,1014,Yogyakarta,online,2023-07-02,9,83500.0,751500.0,7,Sunday
517,00046,1375,Jawa Tengah,toko,2024-06-01,1,59100.0,59100.0,6,Saturday
518,00035,1691,Jawa Barat,toko,2023-12-22,11,70900.0,779900.0,12,Friday
519,00052,1293,Jawa Tengah,toko,2023-08-02,9,101700.0,915300.0,8,Wednesday
520,00018,1454,Jawa Tengah,online,2024-01-21,7,63800.0,446600.0,1,Sunday
521,00010,1150,Jawa Barat,toko,2023-08-21,8,98250.0,786000.0,8,Monday
522,00005,1188,Jawa Timur,toko,2023-07-22,1,54700.0,54700.0,7,Saturday
523,00012,1133,Jawa Barat,online,2024-07-01,2,150500.0,301000.0,7,Monday
525,00054,1485,Yogyakarta,online,2024-12-21,3,78000.0,234000.0,12,Saturday
526,00008,1523,Jawa Timur,toko,2023-05-06,4,82300.0,329200.0,5,Saturday
527,00030,1256,Jawa Tengah,toko,2024-08-28,6,80900.0,485400.0,8,Wednesday
528,00008,1503,Yogyakarta,online,2023-11-02,8,269400.0,2155200.0,11,Thursday
529,00050,1310,Jawa Barat,toko,2024-04-06,11,60500.0,665500.0,4,Saturday
530,00008,1254,Yogyakarta,reseller,2023-08-26,5,200700.0,1003500.0,8,Saturday
531,00038,1130,Jawa Tengah,toko,2024-02-01,1,180200.0,180200.0,2,Thursday
532,00005,1267,Yogyakarta,reseller,2024-01-25,7,80300.0,562100.0,1,Thursday
533,00044,1255,Yogyakarta,online,2024-04-01,1,259600.0,259600.0,4,Monday
534,00054,1370,Jawa Barat,online,2024-07-19,2,23600.0,47200.0,7,Friday
535,00044,1672,Jawa Tengah,toko,2024-03-09,9,113900.0,1025100.0,3,Saturday
536,00016,1728,Jawa Barat,reseller,2023-01-23,10,106300.0,1063000.0,1,Monday
537,00050,1190,Yogyakarta,online,2023-06-03,2,99500.0,199000.0,6,Saturday
538,00019,1430,Jawa Tengah,toko,2023-11-18,4,162500.0,650000.0,11,Saturday
539,00045,1095,Jawa Timur,toko,2024-06-06,2,77300.0,154600.0,6,Thursday
540,00050,1672,Jawa Tengah,toko,2023-03-15,10,87900.0,879000.0,3,Wednesday
541,00029,1268,Yogyakarta,reseller,2024-09-21,9,196100.0,1764900.0,9,Saturday
542,00037,1512,Yogyakarta,reseller,2023-09-16,10,91700.0,917000.0,9,Saturday
543,00051,1720,Jawa Tengah,toko,2024-02-10,3,52900.0,158700.0,2,Saturday
544,00012,1449,Jawa Barat,online,2024-06-21,7,138400.0,968800.0,6,Friday
545,00002,1727,Yogyakarta,online,2023-09-23,7,93600.0,655200.0,9,Saturday
546,00026,1391,Jawa Tengah,toko,2024-04-08,2,70100.0,140200.0,4,Monday
547,00011,1756,Jawa Tengah,toko,2023-08-09,2,137000.0,274000.0,8,Wednesday
548,00053,1544,Jawa Tengah,online,2024-06-07,5,101700.0,508500.0,6,Friday
549,00052,1501,Yogyakarta,toko,2023-01-27,9,54600.0,491400.0,1,Friday
550,00023,1393,Jawa Timur,online,2024-08-17,6,84000.0,504000.0,8,Saturday
551,00019,1780,Yogyakarta,toko,2023-11-05,5,87700.0,438500.0,11,Sunday
552,00042,1580,Yogyakarta,online,2023-09-06,4,101500.0,406000.0,9,Wednesday
553,00027,1463,Jawa Barat,toko,2024-01-01,1,47700.0,47700.0,1,Monday
554,00006,1145,Jawa Tengah,reseller,2023-09-30,1,275900.0,275900.0,9,Saturday
555,00040,1667,Yogyakarta,toko,2023-07-21,8,147500.0,1180000.0,7,Friday
556,00043,1257,Jawa Tengah,online,2023-05-18,11,107100.0,1178100.0,5,Thursday
557,00005,1073,Yogyakarta,online,2024-06-07,9,112800.0,1015200.0,6,Friday
558,00046,1698,Jawa Timur,toko,2023-08-28,7,21900.0,153300.0,8,Monday
559,00032,1549,Jawa Barat,reseller,2024-05-27,9,171200.0,1540800.0,5,Monday
560,00049,1316,Yogyakarta,toko,2024-03-27,6,53200.0,319200.0,3,Wednesday
561,00051,1429,Yogyakarta,toko,2023-04-01,3,133000.0,399000.0,4,Saturday
562,00040,1674,Jawa Timur,toko,2024-05-04,2,48000.0,96000.0,5,Saturday
563,00020,1222,Yogyakarta,online,2023-12-10,7,177500.0,1242500.0,12,Sunday
564,00022,1750,Jawa Barat,online,2024-06-02,6,71300.0,427800.0,6,Sunday
565,00043,1090,Jawa Tengah,online,2023-04-09,9,43250000.0,389250000.0,4,Sunday
566,00004,1462,Jawa Tengah,reseller,2024-01-27,9,246000.0,2214000.0,1,Saturday
567,00014,1573,Jawa Timur,toko,2024-07-27,11,178000.0,1958000.0,7,Saturday
568,00031,1081,Yogyakarta,online,2023-02-06,2,43100.0,86200.0,2,Monday
569,00056,1227,Yogyakarta,toko,2024-01-20,7,64700.0,452900.0,1,Saturday
570,00045,1605,Jawa Barat,online,2024-04-16,11,110400.0,1214400.0,4,Tuesday
571,00049,1488,Jawa Tengah,online,2023-07-12,1,85400.0,85400.0,7,Wednesday
572,00012,1532,Yogyakarta,toko,2024-09-10,3,159600.0,478800.0,9,Tuesday
573,00017,1533,Yogyakarta,toko,2023-12-13,9,65200.0,586800.0,12,Wednesday
574,00016,1232,Yogyakarta,toko,2024-09-29,2,31900.0,63800.0,9,Sunday
575,00045,1022,Yogyakarta,toko,2024-10-31,2,56900.0,113800.0,10,Thursday
577,00013,1097,Yogyakarta,toko,2023-10-14,3,136600.0,409800.0,10,Saturday
578,00045,1386,Jawa Tengah,online,2023-10-03,3,153600.0,460800.0,10,Tuesday
579,00038,1698,Jawa Barat,toko,2024-06-05,7,207600.0,1453200.0,6,Wednesday
580,00053,1045,Yogyakarta,reseller,2023-12-25,10,113200.0,1132000.0,12,Monday
581,00033,1572,Yogyakarta,toko,2024-08-06,5,87000.0,435000.0,8,Tuesday
582,00008,1054,Jawa Timur,toko,2024-03-31,3,152400.0,457200.0,3,Sunday
583,00053,1093,Yogyakarta,toko,2023-04-22,4,92600.0,370400.0,4,Saturday
584,00011,1182,Jawa Tengah,reseller,2024-08-04,1,74200.0,74200.0,8,Sunday
585,00004,1288,Jawa Tengah,online,2023-04-18,3,74200.0,222600.0,4,Tuesday
586,00048,1487,Yogyakarta,reseller,2023-01-21,7,171600.0,1201200.0,1,Saturday
587,00027,1286,Yogyakarta,toko,2023-04-11,3,239700.0,719100.0,4,Tuesday
588,00039,1652,Yogyakarta,reseller,2024-10-19,1,216500.0,216500.0,10,Saturday
589,00008,1062,Yogyakarta,toko,2024-07-31,7,37700.0,263900.0,7,Wednesday
590,00043,1079,Jawa Timur,reseller,2023-11-15,2,189400.0,378800.0,11,Wednesday
591,00024,1188,Yogyakarta,toko,2023-09-16,9,50200.0,451800.0,9,Saturday
592,00059,1017,Jawa Timur,reseller,2024-12-06,7,80100.0,560700.0,12,Friday
593,00038,1207,Jawa Timur,online,2023-12-30,10,139800.0,1398000.0,12,Saturday
594,00056,1498,Yogyakarta,online,2024-07-29,9,44200.0,397800.0,7,Monday
595,00047,1539,Yogyakarta,toko,2023-03-27,11,47100.0,518100.0,3,Monday
596,00050,1327,Jawa Tengah,toko,2023-10-17,6,62700.0,376200.0,10,Tuesday
597,00006,1253,Jawa Barat,toko,2024-07-11,1,270700.0,270700.0,7,Thursday
598,00046,1353,Jawa Tengah,toko,2024-11-24,10,187600.0,1876000.0,11,Sunday
599,00036,1448,Yogyakarta,online,2023-12-07,10,57300.0,573000.0,12,Thursday
600,00024,1656,Yogyakarta,toko,2023-12-06,2,106800.0,213600.0,12,Wednesday
601,00019,1120,Jawa Tengah,toko,2024-08-07,11,106700.0,1173700.0,8,Wednesday
602,00038,1735,Yogyakarta,toko,2023-03-21,9,118600.0,1067400.0,3,Tuesday
603,00012,1309,Jawa Tengah,toko,2023-09-15,3,64200.0,192600.0,9,Friday
604,00011,1773,Yogyakarta,toko,2023-05-27,5,233500.0,1167500.0,5,Saturday
605,00052,1246,Yogyakarta,toko,2024-12-29,4,78300.0,313200.0,12,Sunday
606,00045,1623,Jawa Barat,reseller,2024-01-27,10,160800.0,1608000.0,1,Saturday
607,00035,1371,Yogyakarta,online,2023-07-22,8,35800.0,286400.0,7,Saturday
608,00045,1002,Jawa Timur,online,2024-07-07,2,124400.0,248800.0,7,Sunday
609,00020,1028,Yogyakarta,toko,2023-11-13,11,107300.0,1180300.0,11,Monday
610,00043,1120,Yogyakarta,online,2023-08-16,6,222100.0,1332600.0,8,Wednesday
611,00013,1476,Jawa Tengah,reseller,2023-12-17,7,20700.0,144900.0,12,Sunday
612,00027,1469,Jawa Timur,reseller,2024-11-15,2,137200.0,274400.0,11,Friday
613,00009,1131,Jawa Timur,online,2023-12-20,6,160200.0,961200.0,12,Wednesday
614,00023,1764,Jawa Tengah,online,2023-07-07,2,83900.0,167800.0,7,Friday
615,00021,1263,Jawa Barat,reseller,2023-09-22,10,216600.0,2166000.0,9,Friday
616,00025,1065,Yogyakarta,toko,2024-12-14,4,347400.0,1389600.0,12,Saturday
617,00029,1449,Yogyakarta,online,2024-01-08,7,166900.0,1168300.0,1,Monday
618,00002,1411,Yogyakarta,online,2024-04-18,7,159900.0,1119300.0,4,Thursday
619,00021,1091,Jawa Tengah,online,2023-12-24,1,221100.0,221100.0,12,Sunday
620,00050,1317,Yogyakarta,toko,2024-06-20,7,128100.0,896700.0,6,Thursday
621,00026,1507,Jawa Tengah,toko,2023-10-27,4,205600.0,822400.0,10,Friday
622,00032,1325,Yogyakarta,toko,2023-10-10,3,141000.0,423000.0,10,Tuesday
623,00007,1291,Yogyakarta,online,2023-09-07,3,65300.0,195900.0,9,Thursday
624,00023,1214,Yogyakarta,toko,2024-01-24,4,52400.0,209600.0,1,Wednesday
625,00058,1316,Yogyakarta,reseller,2024-09-21,5,199300.0,996500.0,9,Saturday
626,00033,1216,Yogyakarta,toko,2023-09-15,11,141000.0,1551000.0,9,Friday
627,00002,1153,Yogyakarta,online,2024-02-26,4,65900.0,263600.0,2,Monday
628,00043,1190,Jawa Barat,toko,2024-01-04,1,100000.0,100000.0,1,Thursday
629,00046,1095,Yogyakarta,toko,2023-03-24,1,237200.0,237200.0,3,Friday
630,00023,1082,Jawa Timur,toko,2024-09-06,5,35200.0,176000.0,9,Friday
631,00002,1230,Jawa Tengah,toko,2023-09-21,6,57300.0,343800.0,9,Thursday
632,00050,1443,Jawa Tengah,toko,2024-07-14,10,149700.0,1497000.0,7,Sunday
633,00015,1063,Yogyakarta,toko,2024-04-06,3,161500.0,484500.0,4,Saturday
634,00055,1356,Jawa Barat,toko,2024-08-25,8,48700.0,389600.0,8,Sunday
635,00022,1529,Jawa Tengah,reseller,2023-12-11,6,54200.0,325200.0,12,Monday
636,00023,1570,Jawa Tengah,toko,2023-10-29,7,108800.0,761600.0,10,Sunday
637,00047,1376,Jawa Barat,online,2023-12-19,2,229000.0,458000.0,12,Tuesday
638,00009,1511,Jawa Barat,online,2023-08-05,2,99200.0,198400.0,8,Saturday
639,00002,1447,Yogyakarta,toko,2024-08-03,10,24400.0,244000.0,8,Saturday
640,00045,1762,Jawa Timur,reseller,2024-03-08,3,182700.0,548100.0,3,Friday
641,00055,1679,Jawa Tengah,toko,2023-12-24,6,97200.0,583200.0,12,Sunday
642,00059,1271,Jawa Tengah,toko,2024-11-26,11,74800.0,822800.0,11,Tuesday
643,00008,1041,Jawa Tengah,toko,2023-04-18,10,49100.0,491000.0,4,Tuesday
644,00009,1705,Jawa Tengah,toko,2024-05-30,7,201800.0,1412600.0,5,Thursday
645,00020,1000,Yogyakarta,toko,2024-07-26,2,115600.0,231200.0,7,Friday
646,00043,1307,Jawa Timur,online,2023-06-19,4,125500.0,502000.0,6,Monday
647,00054,1192,Jawa Tengah,online,2023-05-30,4,121500.0,486000.0,5,Tuesday
648,00049,1528,Jawa Timur,toko,2024-08-01,11,128000.0,1408000.0,8,Thursday
649,00023,1015,Jawa Tengah,reseller,2024-05-26,6,162800.0,976800.0,5,Sunday
650,00055,1643,Jawa Barat,online,2024-10-08,9,275600.0,2480400.0,10,Tuesday
651,00016,1494,Jawa Barat,online,2024-01-21,7,52000.0,364000.0,1,Sunday
652,00008,1317,Yogyakarta,reseller,2024-06-21,9,94100.0,846900.0,6,Friday
653,00026,1000,Jawa Tengah,online,2023-10-27,6,75000.0,450000.0,10,Friday
654,00006,1356,Yogyakarta,toko,2024-06-13,3,270500.0,811500.0,6,Thursday
655,00041,1443,Jawa Timur,online,2024-06-15,5,82800.0,414000.0,6,Saturday
656,00059,1505,Yogyakarta,reseller,2024-05-09,5,37400.0,187000.0,5,Thursday
657,00007,1307,Yogyakarta,toko,2024-11-02,7,96900.0,678300.0,11,Saturday
658,00007,1088,Jawa Barat,online,2024-02-18,10,63400.0,634000.0,2,Sunday
659,00011,1145,Jawa Tengah,toko,2024-12-19,9,63100.0,567900.0,12,Thursday
660,00011,1425,Jawa Barat,reseller,2023-10-15,4,75300.0,301200.0,10,Sunday
662,00034,1075,Jawa Tengah,online,2024-06-08,11,15400000.0,169400000.0,6,Saturday
663,00057,1303,Yogyakarta,toko,2023-11-14,2,317600.0,635200.0,11,Tuesday
664,00027,1179,Yogyakarta,online,2023-11-04,5,91200.0,456000.0,11,Saturday
665,00055,1315,Jawa Tengah,online,2024-06-21,7,56100.0,392700.0,6,Friday
666,00045,1498,Yogyakarta,online,2023-05-10,6,143100.0,858600.0,5,Wednesday
667,00051,1132,Yogyakarta,toko,2023-08-07,11,219300.0,2412300.0,8,Monday
668,00012,1777,Jawa Barat,toko,2024-10-15,9,98250.0,884250.0,10,Tuesday
669,00027,1104,Jawa Barat,toko,2024-08-16,9,75300.0,677700.0,8,Friday
670,00054,1799,Jawa Tengah,toko,2024-10-30,2,116500.0,233000.0,10,Wednesday
671,00045,1291,Jawa Timur,toko,2024-08-26,10,59300.0,593000.0,8,Monday
672,00013,1208,Jawa Barat,toko,2023-04-02,7,129000.0,903000.0,4,Sunday
673,00050,1566,Yogyakarta,reseller,2023-07-12,6,46800.0,280800.0,7,Wednesday
674,00046,1117,Jawa Tengah,online,2024-08-10,7,66000.0,462000.0,8,Saturday
675,00009,1498,Jawa Timur,toko,2024-08-04,3,91500.0,274500.0,8,Sunday
676,00004,1414,Jawa Tengah,toko,2024-03-29,2,127300.0,254600.0,3,Friday
677,00016,1666,Jawa Tengah,toko,2024-08-15,2,100700.0,201400.0,8,Thursday
678,00028,1353,Jawa Timur,toko,2023-08-30,2,65400.0,130800.0,8,Wednesday
679,00010,1186,Jawa Timur,online,2023-04-17,8,78800.0,630400.0,4,Monday
680,00002,1303,Jawa Barat,online,2023-08-29,1,27600.0,27600.0,8,Tuesday
681,00007,1093,Yogyakarta,online,2024-06-12,4,354700.0,1418800.0,6,Wednesday
682,00019,1614,Jawa Timur,reseller,2023-04-17,5,76900.0,384500.0,4,Monday
683,00023,1114,Yogyakarta,reseller,2024-02-14,11,82400.0,906400.0,2,Wednesday
684,00019,1567,Yogyakarta,online,2023-11-22,8,57700000.0,461600000.0,11,Wednesday
685,00027,1306,Jawa Tengah,toko,2024-09-17,11,138600.0,1524600.0,9,Tuesday
686,00043,1449,Jawa Tengah,online,2023-06-04,1,120900.0,120900.0,6,Sunday
687,00015,1324,Jawa Tengah,toko,2024-03-11,6,65500.0,393000.0,3,Monday
688,00027,1497,Jawa Barat,reseller,2024-05-05,6,36300.0,217800.0,5,Sunday
689,00044,1607,Jawa Timur,toko,2024-11-30,4,88600.0,354400.0,11,Saturday
690,00004,1465,Jawa Tengah,reseller,2024-11-21,2,60900.0,121800.0,11,Thursday
691,00056,1428,Jawa Timur,toko,2023-10-08,11,70500.0,775500.0,10,Sunday
692,00059,1541,Jawa Timur,online,2023-08-06,10,98200.0,982000.0,8,Sunday
693,00018,1364,Jawa Timur,online,2024-05-30,6,113600.0,681600.0,5,Thursday
694,00053,1742,Jawa Tengah,online,2023-07-08,1,213600.0,213600.0,7,Saturday
695,00015,1078,Yogyakarta,online,2023-09-13,10,90000.0,900000.0,9,Wednesday
696,00055,1757,Jawa Timur,online,2024-01-16,1,34800.0,34800.0,1,Tuesday
697,00039,1194,Yogyakarta,online,2024-08-19,7,139700.0,977900.0,8,Monday
698,00015,1783,Yogyakarta,online,2023-03-26,8,171500.0,1372000.0,3,Sunday
699,00004,1477,Yogyakarta,reseller,2024-08-28,5,36600.0,183000.0,8,Wednesday
700,00024,1687,Yogyakarta,toko,2023-04-14,4,141400.0,565600.0,4,Friday
701,00044,1027,Jawa Tengah,reseller,2023-07-12,8,109900.0,879200.0,7,Wednesday
702,00014,1083,Yogyakarta,online,2023-05-10,11,70900.0,779900.0,5,Wednesday
703,00031,1102,Jawa Barat,online,2023-03-21,10,108900.0,1089000.0,3,Tuesday
704,00008,1361,Jawa Tengah,online,2024-08-28,5,124100.0,620500.0,8,Wednesday
705,00026,1019,Yogyakarta,toko,2023-03-16,1,140200.0,140200.0,3,Thursday
706,00002,1625,Yogyakarta,online,2024-01-03,9,97500.0,877500.0,1,Wednesday
707,00059,1714,Jawa Timur,reseller,2024-12-06,3,97400.0,292200.0,12,Friday
708,00030,1235,Jawa Barat,toko,2024-07-28,6,97800.0,586800.0,7,Sunday
709,00050,1220,Jawa Tengah,reseller,2023-06-17,10,419200.0,4192000.0,6,Saturday
710,00008,1485,Jawa Barat,toko,2024-08-31,6,51600.0,309600.0,8,Saturday
711,00010,1694,Yogyakarta,online,2023-09-22,4,83300.0,333200.0,9,Friday
712,00011,1044,Yogyakarta,online,2023-08-09,5,79300.0,396500.0,8,Wednesday
713,00034,1410,Jawa Timur,toko,2023-09-14,11,155800.0,1713800.0,9,Thursday
714,00051,1162,Jawa Timur,toko,2023-05-08,8,191000.0,1528000.0,5,Monday
715,00036,1397,Jawa Tengah,online,2024-08-10,6,44400.0,266400.0,8,Saturday
716,00029,1320,Jawa Tengah,online,2023-02-14,1,205800.0,205800.0,2,Tuesday
717,00056,1315,Jawa Tengah,toko,2023-02-03,2,101700.0,203400.0,2,Friday
718,00011,1056,Jawa Timur,toko,2024-06-20,9,471100.0,4239900.0,6,Thursday
719,00010,1716,Jawa Tengah,online,2023-06-30,8,65600.0,524800.0,6,Friday
720,00040,1339,Yogyakarta,online,2024-01-29,8,190800.0,1526400.0,1,Monday
721,00051,1721,Yogyakarta,online,2024-12-05,9,83600.0,752400.0,12,Thursday
722,00016,1184,Jawa Timur,online,2024-09-13,9,150500.0,1354500.0,9,Friday
723,00016,1676,Jawa Barat,toko,2023-05-09,9,62600.0,563400.0,5,Tuesday
724,00032,1689,Yogyakarta,online,2024-04-23,2,106400.0,212800.0,4,Tuesday
725,00046,1620,Yogyakarta,toko,2023-12-21,8,99600.0,796800.0,12,Thursday
726,00017,1255,Jawa Tengah,toko,2023-05-04,8,103900.0,831200.0,5,Thursday
727,00049,1537,Yogyakarta,toko,2024-11-01,7,158400.0,1108800.0,11,Friday
728,00031,1304,Yogyakarta,online,2023-12-20,6,75400.0,452400.0,12,Wednesday
729,00042,1774,Jawa Tengah,reseller,2023-05-11,5,80900.0,404500.0,5,Thursday
730,00038,1641,Yogyakarta,toko,2023-10-24,8,22300000.0,178400000.0,10,Tuesday
731,00029,1330,Jawa Tengah,toko,2023-05-23,9,101700.0,915300.0,5,Tuesday
732,00032,1447,Yogyakarta,online,2023-03-29,6,73100.0,438600.0,3,Wednesday
733,00059,1736,Jawa Tengah,online,2023-04-20,1,167200.0,167200.0,4,Thursday
734,00024,1040,Yogyakarta,toko,2023-04-14,10,97500.0,975000.0,4,Friday
735,00056,1166,Jawa Barat,online,2023-09-10,2,63600.0,127200.0,9,Sunday
736,00047,1174,Jawa Tengah,online,2024-05-29,9,128200.0,1153800.0,5,Wednesday
737,00011,1018,Jawa Barat,online,2024-04-07,5,216500.0,1082500.0,4,Sunday
738,00052,1488,Jawa Tengah,toko,2024-04-27,7,86700.0,606900.0,4,Saturday
739,00023,1546,Yogyakarta,online,2024-02-06,11,48600.0,534600.0,2,Tuesday
740,00011,1159,Jawa Timur,toko,2023-11-03,11,431500.0,4746500.0,11,Friday
741,00015,1595,Jawa Tengah,reseller,2023-09-13,11,137100.0,1508100.0,9,Wednesday
742,00009,1198,Jawa Timur,online,2023-04-02,6,150100.0,900600.0,4,Sunday
743,00021,1705,Jawa Barat,online,2023-08-17,3,442800.0,1328400.0,8,Thursday
744,00007,1498,Jawa Barat,online,2023-07-07,4,60900.0,243600.0,7,Friday
745,00033,1378,Jawa Timur,toko,2024-10-01,2,118200.0,236400.0,10,Tuesday
746,00058,1395,Jawa Tengah,toko,2023-11-17,10,31500.0,315000.0,11,Friday
747,00057,1145,Jawa Tengah,online,2023-02-06,4,132200.0,528800.0,2,Monday
748,00056,1215,Yogyakarta,toko,2024-06-23,3,124700.0,374100.0,6,Sunday
749,00015,1262,Jawa Tengah,reseller,2023-07-04,2,61400.0,122800.0,7,Tuesday
750,00014,1447,Jawa Tengah,online,2023-10-30,9,58900.0,530100.0,10,Monday
751,00041,1381,Jawa Tengah,toko,2023-07-06,8,88500.0,708000.0,7,Thursday
752,00058,1506,Jawa Tengah,online,2024-07-04,7,85600.0,599200.0,7,Thursday
753,00049,1632,Yogyakarta,toko,2024-11-04,9,254600.0,2291400.0,11,Monday
754,00013,1031,Yogyakarta,online,2023-09-24,11,84900.0,933900.0,9,Sunday
755,00044,1662,Jawa Timur,reseller,2023-10-09,7,89400.0,625800.0,10,Monday
756,00030,1219,Yogyakarta,toko,2024-03-15,1,88500.0,88500.0,3,Friday
757,00027,1091,Jawa Timur,reseller,2024-08-20,11,37600.0,413600.0,8,Tuesday
758,00030,1246,Yogyakarta,toko,2024-06-30,4,73400.0,293600.0,6,Sunday
759,00033,1613,Jawa Tengah,toko,2023-08-31,10,43600.0,436000.0,8,Thursday
760,00054,1702,Jawa Tengah,reseller,2023-11-02,11,106100.0,1167100.0,11,Thursday
761,00047,1605,Jawa Timur,online,2023-08-17,5,26300.0,131500.0,8,Thursday
762,00003,1041,Yogyakarta,toko,2023-12-09,7,50000.0,350000.0,12,Saturday
763,00045,1082,Jawa Tengah,reseller,2024-11-21,1,114500.0,114500.0,11,Thursday
764,00019,1277,Jawa Tengah,toko,2023-02-09,3,27800.0,83400.0,2,Thursday
765,00020,1008,Yogyakarta,online,2024-02-01,3,38500.0,115500.0,2,Thursday
766,00036,1155,Yogyakarta,online,2023-03-24,8,178600.0,1428800.0,3,Friday
767,00059,1206,Jawa Timur,reseller,2024-01-11,1,44100.0,44100.0,1,Thursday
768,00004,1556,Yogyakarta,toko,2024-05-12,6,97700.0,586200.0,5,Sunday
769,00031,1486,Jawa Barat,toko,2023-07-24,10,118200.0,1182000.0,7,Monday
770,00014,1648,Yogyakarta,toko,2023-03-12,7,51900.0,363300.0,3,Sunday
771,00054,1022,Jawa Tengah,toko,2024-01-01,4,35600.0,142400.0,1,Monday
772,00028,1045,Jawa Barat,online,2023-05-18,2,245900.0,491800.0,5,Thursday
773,00051,1578,Yogyakarta,online,2024-06-03,2,70300.0,140600.0,6,Monday
774,00052,1690,Jawa Tengah,reseller,2023-12-21,1,134000.0,134000.0,12,Thursday
775,00006,1512,Yogyakarta,toko,2024-03-13,11,62200.0,684200.0,3,Wednesday
776,00045,1556,Yogyakarta,online,2024-11-08,10,122300.0,1223000.0,11,Friday
777,00047,1776,Yogyakarta,reseller,2023-08-14,8,44600.0,356800.0,8,Monday
778,00049,1173,Jawa Tengah,toko,2024-12-28,8,43000.0,344000.0,12,Saturday
779,00059,1590,Yogyakarta,online,2023-08-25,7,52400.0,366800.0,8,Friday
780,00045,1732,Jawa Tengah,toko,2024-07-19,11,67300.0,740300.0,7,Friday
781,00050,1725,Yogyakarta,reseller,2024-06-02,10,97500.0,975000.0,6,Sunday
782,00042,1234,Yogyakarta,online,2023-09-21,6,80500.0,483000.0,9,Thursday
783,00018,1027,Jawa Barat,reseller,2024-09-20,7,127400.0,891800.0,9,Friday
784,00051,1630,Yogyakarta,toko,2023-05-10,3,71100.0,213300.0,5,Wednesday
785,00042,1107,Jawa Timur,online,2024-06-29,4,172200.0,688800.0,6,Saturday
786,00041,1059,Yogyakarta,toko,2023-10-25,1,65900.0,65900.0,10,Wednesday
787,00058,1471,Jawa Barat,toko,2024-08-06,9,146200.0,1315800.0,8,Tuesday
788,00044,1364,Jawa Tengah,toko,2023-02-16,7,215900.0,1511300.0,2,Thursday
789,00020,1583,Jawa Barat,online,2024-10-09,2,279500.0,559000.0,10,Wednesday
790,00018,1404,Jawa Timur,online,2023-07-27,9,29700.0,267300.0,7,Thursday
791,00020,1149,Jawa Barat,online,2023-01-26,8,276900.0,2215200.0,1,Thursday
792,00010,1717,Yogyakarta,toko,2024-05-31,11,34000.0,374000.0,5,Friday
793,00005,1351,Yogyakarta,online,2023-02-04,8,230300.0,1842400.0,2,Saturday
794,00045,1669,Yogyakarta,toko,2024-03-27,5,97500.0,487500.0,3,Wednesday
795,00047,1511,Jawa Barat,reseller,2023-06-19,2,121300.0,242600.0,6,Monday
796,00010,1437,Yogyakarta,reseller,2024-11-09,3,55700.0,167100.0,11,Saturday
797,00024,1217,Yogyakarta,toko,2024-02-01,4,172300.0,689200.0,2,Thursday
798,00055,1041,Jawa Tengah,online,2023-08-18,3,148400.0,445200.0,8,Friday
799,00050,1050,Jawa Tengah,toko,2024-01-19,2,70500.0,141000.0,1,Friday
800,00036,1343,Yogyakarta,online,2023-11-01,11,67800.0,745800.0,11,Wednesday
801,00058,1377,Jawa Tengah,toko,2024-04-06,8,164400.0,1315200.0,4,Saturday
802,00020,1300,Jawa Tengah,reseller,2024-06-20,8,182700.0,1461600.0,6,Thursday
803,00050,1679,Yogyakarta,toko,2023-05-21,3,156000.0,468000.0,5,Sunday
804,00056,1796,Jawa Timur,toko,2023-07-03,6,78200.0,469200.0,7,Monday
805,00035,1072,Yogyakarta,toko,2023-02-10,4,98500.0,394000.0,2,Friday
806,00010,1544,Jawa Timur,reseller,2023-06-24,11,172700.0,1899700.0,6,Saturday
807,00018,1586,Jawa Tengah,toko,2023-04-12,5,162600.0,813000.0,4,Wednesday
808,00031,1324,Jawa Tengah,toko,2024-12-15,9,193600.0,1742400.0,12,Sunday
809,00017,1311,Jawa Tengah,reseller,2024-06-11,9,107100.0,963900.0,6,Tuesday
810,00006,1291,Yogyakarta,online,2023-09-11,6,64400.0,386400.0,9,Monday
811,00011,1324,Jawa Tengah,toko,2024-01-11,3,117000.0,351000.0,1,Thursday
812,00057,1614,Jawa Tengah,toko,2024-10-01,9,129100.0,1161900.0,10,Tuesday
813,00023,1716,Jawa Tengah,toko,2023-12-25,10,71400.0,714000.0,12,Monday
814,00034,1076,Yogyakarta,toko,2023-10-22,8,128700.0,1029600.0,10,Sunday
815,00026,1109,Yogyakarta,reseller,2024-09-16,2,59500.0,119000.0,9,Monday
816,00048,1653,Jawa Tengah,online,2024-10-18,9,114800.0,1033200.0,10,Friday
817,00006,1103,Yogyakarta,reseller,2024-03-22,11,68400.0,752400.0,3,Friday
818,00017,1536,Yogyakarta,reseller,2024-08-28,4,350500.0,1402000.0,8,Wednesday
819,00035,1052,Jawa Timur,reseller,2024-01-05,6,201100.0,1206600.0,1,Friday
820,00048,1348,Yogyakarta,toko,2023-08-02,8,115100.0,920800.0,8,Wednesday
821,00028,1029,Yogyakarta,toko,2023-04-04,1,44700.0,44700.0,4,Tuesday
822,00042,1568,Jawa Barat,online,2023-02-06,2,47000.0,94000.0,2,Monday
823,00048,1450,Jawa Timur,online,2023-12-13,9,149600.0,1346400.0,12,Wednesday
824,00038,1318,Jawa Barat,online,2024-04-30,1,89800.0,89800.0,4,Tuesday
825,00049,1555,Yogyakarta,online,2024-12-28,4,97500.0,390000.0,12,Saturday
826,00057,1114,Yogyakarta,toko,2023-09-06,6,38200.0,229200.0,9,Wednesday
827,00013,1508,Yogyakarta,online,2023-06-25,1,39800.0,39800.0,6,Sunday
828,00026,1333,Jawa Timur,toko,2023-08-30,9,105400.0,948600.0,8,Wednesday
829,00014,1335,Yogyakarta,online,2024-11-02,8,86800.0,694400.0,11,Saturday
830,00025,1041,Yogyakarta,toko,2024-06-06,3,44200.0,132600.0,6,Thursday
831,00001,1674,Jawa Timur,online,2023-03-06,9,60800.0,547200.0,3,Monday
832,00041,1069,Yogyakarta,online,2023-10-28,10,157500.0,1575000.0,10,Saturday
833,00014,1247,Yogyakarta,toko,2023-08-26,1,75700.0,75700.0,8,Saturday
834,00050,1351,Jawa Barat,toko,2023-07-22,6,138900.0,833400.0,7,Saturday
835,00043,1577,Jawa Barat,toko,2023-03-28,4,265100.0,1060400.0,3,Tuesday
836,00020,1660,Jawa Barat,online,2024-09-20,8,120400.0,963200.0,9,Friday
837,00027,1079,Jawa Timur,reseller,2024-07-29,5,106200.0,531000.0,7,Monday
838,00040,1162,Jawa Tengah,reseller,2024-08-03,10,68800.0,688000.0,8,Saturday
839,00025,1299,Jawa Tengah,online,2024-07-31,5,204200.0,1021000.0,7,Wednesday
840,00013,1400,Jawa Tengah,toko,2024-08-12,9,41300.0,371700.0,8,Monday
841,00003,1105,Yogyakarta,reseller,2023-06-19,5,97500.0,487500.0,6,Monday
842,00033,1783,Yogyakarta,reseller,2023-08-27,8,97300.0,778400.0,8,Sunday
843,00032,1227,Yogyakarta,toko,2023-01-16,4,40600.0,162400.0,1,Monday
844,00046,1661,Jawa Timur,online,2024-12-14,4,177100.0,708400.0,12,Saturday
845,00008,1617,Jawa Tengah,online,2024-07-25,7,67600.0,473200.0,7,Thursday
846,00004,1721,Yogyakarta,online,2024-01-08,2,135100.0,270200.0,1,Monday
847,00044,1721,Yogyakarta,online,2023-05-15,1,81700.0,81700.0,5,Monday
848,00043,1539,Yogyakarta,toko,2023-08-19,7,84500.0,591500.0,8,Saturday
849,00048,1247,Jawa Tengah,toko,2024-04-29,5,99100.0,495500.0,4,Monday
850,00001,1471,Yogyakarta,toko,2023-04-12,7,30300.0,212100.0,4,Wednesday
851,00039,1145,Jawa Tengah,online,2023-02-10,6,51200.0,307200.0,2,Friday
852,00057,1465,Jawa Tengah,toko,2024-08-14,7,74000.0,518000.0,8,Wednesday
853,00046,1167,Jawa Barat,toko,2024-07-14,8,372700.0,2981600.0,7,Sunday
854,00028,1480,Jawa Tengah,toko,2024-05-29,5,160200.0,801000.0,5,Wednesday
855,00029,1591,Yogyakarta,toko,2024-11-23,2,151800.0,303600.0,11,Saturday
856,00025,1371,Jawa Barat,toko,2024-11-14,2,52700.0,105400.0,11,Thursday
857,00004,1620,Jawa Tengah,toko,2023-07-16,6,168000.0,1008000.0,7,Sunday
858,00043,1288,Yogyakarta,toko,2023-03-10,11,207600.0,2283600.0,3,Friday
859,00032,1425,Jawa Tengah,toko,2024-12-27,11,154400.0,1698400.0,12,Friday
860,00031,1190,Jawa Timur,online,2023-02-09,8,474800.0,3798400.0,2,Thursday
861,00056,1289,Jawa Tengah,toko,2023-12-31,5,43800.0,219000.0,12,Sunday
863,00057,1749,Jawa Timur,online,2024-06-14,3,95700.0,287100.0,6,Friday
864,00006,1295,Jawa Timur,toko,2023-07-03,1,54700.0,54700.0,7,Monday
865,00057,1542,Jawa Timur,toko,2024-01-02,6,101400.0,608400.0,1,Tuesday
866,00034,1615,Yogyakarta,toko,2023-08-30,6,134300.0,805800.0,8,Wednesday
867,00024,1462,Jawa Tengah,toko,2024-05-14,6,97500.0,585000.0,5,Tuesday
868,00033,1442,Yogyakarta,online,2023-04-03,6,104400.0,626400.0,4,Monday
869,00003,1642,Jawa Barat,toko,2023-08-22,9,98250.0,884250.0,8,Tuesday
870,00055,1131,Yogyakarta,toko,2024-01-01,1,156400.0,156400.0,1,Monday
871,00038,1074,Jawa Tengah,online,2024-11-16,6,66100.0,396600.0,11,Saturday
872,00003,1651,Yogyakarta,toko,2023-05-31,3,65700.0,197100.0,5,Wednesday
873,00054,1702,Yogyakarta,online,2023-09-25,8,200900.0,1607200.0,9,Monday
875,00008,1429,Jawa Timur,toko,2023-12-21,6,59600.0,357600.0,12,Thursday
876,00038,1744,Yogyakarta,online,2024-11-27,7,116400.0,814800.0,11,Wednesday
877,00005,1359,Yogyakarta,toko,2023-08-24,9,79500.0,715500.0,8,Thursday
878,00033,1521,Jawa Tengah,reseller,2023-04-12,10,105500.0,1055000.0,4,Wednesday
879,00045,1295,Yogyakarta,reseller,2024-02-04,9,94500.0,850500.0,2,Sunday
880,00005,1444,Yogyakarta,reseller,2023-09-25,7,143400.0,1003800.0,9,Monday
881,00047,1268,Jawa Tengah,reseller,2023-07-23,2,169900.0,339800.0,7,Sunday
882,00036,1330,Jawa Tengah,toko,2023-05-27,4,59700.0,238800.0,5,Saturday
883,00020,1636,Yogyakarta,toko,2023-03-10,1,47300.0,47300.0,3,Friday
884,00014,1660,Yogyakarta,toko,2024-08-24,10,255700.0,2557000.0,8,Saturday
885,00001,1172,Jawa Barat,toko,2024-12-26,4,65000.0,260000.0,12,Thursday
886,00012,1005,Jawa Timur,toko,2024-07-24,7,38700.0,270900.0,7,Wednesday
887,00017,1764,Jawa Tengah,online,2024-04-26,10,31400.0,314000.0,4,Friday
888,00052,1012,Jawa Tengah,online,2024-11-01,10,96000.0,960000.0,11,Friday
889,00031,1419,Yogyakarta,online,2024-05-11,3,66600.0,199800.0,5,Saturday
890,00012,1416,Yogyakarta,reseller,2023-12-13,7,32700.0,228900.0,12,Wednesday
891,00044,1504,Yogyakarta,online,2024-06-01,5,55500.0,277500.0,6,Saturday
892,00027,1237,Jawa Tengah,reseller,2024-07-28,2,51900.0,103800.0,7,Sunday
893,00050,1104,Jawa Barat,toko,2023-07-08,8,178200.0,1425600.0,7,Saturday
894,00045,1321,Yogyakarta,toko,2024-08-15,5,112800.0,564000.0,8,Thursday
895,00056,1776,Yogyakarta,toko,2024-03-04,8,97300.0,778400.0,3,Monday
896,00042,1429,Jawa Tengah,reseller,2024-09-04,3,45700.0,137100.0,9,Wednesday
897,00007,1359,Yogyakarta,toko,2023-02-25,8,87800.0,702400.0,2,Saturday
898,00033,1035,Jawa Tengah,toko,2023-04-25,4,145700.0,582800.0,4,Tuesday
899,00026,1742,Jawa Tengah,toko,2024-03-25,7,107700.0,753900.0,3,Monday
900,00048,1786,Yogyakarta,toko,2023-12-25,1,184400.0,184400.0,12,Monday
901,00010,1042,Yogyakarta,reseller,2024-04-11,5,102500.0,512500.0,4,Thursday
902,00028,1542,Yogyakarta,toko,2024-04-23,9,148200.0,1333800.0,4,Tuesday
903,00049,1615,Jawa Timur,reseller,2024-04-04,5,128700.0,643500.0,4,Thursday
904,00037,1079,Jawa Timur,reseller,2023-08-12,7,69600.0,487200.0,8,Saturday
905,00003,1291,Jawa Tengah,online,2024-07-04,5,218200.0,1091000.0,7,Thursday
906,00049,1590,Jawa Barat,reseller,2024-07-26,4,121500.0,486000.0,7,Friday
907,00022,1693,Jawa Tengah,toko,2023-08-05,8,160400.0,1283200.0,8,Saturday
908,00041,1426,Jawa Timur,toko,2024-04-09,8,51600.0,412800.0,4,Tuesday
909,00039,1235,Yogyakarta,toko,2023-07-02,11,51000.0,561000.0,7,Sunday
910,00038,1549,Jawa Tengah,toko,2024-08-09,6,87800.0,526800.0,8,Friday
911,00025,1268,Yogyakarta,reseller,2023-09-11,7,60300.0,422100.0,9,Monday
912,00024,1590,Jawa Barat,toko,2024-06-27,1,141800.0,141800.0,6,Thursday
913,00006,1011,Jawa Tengah,online,2024-08-07,8,101700.0,813600.0,8,Wednesday
914,00033,1793,Yogyakarta,toko,2023-11-15,9,204100.0,1836900.0,11,Wednesday
915,00018,1212,Jawa Timur,online,2023-10-19,2,139200.0,278400.0,10,Thursday
916,00024,1094,Jawa Barat,toko,2023-03-27,9,49700.0,447300.0,3,Monday
917,00010,1093,Jawa Timur,online,2023-04-21,7,172700.0,1208900.0,4,Friday
918,00044,1796,Yogyakarta,toko,2023-06-26,7,66200.0,463400.0,6,Monday
919,00055,1748,Yogyakarta,toko,2023-01-30,7,97500.0,682500.0,1,Monday
920,00023,1381,Jawa Barat,toko,2023-12-28,8,101500.0,812000.0,12,Thursday
921,00026,1613,Yogyakarta,toko,2023-03-05,11,97300.0,1070300.0,3,Sunday
922,00028,1160,Jawa Timur,online,2024-11-26,7,182200.0,1275400.0,11,Tuesday
923,00005,1746,Yogyakarta,reseller,2023-06-08,7,533000.0,3731000.0,6,Thursday
924,00045,1298,Yogyakarta,toko,2023-06-01,4,126100.0,504400.0,6,Thursday
925,00052,1475,Jawa Tengah,online,2024-08-09,3,234000.0,702000.0,8,Friday
926,00030,1291,Jawa Timur,online,2024-08-18,1,86100.0,86100.0,8,Sunday
927,00004,1083,Jawa Tengah,toko,2023-09-24,9,119700.0,1077300.0,9,Sunday
928,00020,1716,Jawa Barat,toko,2023-07-07,8,71700.0,573600.0,7,Friday
929,00010,1615,Yogyakarta,reseller,2023-06-23,1,75900.0,75900.0,6,Friday
930,00049,1419,Yogyakarta,toko,2024-03-05,4,218800.0,875200.0,3,Tuesday
931,00048,1799,Yogyakarta,reseller,2024-08-20,1,128300.0,128300.0,8,Tuesday
932,00023,1053,Jawa Tengah,online,2024-10-19,9,127800.0,1150200.0,10,Saturday
933,00023,1343,Jawa Tengah,reseller,2023-02-05,2,60500.0,121000.0,2,Sunday
934,00050,1571,Yogyakarta,online,2023-11-24,4,272500.0,1090000.0,11,Friday
935,00006,1274,Jawa Tengah,toko,2023-10-19,2,87900.0,175800.0,10,Thursday
936,00047,1398,Jawa Tengah,online,2023-06-10,5,66200.0,331000.0,6,Saturday
937,00057,1142,Jawa Tengah,toko,2024-05-26,8,48350000.0,386800000.0,5,Sunday
938,00027,1651,Yogyakarta,toko,2023-08-15,10,146500.0,1465000.0,8,Tuesday
939,00045,1208,Jawa Barat,online,2023-10-31,2,153200.0,306400.0,10,Tuesday
940,00043,1037,Jawa Tengah,reseller,2024-06-28,2,236100.0,472200.0,6,Friday
941,00053,1137,Yogyakarta,reseller,2023-01-01,7,51800.0,362600.0,1,Sunday
942,00003,1692,Yogyakarta,online,2024-05-03,3,75600.0,226800.0,5,Friday
943,00042,1404,Jawa Tengah,online,2024-09-03,6,249200.0,1495200.0,9,Tuesday
944,00023,1714,Yogyakarta,toko,2024-04-02,8,382000.0,3056000.0,4,Tuesday
945,00051,1415,Jawa Timur,reseller,2023-06-15,5,95700.0,478500.0,6,Thursday
946,00051,1006,Jawa Barat,online,2023-06-05,5,92400.0,462000.0,6,Monday
947,00017,1641,Jawa Tengah,online,2024-03-21,1,38800.0,38800.0,3,Thursday
948,00035,1381,Yogyakarta,online,2024-07-04,10,59800.0,598000.0,7,Thursday
949,00030,1089,Yogyakarta,online,2024-12-11,3,57700.0,173100.0,12,Wednesday
950,00033,1097,Jawa Barat,toko,2024-09-03,2,92000.0,184000.0,9,Tuesday
951,00050,1059,Yogyakarta,toko,2023-09-09,2,48000.0,96000.0,9,Saturday
952,00040,1423,Jawa Tengah,reseller,2023-12-04,1,170900.0,170900.0,12,Monday
953,00045,1542,Yogyakarta,toko,2023-12-22,3,94600.0,283800.0,12,Friday
954,00040,1071,Yogyakarta,toko,2023-07-20,9,84100.0,756900.0,7,Thursday
955,00015,1461,Jawa Tengah,toko,2023-03-19,8,170000.0,1360000.0,3,Sunday
956,00035,1709,Jawa Barat,toko,2024-03-19,2,83500.0,167000.0,3,Tuesday
957,00023,1725,Yogyakarta,toko,2023-03-08,1,46600.0,46600.0,3,Wednesday
958,00025,1146,Yogyakarta,reseller,2024-07-28,4,99600.0,398400.0,7,Sunday
959,00007,1214,Yogyakarta,online,2023-04-09,3,359300.0,1077900.0,4,Sunday
961,00021,1607,Yogyakarta,toko,2024-06-22,1,134000.0,134000.0,6,Saturday
962,00018,1522,Jawa Barat,toko,2024-02-14,5,87100.0,435500.0,2,Wednesday
963,00038,1475,Yogyakarta,toko,2023-09-29,11,85900.0,944900.0,9,Friday
964,00018,1256,Jawa Barat,toko,2024-06-30,10,132500.0,1325000.0,6,Sunday
965,00015,1741,Yogyakarta,toko,2023-10-19,2,97500.0,195000.0,10,Thursday
966,00026,1171,Jawa Tengah,toko,2024-10-31,6,46600.0,279600.0,10,Thursday
967,00034,1521,Yogyakarta,toko,2023-09-26,5,68600.0,343000.0,9,Tuesday
968,00059,1732,Yogyakarta,online,2023-02-28,8,83400.0,667200.0,2,Tuesday
969,00031,1512,Yogyakarta,toko,2024-04-08,2,233800.0,467600.0,4,Monday
970,00021,1031,Jawa Tengah,reseller,2024-05-17,2,425500.0,851000.0,5,Friday
971,00019,1156,Jawa Tengah,toko,2024-04-27,3,142900.0,428700.0,4,Saturday
972,00027,1203,Yogyakarta,toko,2023-02-16,6,124300.0,745800.0,2,Thursday
973,00055,1749,Yogyakarta,toko,2023-04-30,2,97500.0,195000.0,4,Sunday
974,00022,1261,Yogyakarta,reseller,2023-07-16,3,241400.0,724200.0,7,Sunday
975,00015,1185,Jawa Barat,toko,2023-04-07,5,54400.0,272000.0,4,Friday
976,00035,1467,Yogyakarta,online,2024-05-12,3,73000.0,219000.0,5,Sunday
977,00046,1357,Jawa Timur,online,2024-10-21,5,107500.0,537500.0,10,Monday
978,00056,1295,Yogyakarta,toko,2023-05-08,4,117100.0,468400.0,5,Monday
979,00017,1108,Yogyakarta,toko,2024-12-18,8,31400.0,251200.0,12,Wednesday
980,00053,1089,Yogyakarta,toko,2024-04-30,5,126700.0,633500.0,4,Tuesday
981,00051,1236,Jawa Tengah,toko,2024-04-24,7,37800.0,264600.0,4,Wednesday
982,00023,1456,Jawa Timur,online,2024-07-25,8,154900.0,1239200.0,7,Thursday
983,00020,1019,Jawa Tengah,toko,2023-09-14,9,162500.0,1462500.0,9,Thursday
984,00016,1579,Yogyakarta,reseller,2024-05-12,2,25300.0,50600.0,5,Sunday
985,00019,1205,Jawa Barat,toko,2024-04-09,11,132300.0,1455300.0,4,Tuesday
986,00053,1563,Jawa Tengah,online,2024-08-24,3,110100.0,330300.0,8,Saturday
987,00019,1524,Jawa Timur,toko,2023-05-10,2,67700.0,135400.0,5,Wednesday
988,00030,1391,Yogyakarta,reseller,2024-03-21,11,173000.0,1903000.0,3,Thursday
989,00056,1508,Yogyakarta,toko,2024-08-23,1,324600.0,324600.0,8,Friday
990,00041,1245,Jawa Tengah,reseller,2024-01-03,4,65900000.0,263600000.0,1,Wednesday
991,00008,1154,Jawa Barat,toko,2023-10-28,3,98250.0,294750.0,10,Saturday
992,00005,1008,Jawa Tengah,toko,2024-12-21,1,41300.0,41300.0,12,Saturday
993,00014,1440,Jawa Tengah,toko,2024-09-13,6,48600.0,291600.0,9,Friday
994,00052,1426,Jawa Tengah,toko,2023-09-06,10,53200.0,532000.0,9,Wednesday
995,00014,1094,Yogyakarta,toko,2024-11-08,5,191600.0,958000.0,11,Friday
996,00019,1502,Jawa Timur,reseller,2023-05-06,1,116200.0,116200.0,5,Saturday
997,00032,1185,Jawa Tengah,reseller,2023-04-08,7,96300.0,674100.0,4,Saturday
998,00030,1353,Jawa Tengah,toko,2023-12-28,5,164900.0,824500.0,12,Thursday
999,00005,1376,Yogyakarta,online,2024-12-06,6,98900.0,593400.0,12,Friday
1000,00012,1767,Jawa Barat,toko,2024-03-04,8,98250.0,786000.0,3,Monday
1001,00059,1496,Jawa Tengah,toko,2024-06-27,9,101700.0,915300.0,6,Thursday
1002,00025,1161,Jawa Tengah,online,2023-09-22,11,67400.0,741400.0,9,Friday
1003,00017,1249,Jawa Tengah,online,2023-01-21,5,99600.0,498000.0,1,Saturday
1005,00028,1100,Jawa Barat,reseller,2023-12-26,8,264200.0,2113600.0,12,Tuesday
1006,00049,1575,Jawa Barat,toko,2023-08-31,11,105300.0,1158300.0,8,Thursday
1007,00010,1324,Jawa Tengah,online,2023-01-27,5,70500.0,352500.0,1,Friday
1008,00028,1719,Jawa Tengah,online,2023-05-17,7,175300.0,1227100.0,5,Wednesday
1009,00048,1327,Jawa Tengah,online,2024-10-20,11,51900.0,570900.0,10,Sunday
1010,00046,1739,Yogyakarta,online,2024-01-27,11,184200.0,2026200.0,1,Saturday
1011,00040,1132,Jawa Barat,online,2024-05-20,6,102900.0,617400.0,5,Monday
1012,00028,1189,Jawa Tengah,online,2023-06-12,3,101700.0,305100.0,6,Monday
1013,00049,1351,Jawa Barat,toko,2023-03-15,9,70400.0,633600.0,3,Wednesday
1014,00023,1737,Yogyakarta,online,2024-04-03,4,77100.0,308400.0,4,Wednesday
1015,00039,1707,Yogyakarta,reseller,2024-06-13,11,59000.0,649000.0,6,Thursday
1016,00033,1322,Jawa Timur,toko,2023-08-01,8,95700.0,765600.0,8,Tuesday
1017,00018,1684,Jawa Timur,toko,2024-08-28,3,113600.0,340800.0,8,Wednesday
1018,00012,1543,Jawa Tengah,toko,2023-09-25,7,51900.0,363300.0,9,Monday
1019,00032,1785,Yogyakarta,reseller,2024-05-31,5,97500.0,487500.0,5,Friday
1020,00019,1762,Jawa Timur,toko,2024-05-16,10,66700.0,667000.0,5,Thursday
1021,00031,1656,Yogyakarta,toko,2024-06-01,7,183600.0,1285200.0,6,Saturday
1022,00042,1476,Yogyakarta,online,2024-05-11,2,21200.0,42400.0,5,Saturday
1023,00048,1299,Jawa Timur,toko,2024-06-30,8,125400.0,1003200.0,6,Sunday
1024,00046,1466,Yogyakarta,reseller,2023-02-04,5,100500.0,502500.0,2,Saturday
1025,00031,1658,Jawa Barat,online,2024-09-06,6,97800.0,586800.0,9,Friday
1026,00004,1056,Jawa Tengah,toko,2024-02-17,7,101700.0,711900.0,2,Saturday
1027,00011,1296,Yogyakarta,toko,2023-05-24,4,277800.0,1111200.0,5,Wednesday
1028,00044,1477,Jawa Timur,toko,2024-02-18,1,76400.0,76400.0,2,Sunday
1029,00036,1607,Jawa Tengah,toko,2024-07-21,9,126000.0,1134000.0,7,Sunday
1030,00049,1192,Yogyakarta,toko,2023-09-20,6,83500.0,501000.0,9,Wednesday
1031,00029,1225,Yogyakarta,toko,2024-05-15,3,78700.0,236100.0,5,Wednesday
1032,00027,1310,Yogyakarta,online,2023-09-28,10,102900.0,1029000.0,9,Thursday
1033,00015,1605,Yogyakarta,reseller,2023-09-24,1,146200.0,146200.0,9,Sunday
1034,00004,1302,Yogyakarta,online,2024-03-18,1,50100.0,50100.0,3,Monday
1035,00009,1074,Yogyakarta,online,2023-09-01,4,73700.0,294800.0,9,Friday
1036,00041,1778,Yogyakarta,reseller,2024-07-24,10,42000.0,420000.0,7,Wednesday
1037,00035,1299,Yogyakarta,reseller,2024-06-29,2,123900.0,247800.0,6,Saturday
1038,00015,1510,Yogyakarta,toko,2024-07-23,8,58600.0,468800.0,7,Tuesday
1039,00022,1311,Jawa Timur,reseller,2023-09-30,7,62500.0,437500.0,9,Saturday
1040,00038,1579,Yogyakarta,toko,2024-09-09,5,97500.0,487500.0,9,Monday
1041,00023,1606,Jawa Tengah,toko,2024-12-23,11,96900.0,1065900.0,12,Monday
1042,00023,1138,Yogyakarta,online,2024-01-24,3,124300.0,372900.0,1,Wednesday
1043,00016,1104,Jawa Tengah,toko,2023-07-22,11,89700.0,986700.0,7,Saturday
1044,00038,1243,Yogyakarta,reseller,2023-07-08,9,124600.0,1121400.0,7,Saturday
1045,00053,1068,Jawa Tengah,reseller,2024-12-08,5,102700.0,513500.0,12,Sunday
1046,00016,1701,Yogyakarta,toko,2024-06-18,4,50100.0,200400.0,6,Tuesday
1047,00018,1762,Jawa Barat,online,2024-09-01,8,98250.0,786000.0,9,Sunday
1048,00029,1096,Yogyakarta,reseller,2023-04-30,7,79400.0,555800.0,4,Sunday
1049,00012,1232,Jawa Timur,online,2024-08-28,8,84500.0,676000.0,8,Wednesday
1050,00031,1762,Yogyakarta,online,2023-01-15,2,115300.0,230600.0,1,Sunday
1051,00053,1478,Yogyakarta,online,2024-06-03,8,70200.0,561600.0,6,Monday
1052,00038,1341,Jawa Timur,online,2023-04-12,9,95700.0,861300.0,4,Wednesday
1053,00010,1127,Jawa Barat,online,2023-08-20,11,197900.0,2176900.0,8,Sunday
1054,00012,1311,Jawa Tengah,online,2023-02-09,11,293100.0,3224100.0,2,Thursday
1055,00005,1274,Jawa Barat,reseller,2024-04-16,3,79400.0,238200.0,4,Tuesday
1056,00057,1411,Jawa Tengah,toko,2023-11-05,11,193700.0,2130700.0,11,Sunday
1057,00021,1520,Jawa Barat,toko,2023-08-17,11,122800.0,1350800.0,8,Thursday
1058,00018,1354,Jawa Tengah,toko,2023-10-16,11,66400.0,730400.0,10,Monday
1059,00051,1169,Jawa Tengah,toko,2024-12-30,1,101700.0,101700.0,12,Monday
1061,00014,1479,Jawa Tengah,reseller,2024-03-08,8,75400.0,603200.0,3,Friday
1062,00016,1339,Yogyakarta,toko,2024-09-14,9,79900.0,719100.0,9,Saturday
1063,00024,1690,Yogyakarta,online,2024-12-16,4,90500.0,362000.0,12,Monday
1065,00038,1716,Yogyakarta,reseller,2023-02-15,2,163500.0,327000.0,2,Wednesday
1066,00025,1221,Jawa Barat,toko,2024-06-21,2,49600.0,99200.0,6,Friday
1067,00058,1381,Yogyakarta,toko,2024-02-01,9,51400.0,462600.0,2,Thursday
1068,00046,1133,Jawa Timur,toko,2023-05-13,9,169500.0,1525500.0,5,Saturday
1069,00023,1746,Jawa Timur,toko,2024-01-22,2,153700.0,307400.0,1,Monday
1070,00042,1347,Jawa Tengah,toko,2023-04-24,10,232900.0,2329000.0,4,Monday
1071,00048,1657,Jawa Barat,toko,2024-05-24,6,105800.0,634800.0,5,Friday
1072,00012,1070,Jawa Tengah,toko,2024-08-21,1,66300.0,66300.0,8,Wednesday
1073,00010,1571,Jawa Barat,toko,2024-04-12,10,193500.0,1935000.0,4,Friday
1074,00009,1357,Jawa Timur,reseller,2024-07-10,3,92100.0,276300.0,7,Wednesday
1075,00003,1710,Yogyakarta,toko,2023-09-01,2,90500.0,181000.0,9,Friday
1076,00019,1395,Jawa Timur,toko,2023-02-05,6,58700.0,352200.0,2,Sunday
1077,00047,1104,Jawa Tengah,online,2023-07-20,2,124100.0,248200.0,7,Thursday
1078,00046,1627,Yogyakarta,toko,2023-10-30,10,23700.0,237000.0,10,Monday
1079,00023,1563,Yogyakarta,online,2023-05-06,8,133600.0,1068800.0,5,Saturday
1080,00029,1087,Jawa Timur,toko,2023-07-17,6,29400.0,176400.0,7,Monday
1081,00046,1112,Jawa Tengah,toko,2024-11-25,5,164400.0,822000.0,11,Monday
1082,00055,1317,Jawa Tengah,online,2024-02-08,1,38400.0,38400.0,2,Thursday
1083,00017,1564,Jawa Tengah,toko,2024-10-25,11,146500.0,1611500.0,10,Friday
1084,00039,1624,Yogyakarta,reseller,2023-11-26,9,428500.0,3856500.0,11,Sunday
1085,00036,1024,Jawa Tengah,toko,2023-05-29,7,82600.0,578200.0,5,Monday
1086,00037,1270,Yogyakarta,toko,2023-12-07,11,48500.0,533500.0,12,Thursday
1087,00048,1747,Jawa Tengah,toko,2024-12-27,7,312300.0,2186100.0,12,Friday
1088,00046,1668,Yogyakarta,toko,2024-03-29,2,97500.0,195000.0,3,Friday
1089,00024,1043,Jawa Timur,toko,2023-09-22,6,50000.0,300000.0,9,Friday
1090,00045,1574,Jawa Tengah,online,2024-07-19,10,206800.0,2068000.0,7,Friday
1091,00004,1667,Yogyakarta,toko,2024-05-24,3,97500.0,292500.0,5,Friday
1092,00021,1033,Jawa Barat,reseller,2024-10-11,11,40100.0,441100.0,10,Friday
1093,00013,1306,Jawa Tengah,toko,2024-09-15,5,44300.0,221500.0,9,Sunday
1094,00016,1308,Jawa Timur,reseller,2023-12-21,5,64300.0,321500.0,12,Thursday
1095,00054,1625,Jawa Barat,toko,2024-08-06,6,29000.0,174000.0,8,Tuesday
1097,00005,1452,Jawa Tengah,reseller,2023-11-01,7,180000.0,1260000.0,11,Wednesday
1098,00029,1421,Yogyakarta,online,2024-09-16,7,94300.0,660100.0,9,Monday
1099,00005,1095,Jawa Tengah,reseller,2024-10-21,9,76100.0,684900.0,10,Monday
1100,00009,1538,Yogyakarta,online,2023-01-18,11,38200.0,420200.0,1,Wednesday
1101,00023,1384,Jawa Timur,toko,2024-12-15,11,129100.0,1420100.0,12,Sunday
1102,00027,1792,Yogyakarta,online,2024-07-16,8,64000.0,512000.0,7,Tuesday
1103,00014,1059,Jawa Tengah,online,2024-12-04,5,141000.0,705000.0,12,Wednesday
1104,00038,1540,Yogyakarta,toko,2023-02-09,4,179700.0,718800.0,2,Thursday
1105,00030,1412,Jawa Barat,toko,2024-10-28,2,100200.0,200400.0,10,Monday
1106,00009,1436,Jawa Timur,reseller,2023-08-04,8,27400.0,219200.0,8,Friday
1108,00009,1676,Yogyakarta,online,2024-11-04,4,221100.0,884400.0,11,Monday
1109,00022,1315,Yogyakarta,toko,2023-04-01,6,115000.0,690000.0,4,Saturday
1110,00011,1344,Jawa Tengah,reseller,2023-08-15,4,228700.0,914800.0,8,Tuesday
1111,00056,1276,Yogyakarta,toko,2024-08-10,6,25500.0,153000.0,8,Saturday
1112,00017,1008,Yogyakarta,toko,2023-02-05,1,91200.0,91200.0,2,Sunday
1113,00052,1238,Yogyakarta,toko,2024-01-16,2,87800.0,175600.0,1,Tuesday
1114,00057,1217,Jawa Barat,toko,2023-04-03,1,36800.0,36800.0,4,Monday
1115,00013,1424,Jawa Tengah,toko,2023-05-20,9,66300.0,596700.0,5,Saturday
1116,00002,1475,Jawa Tengah,online,2024-11-29,3,175500.0,526500.0,11,Friday
1117,00001,1785,Jawa Tengah,reseller,2024-07-28,1,135000.0,135000.0,7,Sunday
1118,00011,1758,Yogyakarta,toko,2023-10-27,8,70800.0,566400.0,10,Friday
1119,00024,1565,Jawa Timur,online,2023-09-21,4,118700.0,474800.0,9,Thursday
1120,00010,1485,Jawa Timur,reseller,2023-09-26,6,199600.0,1197600.0,9,Tuesday
1121,00057,1236,Jawa Timur,toko,2024-08-06,3,95700.0,287100.0,8,Tuesday
1122,00028,1226,Yogyakarta,online,2024-10-22,5,116400.0,582000.0,10,Tuesday
1123,00051,1397,Yogyakarta,toko,2023-11-30,8,182600.0,1460800.0,11,Thursday
1124,00001,1794,Jawa Tengah,toko,2024-09-11,7,64600.0,452200.0,9,Wednesday
1125,00008,1600,Jawa Barat,toko,2024-05-13,6,213300.0,1279800.0,5,Monday
1126,00028,1320,Yogyakarta,online,2023-06-30,4,92500.0,370000.0,6,Friday
1127,00010,1460,Jawa Timur,toko,2023-07-09,9,190100.0,1710900.0,7,Sunday
1128,00010,1182,Jawa Tengah,toko,2023-03-29,4,170000.0,680000.0,3,Wednesday
1129,00002,1075,Jawa Timur,reseller,2024-03-24,8,114500.0,916000.0,3,Sunday
1130,00016,1442,Yogyakarta,toko,2024-10-15,7,82000.0,574000.0,10,Tuesday
1131,00046,1244,Yogyakarta,online,2024-09-26,6,65900.0,395400.0,9,Thursday
1132,00047,1275,Yogyakarta,online,2023-10-06,9,108200.0,973800.0,10,Friday
1133,00031,1674,Yogyakarta,toko,2023-05-18,2,110900.0,221800.0,5,Thursday
1134,00011,1089,Yogyakarta,reseller,2023-12-03,9,227000.0,2043000.0,12,Sunday
1135,00027,1491,Yogyakarta,toko,2024-02-11,6,92800.0,556800.0,2,Sunday
1136,00037,1570,Jawa Barat,toko,2023-04-25,7,120800.0,845600.0,4,Tuesday
1137,00009,1355,Yogyakarta,toko,2023-08-09,5,268900.0,1344500.0,8,Wednesday
1139,00049,1077,Yogyakarta,toko,2024-04-23,3,128700.0,386100.0,4,Tuesday
1140,00025,1777,Yogyakarta,reseller,2024-10-14,11,256900.0,2825900.0,10,Monday
1141,00028,1734,Jawa Timur,toko,2023-11-25,8,103300.0,826400.0,11,Saturday
1142,00049,1109,Yogyakarta,reseller,2024-10-25,11,124300.0,1367300.0,10,Friday
1143,00040,1465,Jawa Timur,toko,2023-02-04,8,154000.0,1232000.0,2,Saturday
1144,00010,1728,Yogyakarta,reseller,2023-05-19,4,91200.0,364800.0,5,Friday
1145,00036,1093,Jawa Tengah,reseller,2023-03-13,5,50200.0,251000.0,3,Monday
1146,00055,1637,Yogyakarta,online,2024-04-14,9,40700.0,366300.0,4,Sunday
1147,00013,1367,Jawa Barat,toko,2023-03-13,5,86600.0,433000.0,3,Monday
1148,00053,1202,Yogyakarta,reseller,2023-04-14,2,192100.0,384200.0,4,Friday
1149,00035,1787,Jawa Tengah,online,2023-09-20,6,177800.0,1066800.0,9,Wednesday
1150,00040,1383,Jawa Tengah,toko,2024-01-05,11,260100.0,2861100.0,1,Friday
1151,00020,1170,Yogyakarta,reseller,2023-10-19,6,168500.0,1011000.0,10,Thursday
1152,00003,1504,Jawa Tengah,toko,2024-07-26,7,66300.0,464100.0,7,Friday
1153,00002,1469,Jawa Timur,toko,2024-10-23,11,40900.0,449900.0,10,Wednesday
1154,00040,1251,Yogyakarta,toko,2023-07-09,1,71800.0,71800.0,7,Sunday
1155,00058,1583,Jawa Tengah,online,2023-04-19,4,83400.0,333600.0,4,Wednesday
1156,00036,1086,Jawa Tengah,toko,2024-03-05,2,62700.0,125400.0,3,Tuesday
1157,00022,1484,Jawa Timur,toko,2024-05-03,5,170100.0,850500.0,5,Friday
1158,00046,1669,Jawa Timur,toko,2023-05-22,8,60800.0,486400.0,5,Monday
1159,00056,1607,Jawa Tengah,reseller,2023-02-22,5,138600.0,693000.0,2,Wednesday
1160,00013,1131,Yogyakarta,toko,2023-07-24,8,156400.0,1251200.0,7,Monday
1161,00007,1636,Jawa Tengah,online,2024-05-17,8,101700.0,813600.0,5,Friday
1162,00057,1392,Yogyakarta,toko,2024-04-12,5,75900.0,379500.0,4,Friday
1163,00003,1078,Yogyakarta,online,2023-04-06,3,207800.0,623400.0,4,Thursday
1164,00053,1350,Jawa Tengah,toko,2023-09-03,5,162300.0,811500.0,9,Sunday
1165,00009,1222,Jawa Timur,toko,2024-03-20,8,105200.0,841600.0,3,Wednesday
1166,00007,1722,Yogyakarta,toko,2023-06-08,9,50300.0,452700.0,6,Thursday
1167,00017,1293,Jawa Barat,online,2023-07-08,5,64200.0,321000.0,7,Saturday
1168,00019,1447,Jawa Timur,toko,2023-08-23,9,103000.0,927000.0,8,Wednesday
1169,00020,1509,Yogyakarta,online,2023-08-05,10,208400.0,2084000.0,8,Saturday
1170,00002,1339,Yogyakarta,toko,2024-07-10,9,131400.0,1182600.0,7,Wednesday
1171,00051,1102,Jawa Barat,reseller,2024-12-08,10,92800.0,928000.0,12,Sunday
1172,00050,1781,Jawa Tengah,toko,2023-11-01,5,112500.0,562500.0,11,Wednesday
1173,00041,1205,Jawa Tengah,toko,2024-06-22,9,155900.0,1403100.0,6,Saturday
1174,00054,1282,Yogyakarta,online,2024-03-14,4,34200.0,136800.0,3,Thursday
1175,00056,1276,Yogyakarta,toko,2024-07-20,9,54000.0,486000.0,7,Saturday
1176,00059,1581,Yogyakarta,toko,2023-07-10,8,99600.0,796800.0,7,Monday
1177,00023,1061,Jawa Tengah,online,2024-12-17,6,201900.0,1211400.0,12,Tuesday
1178,00037,1187,Jawa Barat,online,2024-03-31,2,186800.0,373600.0,3,Sunday
1179,00046,1727,Yogyakarta,reseller,2023-01-04,5,61200.0,306000.0,1,Wednesday
1180,00040,1605,Yogyakarta,toko,2023-01-31,8,99200.0,793600.0,1,Tuesday
1181,00047,1458,Yogyakarta,online,2024-11-25,1,62700.0,62700.0,11,Monday
1182,00041,1601,Jawa Timur,toko,2023-02-11,8,77300.0,618400.0,2,Saturday
1183,00023,1272,Jawa Timur,reseller,2023-09-28,8,106500.0,852000.0,9,Thursday
1184,00034,1662,Jawa Timur,online,2023-06-08,9,78600.0,707400.0,6,Thursday
1185,00012,1642,Jawa Tengah,reseller,2024-07-22,5,69900.0,349500.0,7,Monday
1186,00057,1387,Jawa Barat,toko,2024-07-30,3,48600.0,145800.0,7,Tuesday
1187,00053,1569,Jawa Tengah,toko,2024-11-18,8,37800.0,302400.0,11,Monday
1188,00036,1177,Yogyakarta,online,2023-05-08,4,87000.0,348000.0,5,Monday
1189,00046,1218,Jawa Tengah,toko,2024-05-08,7,109500.0,766500.0,5,Wednesday
1190,00020,1505,Yogyakarta,online,2023-11-03,3,141400.0,424200.0,11,Friday
1191,00023,1033,Jawa Barat,online,2024-05-03,11,98250.0,1080750.0,5,Friday
1192,00031,1728,Yogyakarta,online,2024-12-26,5,63300.0,316500.0,12,Thursday
1193,00016,1610,Jawa Tengah,toko,2023-05-28,10,208000.0,2080000.0,5,Sunday
1194,00002,1247,Yogyakarta,online,2023-06-20,8,125200.0,1001600.0,6,Tuesday
1195,00024,1212,Yogyakarta,online,2023-09-07,10,165800.0,1658000.0,9,Thursday
1196,00043,1016,Jawa Barat,toko,2023-04-17,6,69400.0,416400.0,4,Monday
1197,00016,1282,Jawa Tengah,toko,2023-11-08,4,63600.0,254400.0,11,Wednesday
1198,00041,1147,Jawa Tengah,reseller,2023-07-21,10,101700.0,1017000.0,7,Friday
1199,00036,1709,Jawa Timur,toko,2023-02-26,4,176700.0,706800.0,2,Sunday
1200,00025,1746,Yogyakarta,toko,2024-01-24,7,49400.0,345800.0,1,Wednesday
1201,00043,1167,Jawa Barat,toko,2024-03-10,5,34600.0,173000.0,3,Sunday
1202,00051,1004,Yogyakarta,online,2024-10-16,9,62300.0,560700.0,10,Wednesday
1203,00057,1180,Yogyakarta,toko,2024-08-02,6,208200.0,1249200.0,8,Friday
1204,00045,1043,Jawa Timur,toko,2023-01-23,11,99200.0,1091200.0,1,Monday
1205,00006,1567,Yogyakarta,online,2024-09-15,1,112200.0,112200.0,9,Sunday
1206,00020,1078,Jawa Tengah,reseller,2024-01-24,9,104600.0,941400.0,1,Wednesday
1207,00032,1168,Jawa Timur,online,2023-07-14,8,94900.0,759200.0,7,Friday
1208,00005,1713,Yogyakarta,reseller,2023-01-13,3,88200.0,264600.0,1,Friday
1209,00025,1592,Yogyakarta,toko,2024-12-09,10,97500.0,975000.0,12,Monday
1210,00008,1306,Jawa Tengah,toko,2024-12-25,4,264200.0,1056800.0,12,Wednesday
1211,00033,1110,Jawa Tengah,toko,2024-01-06,3,89000.0,267000.0,1,Saturday
1212,00011,1553,Yogyakarta,toko,2023-11-30,1,201600.0,201600.0,11,Thursday
1213,00016,1242,Jawa Tengah,toko,2024-06-20,1,101700.0,101700.0,6,Thursday
1214,00018,1564,Yogyakarta,online,2024-05-08,5,134900.0,674500.0,5,Wednesday
1215,00058,1657,Jawa Tengah,toko,2023-05-25,7,48100.0,336700.0,5,Thursday
1216,00027,1347,Yogyakarta,toko,2023-07-08,5,45000.0,225000.0,7,Saturday
1217,00033,1110,Jawa Tengah,toko,2023-11-13,6,114400.0,686400.0,11,Monday
1218,00055,1585,Jawa Barat,reseller,2023-12-13,4,180800.0,723200.0,12,Wednesday
1219,00001,1689,Yogyakarta,toko,2023-02-20,4,221200.0,884800.0,2,Monday
1220,00017,1368,Jawa Tengah,online,2024-08-24,5,216400.0,1082000.0,8,Saturday
1221,00026,1328,Yogyakarta,toko,2023-05-19,11,82900.0,911900.0,5,Friday
1222,00054,1433,Jawa Tengah,online,2023-03-28,3,101700.0,305100.0,3,Tuesday
1223,00043,1704,Yogyakarta,toko,2024-09-28,11,68200.0,750200.0,9,Saturday
1224,00041,1245,Yogyakarta,toko,2023-06-06,10,70600.0,706000.0,6,Tuesday
1225,00023,1255,Yogyakarta,online,2023-09-23,1,112800.0,112800.0,9,Saturday
1227,00011,1023,Yogyakarta,toko,2023-04-27,1,162100.0,162100.0,4,Thursday
1228,00024,1474,Jawa Tengah,toko,2024-08-22,1,32600.0,32600.0,8,Thursday
1229,00022,1772,Yogyakarta,toko,2023-12-17,9,192600.0,1733400.0,12,Sunday
1230,00001,1212,Jawa Timur,online,2024-10-18,5,68900.0,344500.0,10,Friday
1231,00006,1215,Jawa Barat,online,2024-11-23,9,236100.0,2124900.0,11,Saturday
1232,00047,1220,Jawa Barat,online,2024-07-01,5,98250.0,491250.0,7,Monday
1233,00056,1247,Jawa Tengah,online,2024-07-13,8,49000.0,392000.0,7,Saturday
1234,00015,1703,Yogyakarta,toko,2023-06-29,2,94700.0,189400.0,6,Thursday
1235,00005,1744,Yogyakarta,toko,2023-08-22,5,146400.0,732000.0,8,Tuesday
1236,00009,1289,Yogyakarta,toko,2023-08-19,8,60800.0,486400.0,8,Saturday
1237,00004,1373,Jawa Timur,reseller,2024-12-16,11,62700.0,689700.0,12,Monday
1238,00048,1081,Yogyakarta,toko,2024-06-20,5,81400.0,407000.0,6,Thursday
1239,00003,1166,Jawa Barat,toko,2023-08-24,3,98250.0,294750.0,8,Thursday
1240,00041,1504,Yogyakarta,toko,2023-11-21,9,97500.0,877500.0,11,Tuesday
1241,00047,1030,Yogyakarta,toko,2024-11-18,7,75900.0,531300.0,11,Monday
1242,00013,1430,Jawa Timur,online,2023-09-11,7,160300.0,1122100.0,9,Monday
1243,00014,1422,Yogyakarta,online,2024-05-12,4,235800.0,943200.0,5,Sunday
1244,00016,1046,Yogyakarta,online,2024-12-28,11,169400.0,1863400.0,12,Saturday
1245,00045,1385,Jawa Timur,online,2024-11-27,3,63100.0,189300.0,11,Wednesday
1246,00056,1279,Yogyakarta,toko,2023-07-07,4,59100.0,236400.0,7,Friday
1247,00045,1104,Jawa Timur,toko,2024-05-03,3,115900.0,347700.0,5,Friday
1248,00016,1488,Jawa Tengah,toko,2024-07-22,1,159700.0,159700.0,7,Monday
1249,00043,1690,Yogyakarta,toko,2024-03-05,5,126400.0,632000.0,3,Tuesday
1250,00042,1223,Jawa Tengah,online,2023-05-09,3,77700.0,233100.0,5,Tuesday
1251,00025,1448,Yogyakarta,online,2023-05-31,9,56200.0,505800.0,5,Wednesday
1252,00008,1788,Yogyakarta,toko,2024-10-27,9,208900.0,1880100.0,10,Sunday
1253,00019,1685,Yogyakarta,online,2024-02-13,4,89500.0,358000.0,2,Tuesday
1254,00049,1639,Yogyakarta,toko,2023-07-28,3,298200.0,894600.0,7,Friday
1255,00031,1297,Yogyakarta,online,2023-03-16,8,49400.0,395200.0,3,Thursday
1256,00007,1403,Jawa Timur,online,2024-11-03,7,80400.0,562800.0,11,Sunday
1258,00031,1732,Yogyakarta,online,2024-06-02,2,294400.0,588800.0,6,Sunday
1259,00021,1013,Yogyakarta,toko,2023-05-03,2,205000.0,410000.0,5,Wednesday
1260,00003,1027,Jawa Timur,toko,2024-09-30,10,73000.0,730000.0,9,Monday
1261,00034,1035,Jawa Barat,online,2024-01-13,11,31000.0,341000.0,1,Saturday
1262,00033,1179,Yogyakarta,toko,2024-04-09,5,195100.0,975500.0,4,Tuesday
1263,00009,1716,Jawa Tengah,reseller,2023-03-18,8,106000.0,848000.0,3,Saturday
1264,00050,1731,Yogyakarta,reseller,2023-03-17,4,50000.0,200000.0,3,Friday
1265,00030,1434,Yogyakarta,reseller,2023-02-04,9,40000.0,360000.0,2,Saturday
1266,00005,1406,Jawa Tengah,toko,2023-10-18,10,124600.0,1246000.0,10,Wednesday
1267,00012,1265,Jawa Timur,reseller,2023-09-26,1,86800.0,86800.0,9,Tuesday
1268,00017,1136,Jawa Barat,toko,2024-12-15,8,107000.0,856000.0,12,Sunday
1269,00045,1518,Yogyakarta,online,2024-01-28,4,124300.0,497200.0,1,Sunday
1270,00046,1456,Yogyakarta,toko,2023-04-01,7,78700.0,550900.0,4,Saturday
1271,00049,1398,Jawa Timur,reseller,2023-06-25,1,83500.0,83500.0,6,Sunday
1272,00036,1584,Jawa Tengah,toko,2024-01-24,10,145600.0,1456000.0,1,Wednesday
1273,00054,1214,Yogyakarta,online,2024-06-13,9,92000.0,828000.0,6,Thursday
1274,00019,1482,Yogyakarta,toko,2024-01-16,9,83300.0,749700.0,1,Tuesday
1275,00035,1658,Yogyakarta,toko,2024-02-22,3,143900.0,431700.0,2,Thursday
1276,00038,1036,Yogyakarta,online,2023-11-15,1,30200.0,30200.0,11,Wednesday
1277,00022,1332,Jawa Tengah,toko,2024-06-23,11,206200.0,2268200.0,6,Sunday
1278,00027,1029,Yogyakarta,online,2023-07-24,11,128200.0,1410200.0,7,Monday
1279,00042,1112,Yogyakarta,online,2023-01-09,1,62300.0,62300.0,1,Monday
1280,00051,1325,Jawa Barat,toko,2023-08-14,3,88500.0,265500.0,8,Monday
1282,00018,1013,Jawa Barat,toko,2023-05-29,9,136800.0,1231200.0,5,Monday
1283,00043,1065,Jawa Tengah,toko,2023-07-31,11,34100.0,375100.0,7,Monday
1284,00045,1067,Yogyakarta,online,2023-07-11,4,53700.0,214800.0,7,Tuesday
1285,00056,1734,Jawa Timur,online,2024-04-15,5,109800.0,549000.0,4,Monday
1286,00038,1514,Jawa Barat,reseller,2023-01-28,4,285300.0,1141200.0,1,Saturday
1287,00012,1258,Yogyakarta,reseller,2024-04-14,2,155300.0,310600.0,4,Sunday
1288,00044,1350,Yogyakarta,toko,2024-06-30,5,97500.0,487500.0,6,Sunday
1289,00011,1371,Jawa Barat,online,2023-12-14,5,139100.0,695500.0,12,Thursday
1290,00023,1068,Jawa Timur,online,2024-10-14,1,99500.0,99500.0,10,Monday
1291,00029,1202,Yogyakarta,toko,2024-04-03,8,82300.0,658400.0,4,Wednesday
1292,00043,1701,Yogyakarta,online,2023-06-10,10,123700.0,1237000.0,6,Saturday
1293,00010,1144,Jawa Tengah,toko,2023-12-11,10,27600.0,276000.0,12,Monday
1294,00042,1294,Yogyakarta,toko,2023-02-12,3,180000.0,540000.0,2,Sunday
1295,00009,1371,Jawa Tengah,online,2024-10-01,3,135800.0,407400.0,10,Tuesday
1296,00023,1706,Yogyakarta,online,2023-10-08,7,75900.0,531300.0,10,Sunday
1297,00008,1758,Jawa Tengah,toko,2024-12-29,2,101700.0,203400.0,12,Sunday
1299,00020,1563,Jawa Barat,toko,2024-10-31,1,116000.0,116000.0,10,Thursday
1300,00057,1496,Jawa Barat,online,2023-11-07,2,98250.0,196500.0,11,Tuesday
1301,00034,1413,Yogyakarta,toko,2024-10-19,4,109600.0,438400.0,10,Saturday
1302,00043,1339,Yogyakarta,reseller,2023-07-06,1,273400.0,273400.0,7,Thursday
1303,00014,1284,Jawa Barat,reseller,2023-12-01,10,26600.0,266000.0,12,Friday
1304,00013,1537,Yogyakarta,online,2024-02-25,6,64300.0,385800.0,2,Sunday
1305,00054,1187,Yogyakarta,reseller,2023-12-19,5,62300.0,311500.0,12,Tuesday
1306,00044,1194,Yogyakarta,online,2024-06-25,5,173500.0,867500.0,6,Tuesday
1307,00029,1502,Yogyakarta,online,2023-04-28,7,85000.0,595000.0,4,Friday
1308,00017,1205,Jawa Timur,online,2024-10-01,8,56300.0,450400.0,10,Tuesday
1309,00051,1369,Yogyakarta,reseller,2023-01-24,2,111700.0,223400.0,1,Tuesday
1310,00028,1699,Yogyakarta,toko,2024-06-06,5,62850000.0,314250000.0,6,Thursday
1311,00004,1117,Yogyakarta,online,2023-08-15,2,97500.0,195000.0,8,Tuesday
1312,00051,1162,Yogyakarta,toko,2024-08-27,6,114900.0,689400.0,8,Tuesday
1313,00025,1777,Jawa Timur,toko,2024-06-09,10,76000.0,760000.0,6,Sunday
1314,00027,1308,Yogyakarta,toko,2024-12-27,7,73200.0,512400.0,12,Friday
1315,00023,1382,Yogyakarta,online,2023-09-19,1,60900.0,60900.0,9,Tuesday
1317,00036,1788,Yogyakarta,reseller,2024-05-18,3,160600.0,481800.0,5,Saturday
1318,00019,1264,Jawa Tengah,online,2023-04-25,5,86300.0,431500.0,4,Tuesday
1319,00031,1397,Yogyakarta,toko,2023-06-19,3,91100.0,273300.0,6,Monday
1320,00005,1292,Yogyakarta,toko,2023-05-05,10,224300.0,2243000.0,5,Friday
1321,00050,1697,Jawa Tengah,toko,2023-06-16,7,104800.0,733600.0,6,Friday
1322,00013,1727,Jawa Tengah,online,2023-12-06,11,132800.0,1460800.0,12,Wednesday
1323,00036,1051,Yogyakarta,toko,2024-05-19,2,51800.0,103600.0,5,Sunday
1324,00016,1165,Yogyakarta,reseller,2024-05-21,6,68900.0,413400.0,5,Tuesday
1325,00011,1502,Yogyakarta,toko,2023-03-31,1,27700.0,27700.0,3,Friday
1326,00011,1192,Jawa Tengah,reseller,2024-08-29,4,43800.0,175200.0,8,Thursday
1327,00042,1118,Jawa Tengah,online,2023-06-07,4,122900.0,491600.0,6,Wednesday
1328,00004,1709,Jawa Barat,online,2023-05-02,10,207400.0,2074000.0,5,Tuesday
1329,00047,1737,Yogyakarta,online,2024-01-21,10,84200.0,842000.0,1,Sunday
1331,00027,1492,Yogyakarta,toko,2024-12-18,2,104400.0,208800.0,12,Wednesday
1332,00013,1264,Jawa Tengah,reseller,2023-02-25,1,195100.0,195100.0,2,Saturday
1333,00022,1123,Yogyakarta,reseller,2023-01-03,2,89600.0,179200.0,1,Tuesday
1334,00044,1705,Jawa Barat,online,2024-02-23,2,170600.0,341200.0,2,Friday
1335,00053,1004,Yogyakarta,online,2024-06-27,4,95100.0,380400.0,6,Thursday
1336,00055,1256,Jawa Tengah,toko,2024-09-23,8,47500.0,380000.0,9,Monday
1337,00037,1041,Yogyakarta,toko,2023-07-08,8,57600.0,460800.0,7,Saturday
1338,00017,1797,Jawa Tengah,online,2023-09-09,2,84800.0,169600.0,9,Saturday
1339,00005,1423,Jawa Barat,toko,2024-08-31,10,383900.0,3839000.0,8,Saturday
1340,00034,1657,Jawa Timur,toko,2024-05-09,6,139900.0,839400.0,5,Thursday
1341,00033,1329,Jawa Tengah,reseller,2023-04-22,6,85700.0,514200.0,4,Saturday
1342,00030,1677,Jawa Barat,online,2024-04-06,11,117400.0,1291400.0,4,Saturday
1343,00032,1459,Yogyakarta,toko,2023-08-27,6,112100.0,672600.0,8,Sunday
1344,00005,1180,Jawa Timur,online,2024-04-29,6,75900.0,455400.0,4,Monday
1345,00024,1010,Yogyakarta,online,2023-02-08,2,92800.0,185600.0,2,Wednesday
1346,00008,1173,Yogyakarta,reseller,2023-05-14,5,84900.0,424500.0,5,Sunday
1347,00051,1792,Jawa Barat,online,2023-06-01,8,153600.0,1228800.0,6,Thursday
1348,00053,1602,Yogyakarta,online,2024-01-08,9,249900.0,2249100.0,1,Monday
1349,00049,1708,Jawa Tengah,online,2023-11-06,10,217700.0,2177000.0,11,Monday
1350,00028,1661,Yogyakarta,toko,2023-02-10,6,81700.0,490200.0,2,Friday
1351,00048,1497,Yogyakarta,online,2023-08-18,7,137400.0,961800.0,8,Friday
1352,00048,1179,Yogyakarta,reseller,2023-10-29,10,97500.0,975000.0,10,Sunday
1353,00021,1320,Jawa Tengah,online,2024-05-08,9,51600.0,464400.0,5,Wednesday
1354,00004,1164,Jawa Timur,reseller,2023-02-09,1,103400.0,103400.0,2,Thursday
1355,00050,1715,Yogyakarta,toko,2023-01-27,6,142000.0,852000.0,1,Friday
1356,00036,1194,Jawa Tengah,online,2024-12-05,10,95200.0,952000.0,12,Thursday
1357,00027,1640,Jawa Tengah,toko,2023-08-24,2,161700.0,323400.0,8,Thursday
1358,00052,1110,Jawa Timur,reseller,2023-09-10,2,161800.0,323600.0,9,Sunday
1359,00057,1315,Jawa Timur,online,2023-10-14,3,155100.0,465300.0,10,Saturday
1360,00052,1336,Jawa Tengah,toko,2023-06-30,3,90200.0,270600.0,6,Friday
1361,00001,1584,Yogyakarta,online,2023-06-28,4,44000.0,176000.0,6,Wednesday
1362,00001,1402,Jawa Tengah,toko,2024-10-21,7,288700.0,2020900.0,10,Monday
1363,00029,1665,Yogyakarta,reseller,2023-02-13,5,74500.0,372500.0,2,Monday
1364,00031,1502,Jawa Timur,online,2023-11-12,8,152800.0,1222400.0,11,Sunday
1365,00014,1001,Jawa Tengah,toko,2023-02-19,7,132000.0,924000.0,2,Sunday
1366,00022,1044,Jawa Tengah,online,2024-01-09,2,80400.0,160800.0,1,Tuesday
1367,00034,1337,Yogyakarta,toko,2024-04-18,7,293100.0,2051700.0,4,Thursday
1368,00045,1153,Jawa Tengah,toko,2024-09-25,9,147700.0,1329300.0,9,Wednesday
1369,00045,1183,Jawa Tengah,toko,2023-04-19,6,98100.0,588600.0,4,Wednesday
1370,00005,1093,Jawa Tengah,toko,2024-01-17,6,77100.0,462600.0,1,Wednesday
1371,00023,1777,Yogyakarta,toko,2024-03-29,3,55600.0,166800.0,3,Friday
1372,00016,1216,Yogyakarta,toko,2023-10-14,9,46600.0,419400.0,10,Saturday
1373,00018,1545,Jawa Timur,toko,2023-04-25,3,138900.0,416700.0,4,Tuesday
1374,00048,1148,Jawa Timur,toko,2024-06-22,4,76100.0,304400.0,6,Saturday
1375,00026,1104,Jawa Timur,toko,2023-03-29,9,75500.0,679500.0,3,Wednesday
1376,00028,1749,Yogyakarta,toko,2023-08-08,4,133500.0,534000.0,8,Tuesday
1377,00058,1387,Yogyakarta,toko,2024-10-22,11,80400.0,884400.0,10,Tuesday
1378,00027,1298,Jawa Barat,toko,2023-04-21,6,145600.0,873600.0,4,Friday
1379,00045,1157,Yogyakarta,online,2024-02-21,8,67600.0,540800.0,2,Wednesday
1380,00058,1111,Jawa Barat,reseller,2024-06-08,8,72600.0,580800.0,6,Saturday
1381,00058,1043,Jawa Tengah,online,2024-10-13,5,170600.0,853000.0,10,Sunday
1382,00019,1533,Jawa Timur,toko,2023-12-30,9,66000.0,594000.0,12,Saturday
1383,00024,1080,Yogyakarta,online,2023-12-16,3,71050000.0,213150000.0,12,Saturday
1384,00003,1778,Jawa Tengah,online,2024-12-29,4,133500.0,534000.0,12,Sunday
1385,00045,1231,Yogyakarta,online,2023-09-15,3,99300.0,297900.0,9,Friday
1386,00024,1635,Jawa Tengah,online,2024-02-03,7,37000.0,259000.0,2,Saturday
1387,00001,1249,Jawa Barat,toko,2023-10-27,11,45400.0,499400.0,10,Friday
1388,00010,1518,Yogyakarta,toko,2024-10-16,3,51600.0,154800.0,10,Wednesday
1389,00011,1503,Yogyakarta,toko,2023-11-12,2,46000.0,92000.0,11,Sunday
1390,00005,1302,Jawa Tengah,toko,2023-02-01,8,164900.0,1319200.0,2,Wednesday
1391,00005,1164,Yogyakarta,online,2023-06-20,10,58900.0,589000.0,6,Tuesday
1392,00034,1322,Yogyakarta,toko,2023-01-17,5,47300.0,236500.0,1,Tuesday
1393,00014,1264,Yogyakarta,reseller,2023-08-04,3,73100.0,219300.0,8,Friday
1394,00057,1241,Jawa Timur,online,2023-09-14,11,93200.0,1025200.0,9,Thursday
1395,00034,1183,Yogyakarta,online,2024-05-05,1,36700.0,36700.0,5,Sunday
1396,00035,1644,Jawa Barat,toko,2024-09-01,9,141400.0,1272600.0,9,Sunday
1397,00031,1284,Jawa Tengah,online,2024-07-13,2,151600.0,303200.0,7,Saturday
1398,00039,1642,Jawa Tengah,online,2023-12-13,1,69400.0,69400.0,12,Wednesday
1399,00047,1508,Yogyakarta,toko,2024-11-13,6,159400.0,956400.0,11,Wednesday
1400,00020,1391,Jawa Timur,toko,2024-03-20,8,39300.0,314400.0,3,Wednesday
1401,00037,1577,Jawa Tengah,toko,2023-10-12,11,71200.0,783200.0,10,Thursday
1402,00034,1689,Yogyakarta,online,2023-09-22,5,89600.0,448000.0,9,Friday
1403,00041,1117,Yogyakarta,toko,2024-03-01,1,102900.0,102900.0,3,Friday
1404,00045,1521,Jawa Barat,toko,2023-09-10,4,194900.0,779600.0,9,Sunday
1405,00046,1212,Jawa Tengah,online,2023-08-30,8,81200.0,649600.0,8,Wednesday
1406,00035,1548,Jawa Barat,reseller,2023-08-30,3,54300.0,162900.0,8,Wednesday
1407,00005,1399,Jawa Tengah,toko,2023-06-02,1,112100.0,112100.0,6,Friday
1408,00048,1215,Jawa Tengah,reseller,2023-07-27,8,108200.0,865600.0,7,Thursday
1409,00058,1292,Jawa Timur,toko,2024-04-13,1,128600.0,128600.0,4,Saturday
1410,00033,1193,Jawa Barat,online,2023-01-27,10,81000.0,810000.0,1,Friday
1411,00026,1547,Yogyakarta,toko,2024-09-06,2,109300.0,218600.0,9,Friday
1412,00012,1182,Jawa Timur,online,2024-05-08,5,70400.0,352000.0,5,Wednesday
1413,00028,1701,Jawa Tengah,toko,2024-04-10,6,137700.0,826200.0,4,Wednesday
1414,00035,1730,Jawa Tengah,toko,2023-08-14,6,66700.0,400200.0,8,Monday
1415,00046,1166,Yogyakarta,toko,2023-07-02,7,68400.0,478800.0,7,Sunday
1416,00029,1640,Jawa Tengah,reseller,2024-11-01,4,196700.0,786800.0,11,Friday
1417,00011,1389,Jawa Barat,toko,2023-05-31,1,62900.0,62900.0,5,Wednesday
1418,00010,1719,Yogyakarta,reseller,2024-03-06,9,98900.0,890100.0,3,Wednesday
1419,00032,1441,Yogyakarta,online,2023-01-25,8,138000.0,1104000.0,1,Wednesday
1420,00037,1658,Yogyakarta,reseller,2023-04-24,11,81700.0,898700.0,4,Monday
1421,00053,1723,Jawa Timur,toko,2023-04-28,9,168400.0,1515600.0,4,Friday
1422,00049,1643,Jawa Timur,reseller,2023-08-03,5,70000.0,350000.0,8,Thursday
1423,00035,1321,Jawa Tengah,toko,2023-01-12,3,180300.0,540900.0,1,Thursday
1424,00008,1348,Yogyakarta,toko,2023-05-13,5,39300.0,196500.0,5,Saturday
1425,00049,1244,Jawa Barat,toko,2023-12-31,6,44400.0,266400.0,12,Sunday
1426,00033,1612,Jawa Tengah,toko,2024-07-04,3,102600.0,307800.0,7,Thursday
1427,00050,1059,Jawa Tengah,toko,2023-10-26,7,229400.0,1605800.0,10,Thursday
1428,00044,1133,Yogyakarta,online,2023-07-04,4,255500.0,1022000.0,7,Tuesday
1429,00019,1132,Jawa Tengah,toko,2023-05-04,9,59400.0,534600.0,5,Thursday
1430,00024,1524,Jawa Timur,reseller,2024-02-12,5,96900.0,484500.0,2,Monday
1431,00025,1361,Yogyakarta,toko,2024-06-27,8,73800.0,590400.0,6,Thursday
1433,00046,1322,Jawa Timur,toko,2024-03-05,9,151200.0,1360800.0,3,Tuesday
1434,00022,1772,Jawa Tengah,toko,2023-09-26,2,79000.0,158000.0,9,Tuesday
1435,00042,1267,Jawa Tengah,toko,2024-02-25,11,221300.0,2434300.0,2,Sunday
1436,00032,1703,Yogyakarta,toko,2024-09-24,4,116200.0,464800.0,9,Tuesday
1437,00025,1290,Yogyakarta,toko,2023-02-21,5,72100.0,360500.0,2,Tuesday
1438,00041,1131,Jawa Timur,online,2024-01-09,1,65600.0,65600.0,1,Tuesday
1440,00033,1614,Jawa Tengah,toko,2023-08-15,4,128900.0,515600.0,8,Tuesday
1441,00009,1384,Yogyakarta,toko,2023-09-08,3,73800.0,221400.0,9,Friday
1442,00007,1658,Jawa Barat,online,2023-05-05,8,516100.0,4128800.0,5,Friday
1443,00049,1534,Jawa Timur,toko,2023-05-26,4,111500.0,446000.0,5,Friday
1444,00049,1033,Yogyakarta,online,2023-08-06,10,50400.0,504000.0,8,Sunday
1445,00040,1470,Yogyakarta,reseller,2023-03-14,1,103400.0,103400.0,3,Tuesday
1446,00055,1452,Yogyakarta,toko,2023-05-19,3,193800.0,581400.0,5,Friday
1447,00036,1116,Yogyakarta,toko,2024-12-13,6,127000.0,762000.0,12,Friday
1448,00006,1336,Jawa Barat,toko,2024-04-29,8,81100.0,648800.0,4,Monday
1449,00023,1305,Jawa Timur,reseller,2024-11-11,1,66700.0,66700.0,11,Monday
1450,00015,1494,Jawa Timur,toko,2024-06-26,3,61900.0,185700.0,6,Wednesday
1451,00043,1532,Yogyakarta,reseller,2023-03-14,11,49000.0,539000.0,3,Tuesday
1452,00011,1709,Jawa Barat,toko,2024-03-11,11,72700.0,799700.0,3,Monday
1453,00036,1046,Yogyakarta,toko,2024-09-05,6,115100.0,690600.0,9,Thursday
1454,00051,1578,Jawa Tengah,online,2024-06-03,3,70600.0,211800.0,6,Monday
1455,00011,1184,Yogyakarta,online,2023-07-08,9,257500.0,2317500.0,7,Saturday
1456,00054,1168,Jawa Tengah,toko,2024-06-30,1,123200.0,123200.0,6,Sunday
1457,00042,1279,Jawa Tengah,online,2023-09-04,7,75900.0,531300.0,9,Monday
1458,00003,1443,Jawa Barat,toko,2024-02-23,11,96700.0,1063700.0,2,Friday
1459,00032,1014,Jawa Timur,reseller,2023-08-17,5,234300.0,1171500.0,8,Thursday
1460,00020,1449,Jawa Tengah,online,2023-05-18,4,101700.0,406800.0,5,Thursday
1461,00042,1655,Yogyakarta,reseller,2024-04-08,9,113400.0,1020600.0,4,Monday
1462,00012,1009,Yogyakarta,online,2024-04-12,3,479200.0,1437600.0,4,Friday
1463,00030,1699,Jawa Barat,online,2023-02-18,8,178100.0,1424800.0,2,Saturday
1464,00028,1105,Yogyakarta,reseller,2023-01-18,6,57800.0,346800.0,1,Wednesday
1465,00030,1666,Yogyakarta,online,2024-08-27,7,106100.0,742700.0,8,Tuesday
1466,00055,1287,Yogyakarta,toko,2023-12-14,10,85800.0,858000.0,12,Thursday
1467,00056,1290,Jawa Timur,online,2024-04-13,8,509700.0,4077600.0,4,Saturday
1468,00005,1142,Yogyakarta,toko,2023-04-28,5,66300.0,331500.0,4,Friday
1469,00047,1447,Yogyakarta,online,2023-07-07,8,83900.0,671200.0,7,Friday
1470,00011,1189,Yogyakarta,reseller,2024-05-23,6,81100.0,486600.0,5,Thursday
1471,00010,1158,Jawa Timur,online,2024-01-11,8,42500.0,340000.0,1,Thursday
1472,00029,1540,Yogyakarta,online,2024-05-02,8,15800.0,126400.0,5,Thursday
1473,00058,1582,Jawa Tengah,toko,2023-07-16,3,85700.0,257100.0,7,Sunday
1474,00031,1769,Jawa Tengah,toko,2023-08-30,1,133600.0,133600.0,8,Wednesday
1475,00035,1435,Jawa Tengah,toko,2023-09-30,8,76300.0,610400.0,9,Saturday
1476,00044,1366,Jawa Barat,toko,2024-03-02,10,132000.0,1320000.0,3,Saturday
1477,00029,1559,Jawa Barat,toko,2023-05-10,4,153700.0,614800.0,5,Wednesday
1478,00026,1516,Yogyakarta,toko,2024-06-03,8,148900.0,1191200.0,6,Monday
1480,00009,1609,Yogyakarta,online,2024-01-09,7,240200.0,1681400.0,1,Tuesday
1481,00052,1712,Yogyakarta,online,2024-06-27,7,163700.0,1145900.0,6,Thursday
1482,00021,1538,Jawa Barat,online,2023-07-05,4,98250.0,393000.0,7,Wednesday
1483,00035,1742,Yogyakarta,online,2024-01-18,5,99200.0,496000.0,1,Thursday
1484,00058,1525,Jawa Barat,reseller,2023-03-24,11,98400.0,1082400.0,3,Friday
1485,00045,1434,Jawa Tengah,online,2024-12-07,9,71600.0,644400.0,12,Saturday
1486,00045,1000,Jawa Barat,toko,2024-09-28,1,126300.0,126300.0,9,Saturday
1487,00049,1228,Jawa Tengah,toko,2023-12-23,4,170100.0,680400.0,12,Saturday
1488,00007,1695,Yogyakarta,toko,2023-03-06,1,70400.0,70400.0,3,Monday
1489,00026,1530,Jawa Timur,toko,2023-04-04,5,159800.0,799000.0,4,Tuesday
1490,00048,1129,Jawa Tengah,reseller,2023-05-25,7,74900.0,524300.0,5,Thursday
1491,00016,1039,Yogyakarta,toko,2024-06-07,10,140000.0,1400000.0,6,Friday
1492,00019,1144,Jawa Tengah,reseller,2024-07-23,8,90500.0,724000.0,7,Tuesday
1493,00052,1156,Yogyakarta,toko,2024-06-29,6,163800.0,982800.0,6,Saturday
1494,00047,1407,Jawa Tengah,toko,2023-02-06,2,307900.0,615800.0,2,Monday
1495,00015,1212,Jawa Timur,online,2024-06-19,7,112700.0,788900.0,6,Wednesday
1496,00001,1469,Yogyakarta,online,2023-04-15,10,73800.0,738000.0,4,Saturday
1497,00029,1586,Jawa Tengah,reseller,2023-11-02,2,76600.0,153200.0,11,Thursday
1498,00052,1604,Jawa Barat,online,2023-09-29,5,142500.0,712500.0,9,Friday
1499,00033,1622,Jawa Timur,reseller,2024-05-18,5,73600.0,368000.0,5,Saturday
1500,00010,1234,Jawa Tengah,online,2023-04-21,4,175900.0,703600.0,4,Friday
1501,00029,1747,Yogyakarta,toko,2024-03-05,2,117600.0,235200.0,3,Tuesday
1502,00027,1756,Yogyakarta,toko,2023-01-30,8,168400.0,1347200.0,1,Monday
1503,00036,1063,Yogyakarta,online,2023-12-27,2,97500.0,195000.0,12,Wednesday
1504,00040,1502,Yogyakarta,reseller,2024-07-19,5,56100.0,280500.0,7,Friday
1505,00015,1334,Jawa Tengah,online,2023-07-05,11,63600.0,699600.0,7,Wednesday
1506,00030,1675,Jawa Timur,reseller,2023-05-07,2,124800.0,249600.0,5,Sunday
1507,00029,1541,Jawa Timur,online,2024-06-26,6,62100.0,372600.0,6,Wednesday
1508,00010,1381,Yogyakarta,toko,2024-10-29,5,148800.0,744000.0,10,Tuesday
1509,00030,1283,Yogyakarta,online,2023-02-01,10,29300.0,293000.0,2,Wednesday
1510,00009,1056,Jawa Timur,reseller,2023-02-05,1,66600.0,66600.0,2,Sunday
1511,00012,1281,Jawa Timur,toko,2024-06-08,6,89600.0,537600.0,6,Saturday
1512,00017,1009,Yogyakarta,toko,2023-07-19,4,33500.0,134000.0,7,Wednesday
1513,00058,1768,Yogyakarta,toko,2024-10-20,8,68800.0,550400.0,10,Sunday
1514,00004,1512,Jawa Tengah,online,2024-02-21,7,40800.0,285600.0,2,Wednesday
1515,00051,1433,Yogyakarta,online,2023-02-26,5,94700.0,473500.0,2,Sunday
1516,00013,1340,Yogyakarta,reseller,2023-03-14,1,85600.0,85600.0,3,Tuesday
1517,00056,1517,Jawa Tengah,online,2024-06-26,8,153200.0,1225600.0,6,Wednesday
1518,00008,1352,Yogyakarta,online,2023-12-16,5,60100.0,300500.0,12,Saturday
1519,00036,1729,Yogyakarta,online,2024-08-20,1,37700.0,37700.0,8,Tuesday
1520,00028,1260,Jawa Barat,online,2023-12-22,6,71600.0,429600.0,12,Friday
1521,00014,1354,Jawa Tengah,online,2024-06-03,6,106700.0,640200.0,6,Monday
1523,00024,1570,Jawa Tengah,reseller,2023-07-04,7,109200.0,764400.0,7,Tuesday
1524,00035,1378,Jawa Timur,toko,2024-11-07,3,203300.0,609900.0,11,Thursday
1525,00044,1223,Jawa Tengah,toko,2023-11-22,1,80100.0,80100.0,11,Wednesday
1526,00017,1203,Jawa Barat,reseller,2023-10-26,1,87200.0,87200.0,10,Thursday
1527,00023,1682,Jawa Timur,online,2024-08-28,9,60000.0,540000.0,8,Wednesday
1528,00003,1714,Yogyakarta,toko,2024-10-25,6,69700.0,418200.0,10,Friday
1529,00016,1164,Jawa Tengah,reseller,2023-08-12,11,183300.0,2016300.0,8,Saturday
1530,00020,1142,Yogyakarta,toko,2023-06-09,8,122500.0,980000.0,6,Friday
1531,00048,1465,Jawa Tengah,online,2023-02-10,8,21100.0,168800.0,2,Friday
1532,00045,1774,Jawa Tengah,toko,2024-04-22,1,201900.0,201900.0,4,Monday
1533,00046,1476,Jawa Barat,toko,2024-02-23,1,30500.0,30500.0,2,Friday
1534,00016,1688,Yogyakarta,toko,2023-11-09,7,77600.0,543200.0,11,Thursday
1535,00013,1612,Jawa Timur,toko,2023-12-22,4,175800.0,703200.0,12,Friday
1536,00024,1306,Jawa Barat,toko,2024-07-20,10,106900.0,1069000.0,7,Saturday
1537,00026,1227,Jawa Tengah,toko,2023-09-09,1,137700.0,137700.0,9,Saturday
1538,00045,1618,Yogyakarta,online,2024-01-16,1,165400.0,165400.0,1,Tuesday
1539,00052,1457,Jawa Tengah,toko,2024-07-22,1,118100.0,118100.0,7,Monday
1540,00024,1464,Jawa Timur,online,2024-09-15,7,47100.0,329700.0,9,Sunday
1541,00013,1038,Jawa Tengah,reseller,2024-06-29,9,123200.0,1108800.0,6,Saturday
1542,00053,1372,Yogyakarta,reseller,2023-04-24,4,65600.0,262400.0,4,Monday
1543,00032,1618,Jawa Tengah,online,2023-07-28,11,23700.0,260700.0,7,Friday
1544,00055,1649,Yogyakarta,online,2023-07-12,2,83300.0,166600.0,7,Wednesday
1545,00024,1432,Jawa Tengah,toko,2024-02-10,2,137000.0,274000.0,2,Saturday
1546,00019,1664,Yogyakarta,reseller,2024-02-02,10,106300.0,1063000.0,2,Friday
1547,00004,1643,Jawa Tengah,online,2024-08-05,10,99600.0,996000.0,8,Monday
1548,00044,1161,Jawa Timur,online,2024-04-08,4,276900.0,1107600.0,4,Monday
1549,00030,1574,Yogyakarta,online,2024-04-03,10,116400.0,1164000.0,4,Wednesday
1550,00015,1724,Jawa Tengah,toko,2023-10-04,10,170200.0,1702000.0,10,Wednesday
1551,00027,1382,Jawa Tengah,toko,2023-12-02,3,120400.0,361200.0,12,Saturday
1552,00009,1025,Jawa Tengah,toko,2024-08-09,10,262200.0,2622000.0,8,Friday
1553,00058,1784,Jawa Tengah,reseller,2023-01-20,9,79800.0,718200.0,1,Friday
1554,00026,1004,Yogyakarta,toko,2023-10-04,3,199200.0,597600.0,10,Wednesday
1555,00018,1070,Yogyakarta,toko,2024-05-25,6,97500.0,585000.0,5,Saturday
1556,00036,1386,Yogyakarta,reseller,2024-11-12,10,79600.0,796000.0,11,Tuesday
1557,00047,1262,Yogyakarta,online,2023-01-23,9,184300.0,1658700.0,1,Monday
1558,00056,1241,Jawa Barat,online,2024-11-10,11,44600.0,490600.0,11,Sunday
1559,00041,1748,Yogyakarta,online,2023-10-25,4,119700.0,478800.0,10,Wednesday
1560,00009,1338,Jawa Tengah,online,2023-02-01,1,101700.0,101700.0,2,Wednesday
1561,00025,1061,Jawa Tengah,toko,2023-03-14,5,60800.0,304000.0,3,Tuesday
1562,00043,1383,Jawa Timur,toko,2024-04-13,10,34400.0,344000.0,4,Saturday
1563,00049,1215,Yogyakarta,toko,2024-03-13,6,102400.0,614400.0,3,Wednesday
1564,00029,1374,Jawa Tengah,online,2024-09-20,7,81900.0,573300.0,9,Friday
1565,00051,1668,Jawa Tengah,toko,2024-12-30,7,111000.0,777000.0,12,Monday
1566,00008,1726,Yogyakarta,toko,2023-02-06,1,118400.0,118400.0,2,Monday
1567,00021,1569,Yogyakarta,reseller,2024-05-18,1,162900.0,162900.0,5,Saturday
1568,00058,1734,Jawa Barat,reseller,2024-06-22,6,251000.0,1506000.0,6,Saturday
1569,00012,1178,Jawa Timur,online,2024-02-16,6,128600.0,771600.0,2,Friday
1570,00042,1276,Yogyakarta,toko,2024-03-01,10,40300.0,403000.0,3,Friday
1571,00013,1632,Jawa Tengah,reseller,2024-02-21,7,148400.0,1038800.0,2,Wednesday
1572,00008,1230,Yogyakarta,toko,2024-01-13,10,125600.0,1256000.0,1,Saturday
1573,00010,1460,Yogyakarta,reseller,2023-01-31,9,108800.0,979200.0,1,Tuesday
1574,00054,1523,Jawa Tengah,online,2023-07-19,10,254700.0,2547000.0,7,Wednesday
1576,00007,1158,Yogyakarta,reseller,2024-06-20,6,80900.0,485400.0,6,Thursday
1577,00042,1000,Jawa Barat,online,2024-05-20,7,131500.0,920500.0,5,Monday
1578,00006,1320,Jawa Timur,toko,2023-06-10,2,38800.0,77600.0,6,Saturday
1579,00049,1328,Yogyakarta,reseller,2023-04-09,5,176100.0,880500.0,4,Sunday
1580,00020,1574,Jawa Tengah,toko,2023-05-14,4,103700.0,414800.0,5,Sunday
1582,00056,1004,Yogyakarta,online,2023-09-13,4,150100.0,600400.0,9,Wednesday
1583,00055,1384,Jawa Timur,toko,2024-06-22,9,125000.0,1125000.0,6,Saturday
1584,00002,1617,Jawa Tengah,toko,2024-12-24,7,111900.0,783300.0,12,Tuesday
1585,00024,1774,Yogyakarta,toko,2024-12-09,7,49800.0,348600.0,12,Monday
1586,00055,1587,Jawa Tengah,toko,2023-10-24,3,95600.0,286800.0,10,Tuesday
1587,00021,1232,Jawa Tengah,reseller,2024-04-09,1,119600.0,119600.0,4,Tuesday
1588,00037,1309,Yogyakarta,reseller,2023-04-15,7,179600.0,1257200.0,4,Saturday
1589,00052,1296,Yogyakarta,reseller,2024-01-27,4,129600.0,518400.0,1,Saturday
1590,00004,1198,Yogyakarta,online,2023-10-19,4,151400.0,605600.0,10,Thursday
1591,00030,1004,Yogyakarta,online,2023-05-22,3,150800.0,452400.0,5,Monday
1592,00034,1432,Yogyakarta,toko,2024-07-12,6,73600.0,441600.0,7,Friday
1593,00055,1216,Jawa Barat,reseller,2023-01-01,2,120300.0,240600.0,1,Sunday
1594,00028,1236,Yogyakarta,toko,2024-03-31,8,88500.0,708000.0,3,Sunday
1595,00050,1293,Jawa Tengah,toko,2024-06-17,4,48000.0,192000.0,6,Monday
1596,00034,1656,Yogyakarta,toko,2024-06-08,9,41200.0,370800.0,6,Saturday
1598,00044,1472,Yogyakarta,toko,2024-08-26,1,235000.0,235000.0,8,Monday
1599,00050,1584,Yogyakarta,online,2023-05-06,5,233400.0,1167000.0,5,Saturday
1600,00041,1245,Jawa Tengah,toko,2023-08-01,5,61000.0,305000.0,8,Tuesday
1601,00037,1305,Jawa Timur,online,2024-05-16,8,244600.0,1956800.0,5,Thursday
1602,00059,1646,Jawa Tengah,online,2023-09-11,4,253200.0,1012800.0,9,Monday
1603,00036,1499,Jawa Timur,online,2024-06-28,3,64300.0,192900.0,6,Friday
1604,00010,1486,Yogyakarta,online,2024-09-17,7,134500.0,941500.0,9,Tuesday
1605,00055,1161,Jawa Tengah,online,2024-08-16,8,276800.0,2214400.0,8,Friday
1606,00048,1105,Jawa Timur,toko,2023-10-07,8,95700.0,765600.0,10,Saturday
1607,00022,1179,Jawa Tengah,online,2024-02-01,9,203200.0,1828800.0,2,Thursday
1608,00025,1331,Jawa Timur,toko,2024-01-10,8,70000.0,560000.0,1,Wednesday
1609,00040,1213,Jawa Barat,online,2024-02-28,2,82700.0,165400.0,2,Wednesday
1610,00047,1391,Jawa Tengah,toko,2024-08-31,2,169700.0,339400.0,8,Saturday
1611,00042,1215,Jawa Barat,reseller,2024-11-23,4,91600.0,366400.0,11,Saturday
1612,00053,1755,Jawa Tengah,reseller,2024-04-04,2,108900.0,217800.0,4,Thursday
1613,00005,1775,Yogyakarta,toko,2023-09-05,11,106800.0,1174800.0,9,Tuesday
1614,00059,1256,Yogyakarta,toko,2024-10-28,10,55200.0,552000.0,10,Monday
1615,00029,1595,Yogyakarta,toko,2023-01-22,10,244000.0,2440000.0,1,Sunday
1616,00016,1358,Jawa Timur,online,2023-01-11,4,93200.0,372800.0,1,Wednesday
1617,00013,1638,Jawa Barat,toko,2023-12-08,7,83200.0,582400.0,12,Friday
1618,00027,1781,Jawa Tengah,toko,2024-03-28,8,77600.0,620800.0,3,Thursday
1619,00018,1662,Jawa Barat,online,2024-02-24,10,105000.0,1050000.0,2,Saturday
1620,00056,1340,Yogyakarta,toko,2024-01-08,1,58300.0,58300.0,1,Monday
1621,00030,1396,Jawa Tengah,toko,2024-03-26,10,168500.0,1685000.0,3,Tuesday
1622,00056,1661,Jawa Tengah,toko,2023-10-27,7,82600.0,578200.0,10,Friday
1623,00040,1296,Yogyakarta,online,2024-07-27,9,161200.0,1450800.0,7,Saturday
1624,00022,1077,Jawa Tengah,toko,2023-08-05,3,60200.0,180600.0,8,Saturday
1625,00024,1303,Yogyakarta,reseller,2023-01-25,10,55300.0,553000.0,1,Wednesday
1626,00056,1315,Jawa Tengah,toko,2023-10-02,8,58600.0,468800.0,10,Monday
1627,00039,1066,Yogyakarta,toko,2024-10-13,8,115600.0,924800.0,10,Sunday
1628,00024,1147,Jawa Tengah,online,2024-08-19,1,46200.0,46200.0,8,Monday
1629,00045,1317,Yogyakarta,reseller,2024-06-27,9,165900.0,1493100.0,6,Thursday
1630,00023,1707,Jawa Timur,toko,2023-12-14,10,83000.0,830000.0,12,Thursday
1631,00013,1324,Jawa Barat,toko,2023-03-12,10,171400.0,1714000.0,3,Sunday
1632,00045,1442,Jawa Timur,reseller,2023-06-10,8,80500.0,644000.0,6,Saturday
1633,00006,1240,Yogyakarta,reseller,2024-03-01,10,162900.0,1629000.0,3,Friday
1634,00028,1174,Jawa Tengah,toko,2024-05-21,7,55000.0,385000.0,5,Tuesday
1635,00025,1137,Yogyakarta,toko,2023-11-11,9,52600.0,473400.0,11,Saturday
1636,00027,1073,Yogyakarta,online,2024-08-21,6,143000.0,858000.0,8,Wednesday
1637,00013,1056,Jawa Tengah,toko,2024-02-12,6,72700.0,436200.0,2,Monday
1638,00023,1336,Yogyakarta,toko,2023-10-24,9,188300.0,1694700.0,10,Tuesday
1639,00008,1454,Jawa Barat,online,2023-07-09,5,66800.0,334000.0,7,Sunday
1640,00026,1077,Jawa Barat,online,2023-04-06,5,136100.0,680500.0,4,Thursday
1641,00044,1720,Yogyakarta,online,2023-05-28,10,62000.0,620000.0,5,Sunday
1642,00009,1388,Yogyakarta,online,2024-06-27,8,36000.0,288000.0,6,Thursday
1643,00009,1700,Jawa Tengah,reseller,2024-11-01,3,234600.0,703800.0,11,Friday
1644,00004,1583,Jawa Tengah,toko,2024-05-19,5,88900.0,444500.0,5,Sunday
1645,00050,1334,Jawa Timur,toko,2023-11-18,7,178500.0,1249500.0,11,Saturday
1646,00045,1248,Yogyakarta,online,2024-05-21,1,111700.0,111700.0,5,Tuesday
1647,00003,1217,Jawa Tengah,toko,2023-10-10,5,36500.0,182500.0,10,Tuesday
1648,00034,1133,Jawa Tengah,reseller,2023-01-11,6,126900.0,761400.0,1,Wednesday
1649,00028,1401,Yogyakarta,online,2023-04-08,9,190400.0,1713600.0,4,Saturday
1650,00040,1289,Jawa Tengah,online,2023-03-29,9,215700.0,1941300.0,3,Wednesday
1651,00023,1395,Yogyakarta,online,2023-12-19,11,264700.0,2911700.0,12,Tuesday
1652,00048,1132,Jawa Timur,toko,2024-12-06,8,126600.0,1012800.0,12,Friday
1653,00030,1544,Jawa Tengah,online,2023-09-30,5,101700.0,508500.0,9,Saturday
1654,00014,1675,Jawa Barat,toko,2024-02-09,1,104600.0,104600.0,2,Friday
1655,00030,1446,Yogyakarta,toko,2023-12-01,5,50400.0,252000.0,12,Friday
1656,00014,1076,Jawa Tengah,toko,2023-07-09,1,101700.0,101700.0,7,Sunday
1657,00030,1125,Jawa Tengah,toko,2024-11-30,1,154000.0,154000.0,11,Saturday
1658,00017,1592,Yogyakarta,toko,2023-02-06,2,123300.0,246600.0,2,Monday
1659,00026,1249,Yogyakarta,toko,2023-02-26,7,63500.0,444500.0,2,Sunday
1660,00018,1267,Yogyakarta,online,2023-12-14,7,146800.0,1027600.0,12,Thursday
1661,00031,1770,Jawa Tengah,reseller,2024-07-07,6,101700.0,610200.0,7,Sunday
1662,00045,1582,Yogyakarta,reseller,2023-08-25,4,209700.0,838800.0,8,Friday
1663,00041,1348,Jawa Tengah,online,2023-12-11,3,70000.0,210000.0,12,Monday
1664,00023,1616,Jawa Tengah,online,2023-04-24,3,73400.0,220200.0,4,Monday
1665,00030,1222,Jawa Tengah,toko,2023-10-12,2,82900.0,165800.0,10,Thursday
1666,00020,1108,Jawa Barat,toko,2024-04-10,10,54400.0,544000.0,4,Wednesday
1667,00019,1374,Jawa Barat,online,2024-08-01,7,58900.0,412300.0,8,Thursday
1668,00038,1605,Jawa Tengah,online,2023-05-12,1,84700.0,84700.0,5,Friday
1669,00047,1225,Jawa Tengah,online,2023-05-04,8,23300.0,186400.0,5,Thursday
1670,00012,1756,Jawa Tengah,online,2024-11-22,10,326900.0,3269000.0,11,Friday
1671,00016,1243,Jawa Tengah,online,2024-06-09,2,124800.0,249600.0,6,Sunday
1672,00007,1453,Jawa Timur,online,2023-06-19,4,118900.0,475600.0,6,Monday
1673,00059,1148,Yogyakarta,toko,2024-08-09,8,59300.0,474400.0,8,Friday
1674,00042,1515,Yogyakarta,online,2024-10-10,9,112000.0,1008000.0,10,Thursday
1675,00010,1149,Yogyakarta,online,2023-01-29,8,99400.0,795200.0,1,Sunday
1676,00045,1258,Yogyakarta,online,2023-09-17,4,105800.0,423200.0,9,Sunday
1677,00019,1049,Yogyakarta,reseller,2023-08-01,4,41600.0,166400.0,8,Tuesday
1678,00018,1139,Jawa Tengah,online,2023-08-02,6,93100.0,558600.0,8,Wednesday
1679,00029,1094,Jawa Timur,online,2023-12-09,5,32600.0,163000.0,12,Saturday
1680,00038,1595,Yogyakarta,toko,2024-07-07,2,88700.0,177400.0,7,Sunday
1681,00039,1578,Jawa Tengah,online,2024-04-02,10,58900.0,589000.0,4,Tuesday
1682,00003,1656,Yogyakarta,online,2024-01-05,4,97500.0,390000.0,1,Friday
1683,00044,1249,Jawa Timur,reseller,2024-01-12,5,82200.0,411000.0,1,Friday
1684,00024,1164,Jawa Timur,reseller,2023-04-13,8,164000.0,1312000.0,4,Thursday
1685,00055,1158,Jawa Barat,toko,2023-04-17,6,205500.0,1233000.0,4,Monday
1686,00035,1090,Jawa Tengah,toko,2024-09-05,8,101400.0,811200.0,9,Thursday
1687,00056,1069,Jawa Tengah,toko,2024-02-21,5,52600.0,263000.0,2,Wednesday
1688,00015,1281,Yogyakarta,online,2024-02-06,2,240400.0,480800.0,2,Tuesday
1689,00040,1109,Yogyakarta,toko,2024-02-22,9,43300.0,389700.0,2,Thursday
1690,00021,1500,Yogyakarta,online,2024-02-20,8,71800.0,574400.0,2,Tuesday
1691,00051,1468,Jawa Barat,online,2023-09-01,1,98250.0,98250.0,9,Friday
1692,00036,1292,Jawa Timur,reseller,2023-10-03,11,64200.0,706200.0,10,Tuesday
1693,00045,1093,Jawa Tengah,toko,2024-10-18,5,219400.0,1097000.0,10,Friday
1694,00035,1771,Jawa Tengah,toko,2024-08-25,7,126300.0,884100.0,8,Sunday
1695,00046,1176,Yogyakarta,toko,2024-08-17,3,188400.0,565200.0,8,Saturday
1696,00010,1633,Yogyakarta,online,2024-03-24,4,83400.0,333600.0,3,Sunday
1697,00014,1725,Yogyakarta,online,2024-12-28,7,166500.0,1165500.0,12,Saturday
1698,00042,1732,Jawa Timur,online,2023-02-23,8,90800.0,726400.0,2,Thursday
1699,00011,1479,Yogyakarta,online,2023-10-01,1,97500.0,97500.0,10,Sunday
1700,00005,1479,Jawa Tengah,reseller,2024-10-07,7,118600.0,830200.0,10,Monday
1701,00033,1656,Jawa Barat,online,2023-07-23,1,125300.0,125300.0,7,Sunday
1702,00058,1604,Jawa Barat,toko,2024-02-18,8,139400.0,1115200.0,2,Sunday
1703,00019,1534,Jawa Tengah,reseller,2024-12-20,10,87400.0,874000.0,12,Friday
1704,00012,1760,Yogyakarta,online,2023-07-18,10,40700.0,407000.0,7,Tuesday
1705,00043,1188,Jawa Tengah,toko,2024-09-20,8,82100.0,656800.0,9,Friday
1706,00015,1028,Jawa Timur,toko,2023-01-31,11,20200.0,222200.0,1,Tuesday
1707,00046,1444,Jawa Timur,online,2024-10-01,5,83600.0,418000.0,10,Tuesday
1708,00012,1459,Jawa Tengah,online,2023-01-31,2,61100.0,122200.0,1,Tuesday
1709,00012,1681,Jawa Tengah,online,2024-03-22,7,161200.0,1128400.0,3,Friday
1710,00059,1149,Yogyakarta,toko,2023-03-31,3,19800.0,59400.0,3,Friday
1711,00036,1076,Yogyakarta,online,2023-01-20,11,325400.0,3579400.0,1,Friday
1712,00017,1636,Jawa Tengah,reseller,2023-07-07,2,80700.0,161400.0,7,Friday
1713,00027,1750,Jawa Tengah,toko,2024-08-24,7,38400.0,268800.0,8,Saturday
1714,00036,1186,Yogyakarta,toko,2024-01-21,11,127200.0,1399200.0,1,Sunday
1715,00003,1198,Jawa Barat,reseller,2024-12-23,2,132200.0,264400.0,12,Monday
1716,00059,1593,Yogyakarta,reseller,2023-06-14,11,127300.0,1400300.0,6,Wednesday
1717,00029,1501,Yogyakarta,toko,2023-02-04,3,361100.0,1083300.0,2,Saturday
1718,00057,1266,Yogyakarta,online,2024-07-29,9,60300.0,542700.0,7,Monday
1719,00047,1493,Jawa Tengah,toko,2024-10-23,11,117700.0,1294700.0,10,Wednesday
1720,00003,1521,Jawa Tengah,toko,2024-01-20,7,108000.0,756000.0,1,Saturday
1721,00048,1068,Jawa Timur,online,2024-09-13,6,65900.0,395400.0,9,Friday
1722,00031,1543,Jawa Tengah,online,2023-11-09,2,117400.0,234800.0,11,Thursday
1723,00053,1499,Yogyakarta,toko,2024-03-22,4,209000.0,836000.0,3,Friday
1724,00036,1727,Yogyakarta,toko,2023-11-10,4,59600.0,238400.0,11,Friday
1725,00017,1156,Jawa Timur,reseller,2024-11-17,2,129100.0,258200.0,11,Sunday
1726,00042,1697,Yogyakarta,online,2023-06-25,2,179800.0,359600.0,6,Sunday
1727,00017,1568,Jawa Timur,toko,2023-01-26,9,145700.0,1311300.0,1,Thursday
1728,00020,1350,Jawa Timur,toko,2024-01-28,4,38200.0,152800.0,1,Sunday
1729,00035,1010,Yogyakarta,toko,2023-02-03,4,116900.0,467600.0,2,Friday
1730,00020,1551,Yogyakarta,reseller,2023-06-20,2,78500.0,157000.0,6,Tuesday
1731,00056,1794,Yogyakarta,online,2024-08-12,3,204800.0,614400.0,8,Monday
1732,00001,1145,Yogyakarta,toko,2023-08-24,1,91600.0,91600.0,8,Thursday
1733,00023,1111,Jawa Timur,online,2024-03-12,2,95700.0,191400.0,3,Tuesday
1734,00003,1078,Jawa Barat,toko,2024-01-08,1,47500.0,47500.0,1,Monday
1735,00043,1175,Yogyakarta,reseller,2023-02-04,2,133000.0,266000.0,2,Saturday
1736,00033,1571,Jawa Tengah,reseller,2024-04-08,5,101700.0,508500.0,4,Monday
1737,00009,1174,Yogyakarta,toko,2023-04-17,4,283700.0,1134800.0,4,Monday
1738,00005,1725,Jawa Tengah,toko,2023-08-28,2,251500.0,503000.0,8,Monday
1739,00044,1700,Jawa Tengah,toko,2023-03-17,10,57000.0,570000.0,3,Friday
1740,00012,1597,Jawa Tengah,toko,2024-06-10,1,154700.0,154700.0,6,Monday
1741,00050,1013,Yogyakarta,online,2024-06-03,2,96400.0,192800.0,6,Monday
1742,00020,1413,Yogyakarta,toko,2023-09-19,9,37600.0,338400.0,9,Tuesday
1743,00033,1160,Jawa Barat,toko,2024-10-31,8,53100.0,424800.0,10,Thursday
1744,00005,1503,Yogyakarta,toko,2024-10-30,9,104800.0,943200.0,10,Wednesday
1745,00030,1532,Jawa Tengah,online,2024-10-28,11,134300.0,1477300.0,10,Monday
1746,00002,1584,Jawa Timur,online,2023-04-19,11,79100.0,870100.0,4,Wednesday
1747,00014,1541,Yogyakarta,toko,2024-11-03,7,117700.0,823900.0,11,Sunday
1748,00055,1455,Jawa Tengah,online,2024-02-26,9,119000.0,1071000.0,2,Monday
1749,00058,1645,Jawa Barat,online,2024-07-14,10,117200.0,1172000.0,7,Sunday
1750,00026,1290,Jawa Barat,online,2023-09-16,11,48800.0,536800.0,9,Saturday
1751,00054,1700,Jawa Timur,online,2024-10-28,1,107200.0,107200.0,10,Monday
1752,00013,1680,Yogyakarta,online,2023-11-29,8,135600.0,1084800.0,11,Wednesday
1753,00035,1063,Jawa Tengah,toko,2024-03-14,5,40700.0,203500.0,3,Thursday
1754,00042,1295,Jawa Tengah,reseller,2023-03-26,6,246900.0,1481400.0,3,Sunday
1755,00053,1478,Yogyakarta,toko,2023-10-06,11,235200.0,2587200.0,10,Friday
1756,00001,1722,Yogyakarta,toko,2023-09-04,5,108800.0,544000.0,9,Monday
1757,00036,1785,Jawa Tengah,online,2023-12-14,8,342300.0,2738400.0,12,Thursday
1758,00015,1639,Yogyakarta,toko,2023-05-18,4,61300.0,245200.0,5,Thursday
1759,00023,1071,Yogyakarta,online,2024-04-29,9,56300.0,506700.0,4,Monday
1760,00057,1634,Yogyakarta,toko,2024-05-08,1,68200.0,68200.0,5,Wednesday
1761,00039,1046,Jawa Timur,toko,2024-01-13,5,64600.0,323000.0,1,Saturday
1762,00053,1666,Yogyakarta,online,2024-07-20,8,296300.0,2370400.0,7,Saturday
1763,00012,1585,Jawa Tengah,online,2024-11-15,9,101700.0,915300.0,11,Friday
1764,00038,1789,Yogyakarta,toko,2024-07-27,4,97500.0,390000.0,7,Saturday
1765,00055,1671,Yogyakarta,online,2023-06-06,10,122800.0,1228000.0,6,Tuesday
1766,00006,1791,Jawa Tengah,toko,2024-10-28,9,254700.0,2292300.0,10,Monday
1767,00052,1532,Jawa Tengah,online,2024-06-14,11,109300.0,1202300.0,6,Friday
1769,00025,1197,Jawa Tengah,toko,2024-06-23,2,116200.0,232400.0,6,Sunday
1770,00002,1301,Jawa Timur,toko,2024-04-12,9,209200.0,1882800.0,4,Friday
1771,00050,1032,Jawa Tengah,online,2023-02-17,9,87700.0,789300.0,2,Friday
1772,00013,1586,Jawa Timur,toko,2024-11-29,6,229100.0,1374600.0,11,Friday
1773,00059,1397,Jawa Barat,online,2024-11-15,10,118700.0,1187000.0,11,Friday
1774,00002,1774,Jawa Tengah,toko,2023-12-31,7,89100.0,623700.0,12,Sunday
1775,00007,1775,Jawa Tengah,toko,2024-10-04,2,132600.0,265200.0,10,Friday
1776,00008,1504,Jawa Tengah,reseller,2024-01-15,10,320400.0,3204000.0,1,Monday
1777,00041,1742,Jawa Barat,reseller,2023-08-21,3,85600.0,256800.0,8,Monday
1778,00038,1020,Jawa Tengah,toko,2024-04-23,3,224400.0,673200.0,4,Tuesday
1779,00013,1357,Jawa Timur,reseller,2023-06-13,10,138400.0,1384000.0,6,Tuesday
1780,00006,1030,Yogyakarta,online,2023-01-23,7,108700.0,760900.0,1,Monday
1781,00016,1115,Jawa Barat,online,2023-01-18,3,102000.0,306000.0,1,Wednesday
1782,00010,1371,Jawa Tengah,reseller,2024-09-11,7,101700.0,711900.0,9,Wednesday
1783,00043,1633,Yogyakarta,toko,2024-07-15,5,142700.0,713500.0,7,Monday
1784,00054,1630,Jawa Tengah,toko,2023-10-31,7,123500.0,864500.0,10,Tuesday
1785,00026,1573,Yogyakarta,reseller,2023-08-03,7,146400.0,1024800.0,8,Thursday
1786,00020,1709,Jawa Barat,online,2024-07-05,4,59400.0,237600.0,7,Friday
1787,00031,1787,Jawa Tengah,reseller,2024-04-03,6,67200.0,403200.0,4,Wednesday
1789,00011,1110,Jawa Tengah,reseller,2023-04-22,8,80700.0,645600.0,4,Saturday
1790,00006,1413,Yogyakarta,online,2023-12-26,6,87400.0,524400.0,12,Tuesday
1791,00039,1752,Jawa Tengah,toko,2023-01-23,2,79600.0,159200.0,1,Monday
1792,00047,1410,Jawa Tengah,reseller,2024-02-20,9,135900.0,1223100.0,2,Tuesday
1793,00031,1778,Jawa Tengah,toko,2024-12-29,9,56500.0,508500.0,12,Sunday
1794,00040,1075,Yogyakarta,toko,2024-07-18,11,85700.0,942700.0,7,Thursday
1795,00007,1379,Yogyakarta,toko,2023-06-18,2,165500.0,331000.0,6,Sunday
1796,00033,1000,Jawa Tengah,toko,2024-03-11,1,268800.0,268800.0,3,Monday
1797,00040,1557,Jawa Tengah,toko,2023-10-25,10,102200.0,1022000.0,10,Wednesday
1798,00037,1418,Jawa Timur,online,2024-03-30,9,201700.0,1815300.0,3,Saturday
1799,00002,1206,Yogyakarta,reseller,2024-03-02,1,223200.0,223200.0,3,Saturday
1800,00006,1403,Jawa Tengah,toko,2024-11-05,6,101700.0,610200.0,11,Tuesday
1801,00059,1511,Yogyakarta,toko,2024-09-17,5,114300.0,571500.0,9,Tuesday
1802,00016,1690,Yogyakarta,online,2023-07-17,8,53200.0,425600.0,7,Monday
1803,00014,1794,Jawa Tengah,toko,2024-11-30,10,78700.0,787000.0,11,Saturday
1804,00035,1145,Yogyakarta,toko,2023-11-24,6,126000.0,756000.0,11,Friday
1805,00044,1039,Jawa Tengah,reseller,2023-07-07,11,46800.0,514800.0,7,Friday
1806,00057,1682,Yogyakarta,toko,2024-10-05,9,135700.0,1221300.0,10,Saturday
1807,00044,1452,Yogyakarta,online,2023-09-12,6,91100.0,546600.0,9,Tuesday
1808,00049,1217,Jawa Tengah,toko,2023-11-30,5,85800.0,429000.0,11,Thursday
1809,00055,1518,Yogyakarta,online,2024-12-08,1,135900.0,135900.0,12,Sunday
1810,00038,1431,Jawa Tengah,toko,2024-03-08,5,60800.0,304000.0,3,Friday
1811,00036,1549,Yogyakarta,online,2023-08-25,6,36300.0,217800.0,8,Friday
1812,00031,1565,Jawa Timur,toko,2024-01-05,7,100700.0,704900.0,1,Friday
1813,00013,1700,Yogyakarta,reseller,2023-11-27,6,64600.0,387600.0,11,Monday
1814,00001,1116,Yogyakarta,toko,2024-12-11,11,88000.0,968000.0,12,Wednesday
1815,00008,1686,Yogyakarta,toko,2023-07-20,8,51600.0,412800.0,7,Thursday
1816,00053,1757,Jawa Tengah,toko,2024-05-10,5,56800.0,284000.0,5,Friday
1817,00019,1359,Yogyakarta,toko,2024-06-07,10,53800.0,538000.0,6,Friday
1818,00004,1766,Yogyakarta,toko,2024-07-18,5,46400.0,232000.0,7,Thursday
1819,00009,1500,Yogyakarta,reseller,2023-10-08,2,61000.0,122000.0,10,Sunday
1820,00008,1775,Jawa Barat,online,2023-01-24,6,62100.0,372600.0,1,Tuesday
1821,00023,1428,Yogyakarta,online,2023-10-31,4,100300.0,401200.0,10,Tuesday
1822,00041,1001,Jawa Barat,reseller,2023-10-16,11,639300.0,7032300.0,10,Monday
1823,00048,1134,Yogyakarta,toko,2024-06-23,11,97500.0,1072500.0,6,Sunday
1824,00048,1514,Yogyakarta,toko,2024-06-29,2,38600.0,77200.0,6,Saturday
1825,00057,1752,Jawa Barat,online,2023-09-24,9,98250.0,884250.0,9,Sunday
1826,00047,1536,Jawa Tengah,online,2023-05-03,7,47600.0,333200.0,5,Wednesday
1827,00016,1540,Jawa Barat,online,2024-04-17,10,58200.0,582000.0,4,Wednesday
1828,00027,1703,Jawa Timur,toko,2024-07-23,7,80400.0,562800.0,7,Tuesday
1829,00039,1240,Yogyakarta,toko,2023-08-22,10,100800.0,1008000.0,8,Tuesday
1830,00011,1161,Yogyakarta,toko,2024-11-03,10,102500.0,1025000.0,11,Sunday
1831,00041,1707,Jawa Tengah,toko,2023-07-22,4,113500.0,454000.0,7,Saturday
1833,00014,1250,Yogyakarta,toko,2024-01-22,2,188700.0,377400.0,1,Monday
1834,00051,1647,Yogyakarta,toko,2024-06-11,7,161100.0,1127700.0,6,Tuesday
1835,00019,1201,Jawa Tengah,online,2023-03-21,10,71300.0,713000.0,3,Tuesday
1836,00058,1209,Jawa Tengah,online,2023-07-20,3,86500.0,259500.0,7,Thursday
1837,00050,1711,Yogyakarta,online,2023-02-02,7,44200.0,309400.0,2,Thursday
1838,00015,1052,Yogyakarta,online,2023-03-30,5,144800.0,724000.0,3,Thursday
1839,00055,1550,Yogyakarta,reseller,2024-08-20,7,86900.0,608300.0,8,Tuesday
1840,00052,1073,Yogyakarta,toko,2024-11-16,1,301100.0,301100.0,11,Saturday
1841,00058,1094,Yogyakarta,online,2024-07-18,6,65800.0,394800.0,7,Thursday
1842,00024,1516,Jawa Timur,toko,2023-11-04,4,239600.0,958400.0,11,Saturday
1843,00054,1440,Jawa Tengah,reseller,2024-02-21,4,57100.0,228400.0,2,Wednesday
1844,00019,1428,Yogyakarta,toko,2024-10-20,5,36400.0,182000.0,10,Sunday
1845,00021,1206,Jawa Tengah,toko,2024-09-04,4,59200.0,236800.0,9,Wednesday
1846,00030,1598,Jawa Tengah,online,2024-05-02,4,119800.0,479200.0,5,Thursday
1847,00022,1120,Jawa Barat,online,2024-03-16,4,178200.0,712800.0,3,Saturday
1848,00001,1645,Jawa Tengah,online,2024-11-10,5,58500.0,292500.0,11,Sunday
1849,00043,1451,Jawa Tengah,online,2024-02-18,2,173000.0,346000.0,2,Sunday
1850,00027,1002,Yogyakarta,toko,2023-01-19,4,72000.0,288000.0,1,Thursday
1851,00049,1395,Jawa Barat,online,2024-01-24,2,72400.0,144800.0,1,Wednesday
1852,00012,1746,Jawa Tengah,online,2024-08-06,3,82000.0,246000.0,8,Tuesday
1853,00014,1393,Yogyakarta,reseller,2024-09-23,8,258400.0,2067200.0,9,Monday
1854,00043,1703,Yogyakarta,toko,2024-06-23,4,108900.0,435600.0,6,Sunday
1855,00042,1028,Jawa Tengah,toko,2024-12-03,6,117100.0,702600.0,12,Tuesday
1856,00030,1746,Jawa Barat,toko,2024-02-16,8,40300.0,322400.0,2,Friday
1857,00036,1199,Jawa Tengah,online,2024-04-22,7,107800.0,754600.0,4,Monday
1858,00052,1614,Jawa Tengah,reseller,2023-04-29,7,115200.0,806400.0,4,Saturday
1859,00052,1047,Yogyakarta,online,2024-02-07,11,97500.0,1072500.0,2,Wednesday
1860,00053,1307,Yogyakarta,online,2023-05-29,11,58600.0,644600.0,5,Monday
1861,00059,1572,Yogyakarta,toko,2023-05-02,8,64600.0,516800.0,5,Tuesday
1863,00048,1762,Yogyakarta,reseller,2023-11-08,5,66700.0,333500.0,11,Wednesday
1864,00017,1729,Jawa Tengah,toko,2023-10-12,9,144900.0,1304100.0,10,Thursday
1865,00052,1282,Jawa Tengah,toko,2023-06-08,5,61200.0,306000.0,6,Thursday
1866,00056,1336,Jawa Barat,online,2024-07-03,1,206600.0,206600.0,7,Wednesday
1867,00026,1794,Yogyakarta,toko,2024-11-12,11,99600.0,1095600.0,11,Tuesday
1868,00030,1390,Jawa Barat,toko,2024-12-13,3,57100.0,171300.0,12,Friday
1869,00007,1737,Jawa Tengah,online,2023-12-31,9,66600.0,599400.0,12,Sunday
1870,00006,1558,Yogyakarta,online,2023-06-16,1,43600.0,43600.0,6,Friday
1871,00012,1382,Jawa Barat,toko,2024-10-29,11,41600.0,457600.0,10,Tuesday
1872,00003,1550,Yogyakarta,online,2023-02-18,6,191600.0,1149600.0,2,Saturday
1873,00024,1431,Jawa Barat,toko,2024-10-13,9,163400.0,1470600.0,10,Sunday
1874,00059,1554,Jawa Tengah,online,2023-01-26,1,54700.0,54700.0,1,Thursday
1875,00042,1301,Jawa Barat,online,2024-05-27,8,74700.0,597600.0,5,Monday
1876,00035,1498,Yogyakarta,online,2023-11-11,1,249700.0,249700.0,11,Saturday
1877,00044,1489,Jawa Timur,toko,2023-04-18,2,63600.0,127200.0,4,Tuesday
1878,00004,1406,Yogyakarta,online,2024-08-24,8,110800.0,886400.0,8,Saturday
1879,00039,1425,Yogyakarta,reseller,2023-03-04,4,131000.0,524000.0,3,Saturday
1880,00031,1613,Yogyakarta,toko,2024-08-06,8,86500.0,692000.0,8,Tuesday
1881,00007,1166,Jawa Tengah,toko,2024-11-22,6,87000.0,522000.0,11,Friday
1882,00030,1316,Jawa Tengah,toko,2024-03-07,2,79700.0,159400.0,3,Thursday
1883,00040,1493,Yogyakarta,toko,2023-10-02,5,104100.0,520500.0,10,Monday
1884,00026,1209,Jawa Timur,toko,2023-01-03,7,38800.0,271600.0,1,Tuesday
1885,00055,1635,Jawa Timur,reseller,2023-02-12,3,99800.0,299400.0,2,Sunday
1886,00057,1727,Jawa Timur,toko,2023-06-29,5,108000.0,540000.0,6,Thursday
1887,00022,1404,Jawa Tengah,reseller,2023-02-17,7,101700.0,711900.0,2,Friday
1888,00056,1676,Jawa Tengah,toko,2023-04-19,10,126400.0,1264000.0,4,Wednesday
1889,00015,1035,Jawa Barat,online,2023-05-08,10,56100.0,561000.0,5,Monday
1890,00008,1574,Jawa Tengah,online,2023-04-25,7,20800.0,145600.0,4,Tuesday
1891,00039,1357,Jawa Tengah,online,2023-03-07,7,31000.0,217000.0,3,Tuesday
1892,00009,1134,Yogyakarta,online,2023-04-07,6,102500.0,615000.0,4,Friday
1893,00019,1689,Yogyakarta,toko,2023-12-02,2,134600.0,269200.0,12,Saturday
1894,00025,1036,Yogyakarta,online,2023-01-26,11,75300.0,828300.0,1,Thursday
1895,00041,1798,Yogyakarta,toko,2023-03-11,6,41200.0,247200.0,3,Saturday
1896,00050,1737,Yogyakarta,toko,2024-01-03,4,87900.0,351600.0,1,Wednesday
1897,00053,1601,Jawa Timur,online,2024-06-04,5,165700.0,828500.0,6,Tuesday
1898,00037,1754,Yogyakarta,online,2023-09-07,5,94100.0,470500.0,9,Thursday
1899,00057,1565,Yogyakarta,reseller,2023-05-03,9,40700.0,366300.0,5,Wednesday
1900,00044,1217,Yogyakarta,reseller,2023-09-15,9,127100.0,1143900.0,9,Friday
1901,00052,1691,Yogyakarta,toko,2023-05-20,5,85800.0,429000.0,5,Saturday
1902,00034,1503,Yogyakarta,toko,2023-07-21,8,87100.0,696800.0,7,Friday
1903,00007,1512,Jawa Barat,toko,2023-05-04,10,100000.0,1000000.0,5,Thursday
1904,00013,1014,Yogyakarta,toko,2024-07-31,1,134200.0,134200.0,7,Wednesday
1905,00025,1311,Yogyakarta,online,2023-04-28,7,90500.0,633500.0,4,Friday
1906,00049,1314,Yogyakarta,online,2023-07-31,1,54800.0,54800.0,7,Monday
1907,00025,1248,Jawa Barat,toko,2024-08-11,6,90400.0,542400.0,8,Sunday
1908,00001,1563,Jawa Barat,toko,2023-04-25,4,104300.0,417200.0,4,Tuesday
1909,00026,1791,Yogyakarta,online,2023-04-04,4,192900.0,771600.0,4,Tuesday
1910,00042,1288,Jawa Barat,online,2023-07-26,11,47000.0,517000.0,7,Wednesday
1911,00059,1219,Yogyakarta,toko,2024-06-16,3,88900.0,266700.0,6,Sunday
1912,00012,1645,Jawa Tengah,reseller,2023-07-01,1,57600.0,57600.0,7,Saturday
1913,00019,1301,Jawa Barat,toko,2024-05-26,11,112900.0,1241900.0,5,Sunday
1914,00028,1730,Yogyakarta,toko,2023-09-11,1,69900.0,69900.0,9,Monday
1915,00029,1614,Jawa Timur,toko,2023-12-09,4,15800.0,63200.0,12,Saturday
1916,00058,1109,Jawa Tengah,toko,2023-10-05,11,101700.0,1118700.0,10,Thursday
1917,00024,1283,Yogyakarta,toko,2023-04-27,1,65300.0,65300.0,4,Thursday
1919,00015,1013,Yogyakarta,toko,2024-06-13,6,97500.0,585000.0,6,Thursday
1920,00004,1300,Jawa Tengah,online,2024-04-03,4,51400.0,205600.0,4,Wednesday
1921,00024,1108,Jawa Tengah,online,2023-05-23,5,44900.0,224500.0,5,Tuesday
1922,00026,1139,Jawa Tengah,online,2023-04-24,10,88400.0,884000.0,4,Monday
1923,00011,1679,Jawa Timur,toko,2024-11-29,4,104800.0,419200.0,11,Friday
1924,00039,1279,Jawa Tengah,toko,2024-10-25,5,91900.0,459500.0,10,Friday
1925,00020,1636,Jawa Tengah,online,2023-04-14,3,118800.0,356400.0,4,Friday
1926,00004,1385,Jawa Barat,toko,2024-10-06,1,59000.0,59000.0,10,Sunday
1927,00032,1694,Jawa Barat,online,2023-09-13,7,137100.0,959700.0,9,Wednesday
1928,00015,1716,Jawa Tengah,toko,2023-12-27,5,90500.0,452500.0,12,Wednesday
1929,00043,1593,Yogyakarta,toko,2023-05-01,1,124900.0,124900.0,5,Monday
1930,00002,1612,Yogyakarta,toko,2024-06-17,9,138000.0,1242000.0,6,Monday
1931,00046,1105,Jawa Timur,toko,2024-08-04,7,77500.0,542500.0,8,Sunday
1932,00032,1004,Jawa Tengah,online,2023-06-06,2,199300.0,398600.0,6,Tuesday
1933,00044,1700,Jawa Timur,toko,2024-05-19,6,153900.0,923400.0,5,Sunday
1934,00023,1045,Jawa Barat,toko,2023-08-01,3,75700.0,227100.0,8,Tuesday
1935,00053,1030,Jawa Timur,toko,2024-07-02,10,270400.0,2704000.0,7,Tuesday
1936,00030,1795,Yogyakarta,online,2024-10-25,4,255900.0,1023600.0,10,Friday
1937,00059,1128,Jawa Tengah,toko,2024-04-10,10,39100.0,391000.0,4,Wednesday
1938,00018,1445,Yogyakarta,toko,2023-12-12,1,25800.0,25800.0,12,Tuesday
1939,00051,1030,Yogyakarta,online,2024-05-16,6,67000.0,402000.0,5,Thursday
1940,00039,1488,Yogyakarta,toko,2024-06-24,8,126700.0,1013600.0,6,Monday
1941,00055,1208,Jawa Barat,reseller,2023-06-03,4,166900.0,667600.0,6,Saturday
1942,00011,1282,Yogyakarta,online,2024-08-15,2,142400.0,284800.0,8,Thursday
1943,00031,1028,Yogyakarta,toko,2023-03-27,1,95800.0,95800.0,3,Monday
1944,00054,1665,Yogyakarta,online,2024-05-27,3,170300.0,510900.0,5,Monday
1945,00015,1788,Yogyakarta,toko,2023-08-16,2,146700.0,293400.0,8,Wednesday
1946,00057,1445,Jawa Timur,toko,2023-11-27,5,74700.0,373500.0,11,Monday
1947,00058,1163,Jawa Tengah,toko,2024-03-29,3,107700.0,323100.0,3,Friday
1948,00030,1474,Jawa Tengah,online,2023-10-05,9,180400.0,1623600.0,10,Thursday
1949,00043,1142,Jawa Barat,toko,2024-11-11,9,66500.0,598500.0,11,Monday
1950,00028,1199,Jawa Timur,reseller,2023-02-13,1,67000.0,67000.0,2,Monday
1951,00039,1615,Jawa Tengah,toko,2024-10-17,4,59300.0,237200.0,10,Thursday
1952,00051,1621,Jawa Tengah,reseller,2024-09-23,11,227900.0,2506900.0,9,Monday
1953,00044,1115,Jawa Tengah,reseller,2023-03-16,5,143500.0,717500.0,3,Thursday
1954,00018,1171,Yogyakarta,online,2024-05-20,6,158900.0,953400.0,5,Monday
1955,00035,1733,Jawa Tengah,toko,2024-11-19,3,77900.0,233700.0,11,Tuesday
1956,00048,1109,Jawa Timur,toko,2023-02-15,2,95700.0,191400.0,2,Wednesday
1957,00035,1346,Jawa Timur,online,2024-05-22,3,197500.0,592500.0,5,Wednesday
1958,00017,1477,Yogyakarta,toko,2024-08-31,2,82400.0,164800.0,8,Saturday
1959,00045,1027,Jawa Tengah,toko,2024-11-14,6,194000.0,1164000.0,11,Thursday
1960,00043,1665,Yogyakarta,toko,2023-07-27,6,95900.0,575400.0,7,Thursday
1961,00038,1573,Jawa Timur,toko,2024-11-04,7,95700.0,669900.0,11,Monday
1962,00020,1234,Yogyakarta,toko,2024-09-13,1,134200.0,134200.0,9,Friday
1963,00034,1799,Yogyakarta,reseller,2023-03-03,10,160500.0,1605000.0,3,Friday
1964,00036,1241,Jawa Tengah,toko,2023-04-20,2,271300.0,542600.0,4,Thursday
1965,00013,1617,Jawa Timur,toko,2024-08-02,3,79300.0,237900.0,8,Friday
1966,00055,1119,Jawa Timur,toko,2023-01-17,11,260900.0,2869900.0,1,Tuesday
1967,00036,1611,Yogyakarta,toko,2023-09-16,2,62300.0,124600.0,9,Saturday
1968,00004,1482,Jawa Tengah,toko,2024-09-18,10,58800.0,588000.0,9,Wednesday
1969,00016,1649,Yogyakarta,toko,2023-05-09,8,26300.0,210400.0,5,Tuesday
1970,00048,1616,Jawa Tengah,online,2024-10-11,7,159100.0,1113700.0,10,Friday
1971,00041,1515,Yogyakarta,toko,2024-08-21,5,231300.0,1156500.0,8,Wednesday
1972,00032,1100,Yogyakarta,online,2023-12-27,9,48300.0,434700.0,12,Wednesday
1973,00030,1366,Jawa Tengah,reseller,2024-01-28,10,80500.0,805000.0,1,Sunday
1974,00023,1428,Jawa Tengah,reseller,2024-10-28,2,83700.0,167400.0,10,Monday
1975,00056,1749,Jawa Barat,toko,2023-04-30,3,39200.0,117600.0,4,Sunday
1976,00021,1431,Jawa Timur,online,2023-03-07,4,101500.0,406000.0,3,Tuesday
1977,00050,1731,Yogyakarta,online,2023-06-18,4,116100.0,464400.0,6,Sunday
1978,00005,1085,Jawa Tengah,reseller,2023-04-20,1,72700.0,72700.0,4,Thursday
1979,00032,1270,Jawa Barat,toko,2024-02-23,3,53700.0,161100.0,2,Friday
1980,00016,1424,Jawa Timur,online,2024-12-09,7,105400.0,737800.0,12,Monday
1981,00025,1667,Jawa Tengah,online,2024-04-07,11,138100.0,1519100.0,4,Sunday
1982,00037,1217,Jawa Tengah,toko,2024-11-16,1,42600.0,42600.0,11,Saturday
1983,00004,1354,Jawa Tengah,online,2023-10-24,2,92000.0,184000.0,10,Tuesday
1984,00006,1159,Jawa Tengah,online,2024-05-22,2,135300.0,270600.0,5,Wednesday
1985,00035,1690,Jawa Barat,online,2024-09-24,8,18900.0,151200.0,9,Tuesday
1987,00004,1677,Yogyakarta,toko,2024-06-17,4,266500.0,1066000.0,6,Monday
1988,00057,1072,Yogyakarta,online,2024-06-05,1,46000.0,46000.0,6,Wednesday
1989,00026,1556,Jawa Barat,toko,2023-05-25,10,209600.0,2096000.0,5,Thursday
1990,00058,1274,Yogyakarta,online,2023-01-01,11,97500.0,1072500.0,1,Sunday
1991,00009,1430,Yogyakarta,toko,2023-01-25,3,139100.0,417300.0,1,Wednesday
1992,00053,1494,Yogyakarta,toko,2023-09-16,6,88900.0,533400.0,9,Saturday
1993,00039,1476,Jawa Tengah,toko,2024-11-19,4,50000.0,200000.0,11,Tuesday
1994,00048,1323,Jawa Tengah,online,2024-09-14,6,35800.0,214800.0,9,Saturday
1995,00048,1442,Yogyakarta,online,2024-12-26,5,97500.0,487500.0,12,Thursday
1996,00011,1014,Jawa Tengah,online,2023-06-16,2,44600.0,89200.0,6,Friday
1997,00010,1470,Yogyakarta,toko,2024-04-27,9,83300.0,749700.0,4,Saturday
1998,00058,1692,Jawa Tengah,toko,2023-04-04,5,225200.0,1126000.0,4,Tuesday
1999,00026,1717,Jawa Tengah,online,2024-09-19,3,116700.0,350100.0,9,Thursday
2000,00012,1191,Yogyakarta,toko,2023-12-25,4,108300.0,433200.0,12,Monday
2001,00038,1087,Jawa Timur,online,2024-11-30,6,30000.0,180000.0,11,Saturday
2002,00052,1329,Yogyakarta,toko,2024-05-06,8,68000.0,544000.0,5,Monday
2003,00017,1253,Jawa Timur,online,2024-03-27,5,44800.0,224000.0,3,Wednesday
2004,00052,1726,Yogyakarta,toko,2023-08-15,11,34200.0,376200.0,8,Tuesday
2005,00004,1569,Yogyakarta,reseller,2024-08-22,1,97500.0,97500.0,8,Thursday
2006,00037,1775,Jawa Tengah,toko,2024-08-20,4,159100.0,636400.0,8,Tuesday
2007,00023,1404,Yogyakarta,toko,2024-10-25,5,62300.0,311500.0,10,Friday
2008,00031,1731,Yogyakarta,toko,2024-10-24,1,66800.0,66800.0,10,Thursday
2009,00036,1563,Jawa Tengah,toko,2024-01-15,1,125900.0,125900.0,1,Monday
2010,00012,1328,Yogyakarta,online,2023-06-08,11,163900.0,1802900.0,6,Thursday
2011,00003,1022,Yogyakarta,online,2023-11-25,4,52700.0,210800.0,11,Saturday
2012,00031,1595,Yogyakarta,online,2023-10-08,6,194300.0,1165800.0,10,Sunday
2013,00057,1066,Yogyakarta,reseller,2024-06-07,6,169500.0,1017000.0,6,Friday
2014,00018,1678,Jawa Barat,online,2024-09-01,5,98100.0,490500.0,9,Sunday
2015,00034,1231,Jawa Tengah,online,2023-04-08,3,51000.0,153000.0,4,Saturday
2016,00008,1157,Jawa Tengah,toko,2024-01-02,9,136500.0,1228500.0,1,Tuesday
2017,00021,1505,Yogyakarta,toko,2023-03-26,10,146700.0,1467000.0,3,Sunday
2018,00008,1775,Jawa Barat,toko,2024-06-29,8,274600.0,2196800.0,6,Saturday
2019,00007,1561,Yogyakarta,toko,2023-12-02,9,68800.0,619200.0,12,Saturday
2020,00048,1081,Yogyakarta,online,2023-08-17,6,248000.0,1488000.0,8,Thursday
2021,00054,1242,Yogyakarta,toko,2024-05-02,2,79600.0,159200.0,5,Thursday
2022,00055,1526,Yogyakarta,toko,2024-08-20,2,133400.0,266800.0,8,Tuesday
2023,00044,1148,Jawa Tengah,toko,2024-08-31,8,91600.0,732800.0,8,Saturday
2024,00009,1191,Jawa Timur,toko,2024-09-01,9,102800.0,925200.0,9,Sunday
2025,00055,1394,Yogyakarta,toko,2024-09-03,4,231800.0,927200.0,9,Tuesday
2026,00001,1172,Jawa Barat,toko,2024-07-19,3,65500.0,196500.0,7,Friday
2027,00016,1425,Yogyakarta,toko,2023-08-21,8,159300.0,1274400.0,8,Monday
2028,00016,1109,Yogyakarta,toko,2024-10-03,7,83600.0,585200.0,10,Thursday
2029,00044,1234,Yogyakarta,toko,2023-12-11,9,95800.0,862200.0,12,Monday
2030,00008,1753,Jawa Barat,reseller,2023-10-13,3,64300.0,192900.0,10,Friday
2031,00058,1607,Yogyakarta,online,2023-06-27,3,110100.0,330300.0,6,Tuesday
2032,00012,1102,Jawa Tengah,online,2024-01-12,3,30300.0,90900.0,1,Friday
2033,00051,1250,Yogyakarta,toko,2023-12-16,3,84100.0,252300.0,12,Saturday
2034,00035,1729,Jawa Barat,reseller,2024-08-12,7,177500.0,1242500.0,8,Monday
2035,00015,1782,Jawa Barat,online,2023-11-22,10,160600.0,1606000.0,11,Wednesday
2036,00025,1132,Jawa Barat,toko,2024-06-11,9,37700.0,339300.0,6,Tuesday
2037,00007,1735,Jawa Timur,toko,2024-07-19,8,50700.0,405600.0,7,Friday
2038,00026,1263,Yogyakarta,online,2024-01-27,11,97500.0,1072500.0,1,Saturday
2039,00041,1111,Yogyakarta,toko,2024-07-03,9,295000.0,2655000.0,7,Wednesday
2040,00013,1169,Jawa Barat,online,2023-01-26,8,76200.0,609600.0,1,Thursday
2041,00057,1421,Jawa Tengah,reseller,2023-08-18,10,97500.0,975000.0,8,Friday
2042,00040,1790,Yogyakarta,reseller,2023-06-08,8,84800.0,678400.0,6,Thursday
2043,00022,1767,Jawa Tengah,reseller,2023-03-18,4,117300.0,469200.0,3,Saturday
2044,00018,1074,Jawa Tengah,toko,2023-11-28,7,57400.0,401800.0,11,Tuesday
2045,00046,1293,Yogyakarta,toko,2024-12-24,1,114200.0,114200.0,12,Tuesday
2047,00056,1758,Yogyakarta,toko,2023-12-14,3,181300.0,543900.0,12,Thursday
2048,00028,1240,Yogyakarta,online,2024-10-22,11,58400.0,642400.0,10,Tuesday
2049,00042,1197,Jawa Barat,online,2023-06-03,1,167000.0,167000.0,6,Saturday
2050,00054,1761,Jawa Tengah,reseller,2024-12-21,7,304900.0,2134300.0,12,Saturday
2051,00057,1305,Yogyakarta,toko,2023-10-21,3,156400.0,469200.0,10,Saturday
2052,00015,1600,Jawa Timur,toko,2023-10-08,1,147100.0,147100.0,10,Sunday
2054,00043,1211,Yogyakarta,online,2024-12-06,6,216300.0,1297800.0,12,Friday
2055,00025,1713,Yogyakarta,toko,2024-02-05,3,304300.0,912900.0,2,Monday
2056,00019,1407,Jawa Tengah,toko,2023-10-06,4,202000.0,808000.0,10,Friday
2057,00037,1419,Jawa Tengah,online,2024-01-30,7,132500.0,927500.0,1,Tuesday
2058,00053,1128,Jawa Tengah,toko,2023-05-13,2,160500.0,321000.0,5,Saturday
2059,00028,1205,Jawa Tengah,online,2024-10-22,2,579500.0,1159000.0,10,Tuesday
2060,00024,1325,Yogyakarta,toko,2024-11-08,8,64600.0,516800.0,11,Friday
2061,00045,1402,Jawa Tengah,online,2024-10-06,6,77500.0,465000.0,10,Sunday
2062,00030,1021,Jawa Tengah,toko,2023-03-19,9,188600.0,1697400.0,3,Sunday
2063,00019,1245,Yogyakarta,toko,2024-04-01,1,114500.0,114500.0,4,Monday
2064,00052,1545,Yogyakarta,toko,2023-12-14,10,27400.0,274000.0,12,Thursday
2065,00036,1461,Jawa Timur,toko,2023-09-18,6,112300.0,673800.0,9,Monday
2066,00040,1474,Jawa Tengah,toko,2024-07-19,10,120800.0,1208000.0,7,Friday
2067,00048,1707,Jawa Tengah,online,2024-10-14,9,56600.0,509400.0,10,Monday
2068,00006,1217,Jawa Tengah,online,2024-04-02,11,123200.0,1355200.0,4,Tuesday
2069,00051,1039,Jawa Tengah,reseller,2024-03-19,1,113800.0,113800.0,3,Tuesday
2070,00009,1010,Jawa Timur,toko,2024-09-13,3,33900.0,101700.0,9,Friday
2071,00001,1718,Yogyakarta,reseller,2024-05-24,4,133500.0,534000.0,5,Friday
2072,00059,1751,Jawa Barat,toko,2024-01-23,7,352000.0,2464000.0,1,Tuesday
2073,00017,1424,Jawa Timur,online,2024-02-13,7,277200.0,1940400.0,2,Tuesday
2074,00002,1099,Jawa Barat,toko,2023-11-22,5,50300.0,251500.0,11,Wednesday
2075,00042,1055,Yogyakarta,online,2024-08-14,11,44900.0,493900.0,8,Wednesday
2076,00018,1262,Jawa Tengah,online,2023-09-04,8,102000.0,816000.0,9,Monday
2077,00025,1087,Jawa Tengah,toko,2024-07-23,1,116200.0,116200.0,7,Tuesday
2078,00057,1020,Yogyakarta,reseller,2024-03-31,8,44500.0,356000.0,3,Sunday
2079,00034,1217,Jawa Tengah,toko,2024-08-02,6,63400.0,380400.0,8,Friday
2080,00001,1306,Yogyakarta,toko,2024-02-17,1,220600.0,220600.0,2,Saturday
2081,00041,1663,Jawa Tengah,toko,2024-09-24,11,113700.0,1250700.0,9,Tuesday
2082,00010,1321,Jawa Timur,online,2024-01-07,4,182200.0,728800.0,1,Sunday
2083,00019,1573,Jawa Barat,toko,2024-08-06,3,96500.0,289500.0,8,Tuesday
2084,00013,1426,Jawa Timur,online,2024-05-11,3,181000.0,543000.0,5,Saturday
2086,00006,1258,Jawa Timur,online,2024-01-05,1,72300.0,72300.0,1,Friday
2087,00032,1778,Jawa Tengah,online,2023-08-23,4,55900.0,223600.0,8,Wednesday
2088,00028,1199,Jawa Timur,toko,2024-05-21,3,95700.0,287100.0,5,Tuesday
2089,00033,1092,Jawa Tengah,online,2023-05-08,11,77700.0,854700.0,5,Monday
2090,00035,1628,Jawa Tengah,toko,2023-12-31,6,43900.0,263400.0,12,Sunday
2091,00007,1440,Jawa Tengah,reseller,2024-09-23,10,74400.0,744000.0,9,Monday
2093,00034,1133,Jawa Barat,reseller,2024-08-29,1,108900.0,108900.0,8,Thursday
2094,00007,1265,Jawa Tengah,toko,2023-05-29,2,124100.0,248200.0,5,Monday
2095,00048,1508,Yogyakarta,reseller,2023-09-01,9,77700.0,699300.0,9,Friday
2096,00048,1392,Jawa Tengah,toko,2023-09-20,9,94900.0,854100.0,9,Wednesday
2097,00032,1091,Jawa Tengah,online,2023-08-29,8,195300.0,1562400.0,8,Tuesday
2099,00026,1411,Jawa Timur,online,2023-04-30,7,99800.0,698600.0,4,Sunday
2101,00028,1462,Yogyakarta,toko,2023-07-15,10,50800.0,508000.0,7,Saturday
2102,00009,1067,Jawa Timur,reseller,2024-02-29,8,188300.0,1506400.0,2,Thursday
2103,00011,1109,Yogyakarta,online,2024-05-17,2,58600.0,117200.0,5,Friday
2104,00032,1258,Jawa Barat,online,2024-11-18,5,51600.0,258000.0,11,Monday
2105,00005,1562,Yogyakarta,online,2024-07-16,5,174400.0,872000.0,7,Tuesday
2106,00038,1336,Yogyakarta,toko,2024-02-12,8,47200.0,377600.0,2,Monday
2107,00019,1096,Jawa Tengah,toko,2024-09-24,9,176700.0,1590300.0,9,Tuesday
2108,00026,1206,Jawa Timur,online,2024-11-14,1,92300.0,92300.0,11,Thursday
2109,00053,1469,Yogyakarta,online,2024-05-26,7,67300.0,471100.0,5,Sunday
2110,00051,1671,Yogyakarta,toko,2024-06-23,11,28800.0,316800.0,6,Sunday
2111,00028,1187,Yogyakarta,reseller,2024-11-15,6,215700.0,1294200.0,11,Friday
2112,00024,1283,Jawa Tengah,toko,2024-10-14,5,33100.0,165500.0,10,Monday
2113,00048,1185,Jawa Tengah,online,2024-12-06,11,46900.0,515900.0,12,Friday
2114,00031,1336,Jawa Barat,online,2023-08-06,10,156300.0,1563000.0,8,Sunday
2115,00044,1367,Jawa Tengah,toko,2023-10-02,9,46600.0,419400.0,10,Monday
2116,00007,1375,Jawa Barat,toko,2024-12-27,5,132200.0,661000.0,12,Friday
2117,00042,1123,Jawa Timur,toko,2023-09-09,8,95500.0,764000.0,9,Saturday
2118,00034,1664,Jawa Barat,toko,2023-08-08,10,98250.0,982500.0,8,Tuesday
2119,00013,1449,Jawa Tengah,online,2024-04-29,6,51900.0,311400.0,4,Monday
2120,00046,1174,Jawa Timur,toko,2024-06-30,1,65800.0,65800.0,6,Sunday
2121,00032,1332,Jawa Tengah,toko,2023-09-15,5,115000.0,575000.0,9,Friday
2122,00044,1663,Jawa Timur,online,2024-03-28,4,54300.0,217200.0,3,Thursday
2123,00049,1584,Yogyakarta,toko,2023-04-19,1,142200.0,142200.0,4,Wednesday
2124,00016,1758,Jawa Barat,toko,2023-09-17,11,112500.0,1237500.0,9,Sunday
2125,00048,1450,Yogyakarta,toko,2024-08-28,4,134800.0,539200.0,8,Wednesday
2126,00059,1212,Jawa Tengah,toko,2023-03-17,1,112000.0,112000.0,3,Friday
2127,00031,1115,Yogyakarta,reseller,2023-12-03,7,136500.0,955500.0,12,Sunday
2128,00043,1135,Yogyakarta,toko,2023-02-03,10,122400.0,1224000.0,2,Friday
2129,00046,1428,Yogyakarta,online,2023-05-01,4,97500.0,390000.0,5,Monday
2130,00026,1630,Yogyakarta,toko,2023-01-08,5,122100.0,610500.0,1,Sunday
2131,00048,1537,Jawa Timur,online,2023-11-29,5,118200.0,591000.0,11,Wednesday
2132,00025,1250,Jawa Timur,reseller,2024-02-07,6,56400.0,338400.0,2,Wednesday
2133,00053,1226,Jawa Tengah,online,2024-04-07,3,101700.0,305100.0,4,Sunday
2134,00046,1181,Jawa Timur,online,2024-02-14,4,100500.0,402000.0,2,Wednesday
2135,00032,1225,Jawa Tengah,toko,2024-07-02,8,172800.0,1382400.0,7,Tuesday
2136,00011,1062,Jawa Timur,toko,2023-03-21,4,55900.0,223600.0,3,Tuesday
2137,00049,1135,Yogyakarta,reseller,2023-03-31,8,37700.0,301600.0,3,Friday
2138,00038,1491,Jawa Tengah,toko,2023-01-28,11,70300.0,773300.0,1,Saturday
2139,00034,1184,Yogyakarta,online,2024-09-23,1,97500.0,97500.0,9,Monday
2140,00043,1749,Jawa Tengah,online,2023-01-15,6,162300.0,973800.0,1,Sunday
2141,00059,1106,Yogyakarta,toko,2023-02-11,1,80400.0,80400.0,2,Saturday
2142,00031,1705,Jawa Timur,toko,2024-02-28,2,95700.0,191400.0,2,Wednesday
2143,00023,1674,Jawa Timur,toko,2023-02-04,10,93900.0,939000.0,2,Saturday
2144,00052,1471,Jawa Tengah,online,2024-07-04,9,146200.0,1315800.0,7,Thursday
2145,00039,1221,Yogyakarta,toko,2024-05-13,11,94400.0,1038400.0,5,Monday
2146,00028,1350,Jawa Tengah,toko,2024-10-17,3,89100000.0,267300000.0,10,Thursday
2147,00011,1502,Yogyakarta,toko,2024-05-07,2,72100.0,144200.0,5,Tuesday
2148,00028,1781,Yogyakarta,online,2023-12-09,6,163800.0,982800.0,12,Saturday
2149,00056,1227,Jawa Tengah,toko,2024-07-28,2,258800.0,517600.0,7,Sunday
2150,00017,1528,Jawa Tengah,reseller,2024-06-25,9,53800.0,484200.0,6,Tuesday
2151,00057,1668,Yogyakarta,online,2023-03-18,5,58000.0,290000.0,3,Saturday
2152,00055,1764,Jawa Tengah,reseller,2023-06-23,6,143600.0,861600.0,6,Friday
2153,00050,1281,Jawa Timur,online,2024-02-26,6,627500.0,3765000.0,2,Monday
2154,00019,1550,Jawa Tengah,toko,2023-02-05,2,131900.0,263800.0,2,Sunday
2155,00047,1415,Yogyakarta,toko,2024-07-04,9,97500.0,877500.0,7,Thursday
2156,00042,1557,Yogyakarta,toko,2024-02-25,9,212900.0,1916100.0,2,Sunday
2157,00053,1273,Yogyakarta,toko,2024-07-07,10,91100.0,911000.0,7,Sunday
2158,00025,1560,Yogyakarta,toko,2023-08-26,11,37100.0,408100.0,8,Saturday
2159,00037,1709,Jawa Timur,online,2023-05-11,3,55100.0,165300.0,5,Thursday
2160,00056,1100,Jawa Tengah,online,2023-10-20,8,218000.0,1744000.0,10,Friday
2161,00054,1706,Jawa Timur,toko,2024-01-29,2,35700.0,71400.0,1,Monday
2162,00056,1202,Yogyakarta,online,2023-03-25,11,41700.0,458700.0,3,Saturday
2163,00006,1026,Jawa Tengah,reseller,2023-12-18,9,159000.0,1431000.0,12,Monday
2164,00002,1052,Jawa Timur,toko,2024-05-19,6,95700.0,574200.0,5,Sunday
2165,00006,1408,Yogyakarta,toko,2024-03-27,8,97500.0,780000.0,3,Wednesday
2166,00059,1746,Yogyakarta,online,2024-10-06,3,51800.0,155400.0,10,Sunday
2167,00025,1134,Jawa Tengah,online,2023-05-15,9,62800.0,565200.0,5,Monday
2168,00036,1795,Jawa Timur,online,2024-06-26,4,79200.0,316800.0,6,Wednesday
2169,00025,1063,Jawa Barat,online,2024-09-13,5,46600.0,233000.0,9,Friday
2170,00005,1484,Yogyakarta,reseller,2023-04-10,9,84800.0,763200.0,4,Monday
2171,00054,1481,Yogyakarta,toko,2023-07-01,9,97500.0,877500.0,7,Saturday
2172,00030,1124,Jawa Barat,online,2023-07-18,11,163500.0,1798500.0,7,Tuesday
2173,00018,1689,Jawa Tengah,online,2024-06-27,8,92500.0,740000.0,6,Thursday
2174,00003,1099,Yogyakarta,online,2023-05-24,3,76700.0,230100.0,5,Wednesday
2175,00007,1121,Yogyakarta,toko,2024-04-01,10,131000.0,1310000.0,4,Monday
2176,00033,1356,Yogyakarta,online,2024-12-24,10,188800.0,1888000.0,12,Tuesday
2177,00046,1289,Jawa Barat,toko,2024-08-03,9,181400.0,1632600.0,8,Saturday
2178,00011,1312,Jawa Tengah,online,2023-10-12,9,115000.0,1035000.0,10,Thursday
2179,00032,1294,Jawa Timur,toko,2023-05-04,1,77700.0,77700.0,5,Thursday
2180,00022,1156,Jawa Timur,toko,2023-04-18,3,73500.0,220500.0,4,Tuesday
2181,00039,1484,Jawa Tengah,reseller,2024-12-14,1,44600.0,44600.0,12,Saturday
2182,00018,1071,Yogyakarta,online,2024-08-17,10,101500.0,1015000.0,8,Saturday
2183,00053,1460,Yogyakarta,toko,2024-06-28,1,96000.0,96000.0,6,Friday
2186,00049,1633,Jawa Tengah,toko,2023-02-27,2,152300.0,304600.0,2,Monday
2187,00039,1505,Jawa Tengah,toko,2023-10-23,6,213000.0,1278000.0,10,Monday
2188,00056,1050,Yogyakarta,reseller,2023-09-29,7,31900.0,223300.0,9,Friday
2189,00055,1318,Jawa Timur,toko,2024-01-14,2,66300.0,132600.0,1,Sunday
2190,00020,1247,Yogyakarta,online,2023-01-27,3,84600.0,253800.0,1,Friday
2191,00041,1251,Yogyakarta,online,2024-02-13,2,104700.0,209400.0,2,Tuesday
2192,00034,1240,Jawa Tengah,online,2023-12-01,6,49500.0,297000.0,12,Friday
2193,00026,1628,Yogyakarta,toko,2024-02-03,6,162800.0,976800.0,2,Saturday
2194,00001,1433,Yogyakarta,toko,2023-11-15,11,167400.0,1841400.0,11,Wednesday
2195,00049,1176,Yogyakarta,online,2024-12-20,2,131600.0,263200.0,12,Friday
2196,00022,1483,Yogyakarta,reseller,2023-08-17,3,146400.0,439200.0,8,Thursday
2198,00057,1328,Jawa Barat,toko,2024-02-11,7,192200.0,1345400.0,2,Sunday
2199,00024,1094,Yogyakarta,online,2024-10-15,3,67600.0,202800.0,10,Tuesday
2200,00008,1692,Yogyakarta,toko,2024-07-29,6,31600.0,189600.0,7,Monday
2201,00026,1705,Yogyakarta,toko,2023-02-22,11,105000.0,1155000.0,2,Wednesday
2202,00052,1312,Jawa Barat,online,2023-09-07,2,125500.0,251000.0,9,Thursday
2203,00045,1245,Jawa Timur,toko,2023-05-11,9,64800.0,583200.0,5,Thursday
2204,00039,1242,Jawa Timur,toko,2023-07-18,7,36200.0,253400.0,7,Tuesday
2205,00018,1391,Yogyakarta,online,2023-11-30,9,49000.0,441000.0,11,Thursday
2206,00018,1613,Jawa Tengah,toko,2024-04-09,3,89000.0,267000.0,4,Tuesday
2207,00016,1702,Yogyakarta,toko,2024-11-30,11,21400.0,235400.0,11,Saturday
2208,00046,1673,Jawa Barat,reseller,2023-11-03,10,180100.0,1801000.0,11,Friday
2209,00048,1515,Jawa Tengah,reseller,2024-07-09,1,177300.0,177300.0,7,Tuesday
2210,00018,1701,Yogyakarta,reseller,2023-07-09,10,97500.0,975000.0,7,Sunday
2211,00018,1051,Jawa Timur,online,2024-02-06,2,183500.0,367000.0,2,Tuesday
2212,00053,1135,Jawa Tengah,online,2024-11-21,6,88300.0,529800.0,11,Thursday
2213,00058,1252,Yogyakarta,toko,2023-03-01,9,49400.0,444600.0,3,Wednesday
2214,00005,1157,Yogyakarta,toko,2023-06-03,3,142200.0,426600.0,6,Saturday
2215,00016,1576,Jawa Tengah,toko,2024-09-15,10,136300.0,1363000.0,9,Sunday
2216,00008,1370,Yogyakarta,online,2023-10-19,2,56000.0,112000.0,10,Thursday
2217,00022,1172,Yogyakarta,toko,2024-04-03,4,41900.0,167600.0,4,Wednesday
2218,00045,1774,Jawa Barat,toko,2023-08-01,3,54100.0,162300.0,8,Tuesday
2219,00035,1208,Jawa Barat,toko,2023-08-12,2,196000.0,392000.0,8,Saturday
2220,00027,1496,Yogyakarta,online,2024-08-13,6,81200.0,487200.0,8,Tuesday
2221,00013,1473,Yogyakarta,toko,2023-04-26,7,523400.0,3663800.0,4,Wednesday
2223,00045,1679,Yogyakarta,toko,2023-05-25,7,139900.0,979300.0,5,Thursday
2224,00031,1261,Yogyakarta,online,2024-10-25,2,118100.0,236200.0,10,Friday
2225,00002,1356,Jawa Tengah,online,2023-02-22,8,85200.0,681600.0,2,Wednesday
2226,00018,1792,Jawa Tengah,online,2023-07-17,9,160600.0,1445400.0,7,Monday
2227,00041,1409,Yogyakarta,toko,2023-07-16,5,58300.0,291500.0,7,Sunday
2228,00033,1146,Yogyakarta,toko,2024-08-25,6,94200.0,565200.0,8,Sunday
2229,00044,1044,Yogyakarta,toko,2024-05-04,3,48300.0,144900.0,5,Saturday
2230,00044,1447,Jawa Tengah,toko,2024-05-02,11,26400.0,290400.0,5,Thursday
2231,00007,1125,Yogyakarta,toko,2023-11-07,10,101500.0,1015000.0,11,Tuesday
2232,00051,1539,Jawa Barat,toko,2023-03-24,5,49100.0,245500.0,3,Friday
2233,00036,1396,Jawa Timur,online,2023-06-10,7,44700.0,312900.0,6,Saturday
2234,00004,1647,Jawa Timur,toko,2023-07-02,6,95700.0,574200.0,7,Sunday
2235,00057,1051,Yogyakarta,toko,2024-11-12,8,88400.0,707200.0,11,Tuesday
2236,00035,1650,Yogyakarta,toko,2024-09-04,9,122700.0,1104300.0,9,Wednesday
2237,00015,1678,Jawa Barat,toko,2024-05-30,6,274300.0,1645800.0,5,Thursday
2238,00059,1309,Yogyakarta,reseller,2023-11-14,5,108500.0,542500.0,11,Tuesday
2239,00002,1477,Jawa Tengah,toko,2023-09-25,7,127800.0,894600.0,9,Monday
2240,00028,1216,Jawa Tengah,online,2023-04-28,9,47800.0,430200.0,4,Friday
2241,00003,1449,Jawa Tengah,toko,2023-04-14,9,160900.0,1448100.0,4,Friday
2242,00046,1783,Jawa Timur,toko,2023-04-05,6,162400.0,974400.0,4,Wednesday
2243,00046,1033,Yogyakarta,reseller,2024-05-28,6,52000.0,312000.0,5,Tuesday
2244,00006,1442,Yogyakarta,online,2023-08-01,2,144400.0,288800.0,8,Tuesday
2245,00018,1504,Jawa Tengah,toko,2023-05-17,8,118000.0,944000.0,5,Wednesday
2246,00052,1225,Jawa Barat,toko,2024-04-17,10,85800.0,858000.0,4,Wednesday
2247,00016,1135,Jawa Timur,reseller,2023-07-01,9,102600.0,923400.0,7,Saturday
2248,00035,1110,Jawa Timur,reseller,2023-04-09,10,416000.0,4160000.0,4,Sunday
2249,00033,1086,Yogyakarta,toko,2024-10-20,8,66200.0,529600.0,10,Sunday
2250,00053,1642,Jawa Barat,online,2023-04-25,2,79900.0,159800.0,4,Tuesday
2251,00044,1433,Yogyakarta,toko,2023-01-07,8,103700.0,829600.0,1,Saturday
2252,00047,1678,Yogyakarta,toko,2024-09-15,4,87600.0,350400.0,9,Sunday
2253,00006,1353,Jawa Timur,reseller,2024-07-18,8,32700.0,261600.0,7,Thursday
2254,00052,1455,Yogyakarta,toko,2023-07-12,7,143800.0,1006600.0,7,Wednesday
2255,00027,1754,Jawa Tengah,toko,2024-10-21,4,169500.0,678000.0,10,Monday
2257,00006,1403,Jawa Timur,reseller,2024-09-15,9,69600.0,626400.0,9,Sunday
2258,00043,1527,Jawa Tengah,reseller,2024-08-31,5,45800.0,229000.0,8,Saturday
2259,00053,1514,Jawa Tengah,online,2024-03-03,10,144600.0,1446000.0,3,Sunday
2260,00012,1784,Yogyakarta,online,2024-06-29,1,52700.0,52700.0,6,Saturday
2261,00018,1659,Yogyakarta,online,2024-08-16,7,97400.0,681800.0,8,Friday
2262,00016,1462,Yogyakarta,toko,2024-04-03,6,76600.0,459600.0,4,Wednesday
2263,00053,1448,Jawa Tengah,reseller,2023-08-29,3,109400.0,328200.0,8,Tuesday
2264,00020,1629,Yogyakarta,online,2023-11-25,6,74700.0,448200.0,11,Saturday
2265,00039,1603,Jawa Tengah,reseller,2024-08-07,7,148400.0,1038800.0,8,Wednesday
2266,00035,1705,Jawa Tengah,online,2024-05-29,11,56200.0,618200.0,5,Wednesday
2267,00025,1796,Yogyakarta,online,2023-01-18,2,407400.0,814800.0,1,Wednesday
2268,00038,1605,Jawa Timur,online,2023-09-24,9,155900.0,1403100.0,9,Sunday
2269,00013,1126,Jawa Barat,online,2023-10-23,7,67100.0,469700.0,10,Monday
2270,00055,1389,Yogyakarta,online,2024-07-11,3,54800.0,164400.0,7,Thursday
2271,00055,1042,Jawa Tengah,online,2024-04-23,2,87300.0,174600.0,4,Tuesday
2272,00001,1142,Jawa Barat,toko,2024-05-24,8,73700.0,589600.0,5,Friday
2273,00029,1154,Yogyakarta,toko,2024-10-14,9,59500.0,535500.0,10,Monday
2274,00012,1557,Jawa Tengah,toko,2023-03-25,11,225600.0,2481600.0,3,Saturday
2275,00027,1296,Yogyakarta,reseller,2024-05-10,7,175000.0,1225000.0,5,Friday
2276,00022,1665,Jawa Tengah,toko,2023-01-06,2,51000.0,102000.0,1,Friday
2277,00052,1500,Yogyakarta,toko,2023-04-03,2,136700.0,273400.0,4,Monday
2278,00049,1770,Yogyakarta,online,2024-04-29,6,98600.0,591600.0,4,Monday
2279,00017,1021,Yogyakarta,reseller,2023-11-23,7,155200.0,1086400.0,11,Thursday
2280,00033,1121,Yogyakarta,reseller,2023-12-14,2,65800.0,131600.0,12,Thursday
2281,00024,1652,Jawa Timur,reseller,2024-12-14,11,351000.0,3861000.0,12,Saturday
2282,00031,1090,Yogyakarta,reseller,2024-03-19,3,97500.0,292500.0,3,Tuesday
2283,00054,1226,Yogyakarta,toko,2024-07-18,1,323800.0,323800.0,7,Thursday
2284,00045,1508,Jawa Timur,online,2024-04-30,6,73700.0,442200.0,4,Tuesday
2285,00004,1341,Yogyakarta,online,2024-01-19,7,219800.0,1538600.0,1,Friday
2286,00039,1661,Jawa Tengah,online,2023-12-09,1,91800.0,91800.0,12,Saturday
2287,00046,1094,Yogyakarta,toko,2023-08-26,11,266000.0,2926000.0,8,Saturday
2288,00018,1061,Yogyakarta,toko,2023-04-07,6,87800.0,526800.0,4,Friday
2289,00044,1707,Jawa Barat,reseller,2023-03-10,4,51700.0,206800.0,3,Friday
2290,00006,1491,Jawa Tengah,online,2024-02-28,4,51400.0,205600.0,2,Wednesday
2291,00006,1116,Jawa Barat,reseller,2023-09-24,11,66900.0,735900.0,9,Sunday
2292,00028,1213,Jawa Barat,toko,2023-07-31,1,140800.0,140800.0,7,Monday
2293,00025,1145,Jawa Tengah,toko,2024-10-27,1,122700.0,122700.0,10,Sunday
2294,00052,1799,Jawa Tengah,online,2024-01-01,6,105300.0,631800.0,1,Monday
2295,00049,1248,Jawa Timur,online,2023-08-24,8,185400.0,1483200.0,8,Thursday
2296,00036,1289,Yogyakarta,online,2023-01-21,3,262000.0,786000.0,1,Saturday
2297,00033,1799,Jawa Tengah,toko,2024-05-31,8,53700.0,429600.0,5,Friday
2298,00004,1065,Yogyakarta,toko,2024-12-01,3,179300.0,537900.0,12,Sunday
2299,00012,1681,Jawa Tengah,online,2023-07-12,9,393200.0,3538800.0,7,Wednesday
2300,00026,1626,Jawa Tengah,reseller,2023-05-14,11,67700.0,744700.0,5,Sunday
2301,00026,1082,Jawa Barat,toko,2023-04-24,11,69900.0,768900.0,4,Monday
2302,00023,1240,Yogyakarta,reseller,2024-12-25,5,97500.0,487500.0,12,Wednesday
2303,00030,1718,Jawa Timur,toko,2024-03-06,1,112700.0,112700.0,3,Wednesday
2304,00035,1335,Jawa Barat,online,2024-08-01,7,71100.0,497700.0,8,Thursday
2305,00024,1590,Jawa Barat,toko,2023-10-10,1,94100.0,94100.0,10,Tuesday
2306,00035,1104,Jawa Barat,online,2023-10-09,2,258000.0,516000.0,10,Monday
2307,00007,1621,Yogyakarta,toko,2023-09-03,5,170100.0,850500.0,9,Sunday
2308,00057,1264,Yogyakarta,toko,2024-02-17,11,60500.0,665500.0,2,Saturday
2309,00031,1198,Yogyakarta,toko,2023-04-14,4,35300.0,141200.0,4,Friday
2310,00020,1106,Jawa Tengah,online,2023-06-09,7,50600.0,354200.0,6,Friday
2311,00027,1630,Yogyakarta,toko,2023-08-09,1,109500.0,109500.0,8,Wednesday
2312,00025,1205,Yogyakarta,online,2023-01-10,4,61400.0,245600.0,1,Tuesday
2313,00017,1476,Yogyakarta,toko,2023-11-14,11,59300.0,652300.0,11,Tuesday
2314,00037,1462,Yogyakarta,reseller,2023-12-27,8,151500.0,1212000.0,12,Wednesday
2315,00053,1302,Jawa Tengah,toko,2023-07-09,11,82900.0,911900.0,7,Sunday
2316,00053,1239,Yogyakarta,toko,2023-02-21,8,78200.0,625600.0,2,Tuesday
2317,00010,1011,Jawa Tengah,toko,2024-04-24,9,101700.0,915300.0,4,Wednesday
2318,00042,1533,Yogyakarta,online,2023-05-10,6,234800.0,1408800.0,5,Wednesday
2319,00045,1395,Jawa Timur,toko,2024-07-13,6,118200.0,709200.0,7,Saturday
2320,00028,1720,Jawa Tengah,online,2023-02-17,5,148800.0,744000.0,2,Friday
2321,00041,1162,Jawa Tengah,toko,2023-04-19,4,103300.0,413200.0,4,Wednesday
2322,00049,1461,Yogyakarta,toko,2024-02-08,2,249200.0,498400.0,2,Thursday
2323,00007,1035,Jawa Barat,online,2024-07-01,4,47100.0,188400.0,7,Monday
2324,00029,1022,Jawa Tengah,reseller,2024-05-01,9,50200.0,451800.0,5,Wednesday
2325,00002,1368,Yogyakarta,reseller,2024-01-04,6,72500.0,435000.0,1,Thursday
2326,00057,1767,Jawa Timur,online,2024-12-02,1,331900.0,331900.0,12,Monday
2327,00032,1534,Jawa Barat,toko,2023-10-01,4,248500.0,994000.0,10,Sunday
2328,00017,1158,Jawa Tengah,toko,2023-06-27,1,50900.0,50900.0,6,Tuesday
2329,00004,1704,Jawa Tengah,online,2024-06-22,10,74800.0,748000.0,6,Saturday
2330,00008,1276,Yogyakarta,online,2024-09-03,7,136900.0,958300.0,9,Tuesday
2331,00017,1296,Yogyakarta,toko,2024-01-26,11,102700.0,1129700.0,1,Friday
2334,00018,1495,Jawa Tengah,online,2023-01-10,10,36500.0,365000.0,1,Tuesday
2335,00021,1291,Jawa Tengah,toko,2023-04-02,8,142700.0,1141600.0,4,Sunday
2336,00050,1273,Jawa Tengah,toko,2023-09-24,3,208700.0,626100.0,9,Sunday
2337,00006,1123,Jawa Barat,reseller,2023-03-09,6,98250.0,589500.0,3,Thursday
2338,00036,1352,Jawa Timur,online,2024-12-16,9,32000.0,288000.0,12,Monday
2339,00036,1780,Yogyakarta,reseller,2024-11-10,1,75100.0,75100.0,11,Sunday
2340,00031,1501,Yogyakarta,toko,2024-06-17,3,32200.0,96600.0,6,Monday
2341,00050,1316,Jawa Tengah,reseller,2024-11-07,11,127600.0,1403600.0,11,Thursday
2342,00006,1365,Yogyakarta,toko,2024-05-03,3,49200.0,147600.0,5,Friday
2343,00017,1152,Jawa Tengah,online,2023-01-05,6,153800.0,922800.0,1,Thursday
2344,00047,1226,Jawa Barat,online,2024-05-26,6,80300.0,481800.0,5,Sunday
2345,00018,1464,Jawa Timur,toko,2023-04-19,3,95700.0,287100.0,4,Wednesday
2346,00004,1328,Jawa Tengah,toko,2024-11-30,7,146700.0,1026900.0,11,Saturday
2347,00027,1019,Jawa Timur,toko,2024-04-08,1,87300.0,87300.0,4,Monday
2348,00057,1307,Yogyakarta,online,2024-01-29,6,53700.0,322200.0,1,Monday
2349,00047,1425,Yogyakarta,toko,2023-01-19,11,170800.0,1878800.0,1,Thursday
2350,00052,1233,Jawa Tengah,toko,2023-04-10,11,40900.0,449900.0,4,Monday
2351,00017,1405,Jawa Barat,reseller,2023-12-30,6,98250.0,589500.0,12,Saturday
2352,00018,1480,Yogyakarta,toko,2023-02-06,6,68500.0,411000.0,2,Monday
2353,00010,1230,Yogyakarta,online,2024-03-15,3,97500.0,292500.0,3,Friday
2354,00008,1409,Jawa Tengah,reseller,2024-02-19,4,125100.0,500400.0,2,Monday
2355,00017,1257,Jawa Tengah,reseller,2024-01-16,6,126800.0,760800.0,1,Tuesday
2356,00053,1329,Jawa Tengah,toko,2023-05-10,6,133700.0,802200.0,5,Wednesday
2357,00040,1409,Yogyakarta,reseller,2024-02-02,7,40900.0,286300.0,2,Friday
2358,00029,1567,Jawa Timur,online,2024-11-13,3,58200.0,174600.0,11,Wednesday
2359,00028,1057,Jawa Tengah,online,2024-03-23,8,121200.0,969600.0,3,Saturday
2360,00008,1650,Yogyakarta,toko,2024-12-13,8,123400.0,987200.0,12,Friday
2361,00029,1604,Yogyakarta,toko,2023-12-25,7,93400.0,653800.0,12,Monday
2362,00030,1519,Jawa Barat,online,2024-02-17,2,214600.0,429200.0,2,Saturday
2363,00046,1152,Jawa Timur,reseller,2023-08-25,7,88800.0,621600.0,8,Friday
2364,00015,1272,Jawa Barat,toko,2024-03-22,6,98250.0,589500.0,3,Friday
2365,00051,1593,Yogyakarta,reseller,2023-06-06,8,189400.0,1515200.0,6,Tuesday
2366,00025,1749,Jawa Barat,online,2023-04-05,2,121700.0,243400.0,4,Wednesday
2367,00004,1782,Jawa Tengah,toko,2024-11-18,6,88000.0,528000.0,11,Monday
2368,00038,1083,Jawa Timur,reseller,2024-08-15,8,154000.0,1232000.0,8,Thursday
2369,00036,1546,Jawa Tengah,toko,2024-06-03,2,129300.0,258600.0,6,Monday
2370,00055,1644,Yogyakarta,toko,2023-11-07,4,143300.0,573200.0,11,Tuesday
2371,00033,1597,Yogyakarta,online,2023-05-04,9,58800.0,529200.0,5,Thursday
2372,00048,1337,Jawa Barat,reseller,2024-07-04,9,130800.0,1177200.0,7,Thursday
2373,00015,1570,Jawa Barat,toko,2024-01-19,6,257100.0,1542600.0,1,Friday
2374,00010,1317,Jawa Tengah,toko,2023-11-09,2,83500.0,167000.0,11,Thursday
2375,00038,1110,Jawa Tengah,toko,2024-02-29,9,107500.0,967500.0,2,Thursday
2376,00029,1674,Jawa Timur,toko,2024-08-08,6,85800.0,514800.0,8,Thursday
2377,00047,1114,Jawa Barat,toko,2023-11-09,5,167800.0,839000.0,11,Thursday
2378,00030,1524,Jawa Tengah,online,2023-03-30,10,28800.0,288000.0,3,Thursday
2380,00059,1779,Yogyakarta,toko,2024-12-12,9,134600.0,1211400.0,12,Thursday
2381,00058,1288,Jawa Barat,toko,2023-04-01,5,86500.0,432500.0,4,Saturday
2382,00006,1702,Jawa Timur,toko,2024-05-14,3,116700.0,350100.0,5,Tuesday
2383,00058,1237,Yogyakarta,reseller,2023-06-23,6,91940400.00000022,551642400.0,6,Friday
2384,00031,1093,Jawa Tengah,toko,2023-09-09,2,123800.0,247600.0,9,Saturday
2386,00054,1402,Yogyakarta,toko,2023-10-28,7,203700.0,1425900.0,10,Saturday
2387,00010,1799,Jawa Tengah,online,2023-08-15,5,101700.0,508500.0,8,Tuesday
2388,00024,1614,Yogyakarta,online,2023-06-06,11,154700.0,1701700.0,6,Tuesday
2389,00050,1334,Jawa Timur,reseller,2023-12-18,10,239900.0,2399000.0,12,Monday
2390,00016,1066,Yogyakarta,online,2024-01-08,5,139000.0,695000.0,1,Monday
2391,00056,1300,Jawa Tengah,toko,2023-09-24,1,68600.0,68600.0,9,Sunday
2392,00033,1433,Jawa Tengah,toko,2024-10-15,8,101700.0,813600.0,10,Tuesday
2393,00031,1374,Jawa Barat,reseller,2024-10-05,10,336200.0,3362000.0,10,Saturday
2394,00019,1794,Jawa Barat,toko,2023-12-15,8,82200.0,657600.0,12,Friday
2395,00008,1233,Jawa Tengah,reseller,2024-07-30,11,130400.0,1434400.0,7,Tuesday
2396,00055,1191,Yogyakarta,toko,2023-08-31,11,128500.0,1413500.0,8,Thursday
2397,00001,1230,Jawa Timur,reseller,2023-06-12,1,168800.0,168800.0,6,Monday
2398,00006,1093,Yogyakarta,toko,2023-12-04,5,77900.0,389500.0,12,Monday
2399,00005,1099,Yogyakarta,online,2024-01-07,10,98400.0,984000.0,1,Sunday
2400,00013,1231,Jawa Timur,toko,2023-11-01,1,319900.0,319900.0,11,Wednesday
2401,00044,1174,Yogyakarta,toko,2024-03-15,5,150600.0,753000.0,3,Friday
2402,00005,1275,Yogyakarta,online,2023-11-06,2,68900.0,137800.0,11,Monday
2403,00009,1601,Yogyakarta,toko,2023-08-11,3,159500.0,478500.0,8,Friday
2404,00043,1228,Yogyakarta,toko,2024-01-13,11,103500.0,1138500.0,1,Saturday
2405,00002,1642,Yogyakarta,online,2024-10-07,6,249400.0,1496400.0,10,Monday
2406,00018,1345,Jawa Timur,online,2024-06-09,3,38100.0,114300.0,6,Sunday
2407,00049,1118,Yogyakarta,toko,2024-03-06,3,97500.0,292500.0,3,Wednesday
2408,00054,1666,Yogyakarta,toko,2024-06-07,7,179000.0,1253000.0,6,Friday
2409,00030,1188,Yogyakarta,toko,2024-01-22,7,46800.0,327600.0,1,Monday
2410,00053,1413,Jawa Tengah,toko,2023-01-21,8,63900.0,511200.0,1,Saturday
2411,00053,1002,Yogyakarta,toko,2023-08-05,7,132400.0,926800.0,8,Saturday
2412,00056,1471,Jawa Timur,toko,2024-11-17,10,102000.0,1020000.0,11,Sunday
2413,00015,1572,Jawa Tengah,toko,2023-05-07,10,83300.0,833000.0,5,Sunday
2414,00016,1087,Jawa Tengah,toko,2023-09-15,5,119800.0,599000.0,9,Friday
2415,00039,1354,Yogyakarta,reseller,2023-09-30,1,43600.0,43600.0,9,Saturday
2416,00001,1051,Yogyakarta,reseller,2023-11-18,3,60500.0,181500.0,11,Saturday
2417,00016,1515,Jawa Barat,reseller,2024-10-15,8,279600.0,2236800.0,10,Tuesday
2418,00023,1760,Yogyakarta,toko,2024-01-12,10,67900.0,679000.0,1,Friday
2419,00053,1545,Jawa Tengah,toko,2023-04-24,1,129400.0,129400.0,4,Monday
2420,00057,1277,Jawa Tengah,online,2024-10-24,7,96700.0,676900.0,10,Thursday
2421,00021,1553,Jawa Tengah,online,2023-10-15,9,166400.0,1497600.0,10,Sunday
2422,00046,1757,Jawa Barat,toko,2023-01-31,11,98250.0,1080750.0,1,Tuesday
2423,00033,1433,Yogyakarta,toko,2024-12-04,8,126900.0,1015200.0,12,Wednesday
2424,00004,1268,Jawa Tengah,reseller,2024-09-07,9,199600.0,1796400.0,9,Saturday
2425,00024,1122,Jawa Tengah,online,2024-04-18,1,121000.0,121000.0,4,Thursday
2426,00042,1511,Jawa Tengah,reseller,2024-05-09,8,36300.0,290400.0,5,Thursday
2427,00042,1764,Jawa Barat,toko,2024-01-24,1,67400.0,67400.0,1,Wednesday
2428,00055,1529,Jawa Tengah,toko,2024-01-27,6,233100.0,1398600.0,1,Saturday
2429,00038,1732,Jawa Timur,online,2024-11-08,1,187600.0,187600.0,11,Friday
2430,00058,1071,Yogyakarta,toko,2023-10-22,1,87000.0,87000.0,10,Sunday
2431,00027,1095,Yogyakarta,toko,2023-02-18,7,38800.0,271600.0,2,Saturday
2432,00043,1056,Jawa Tengah,toko,2024-01-27,10,65300.0,653000.0,1,Saturday
2433,00037,1724,Jawa Tengah,toko,2023-05-11,7,343900.0,2407300.0,5,Thursday
2434,00051,1353,Yogyakarta,toko,2024-05-26,4,203400.0,813600.0,5,Sunday
2435,00055,1509,Jawa Tengah,toko,2024-11-05,7,206300.0,1444100.0,11,Tuesday
2437,00057,1025,Jawa Timur,online,2024-03-09,6,44600.0,267600.0,3,Saturday
2438,00022,1236,Jawa Timur,toko,2024-11-07,9,70300.0,632700.0,11,Thursday
2439,00059,1649,Jawa Tengah,reseller,2023-06-20,3,44600.0,133800.0,6,Tuesday
2440,00006,1156,Yogyakarta,online,2024-02-19,11,106600.0,1172600.0,2,Monday
2441,00022,1662,Jawa Tengah,reseller,2023-09-27,3,52200.0,156600.0,9,Wednesday
2442,00043,1250,Jawa Tengah,toko,2023-12-01,9,132200.0,1189800.0,12,Friday
2443,00037,1585,Yogyakarta,online,2023-08-20,5,97500.0,487500.0,8,Sunday
2444,00009,1364,Jawa Timur,online,2024-10-24,2,95700.0,191400.0,10,Thursday
2445,00041,1256,Jawa Tengah,online,2023-08-29,1,146900.0,146900.0,8,Tuesday
2446,00023,1249,Yogyakarta,reseller,2023-01-21,4,130100.0,520400.0,1,Saturday
2447,00047,1235,Yogyakarta,toko,2024-04-12,9,107700.0,969300.0,4,Friday
2448,00059,1268,Jawa Barat,online,2024-10-20,4,80300.0,321200.0,10,Sunday
2449,00012,1404,Yogyakarta,reseller,2023-12-13,8,96800.0,774400.0,12,Wednesday
2450,00034,1388,Yogyakarta,online,2023-12-22,4,31800.0,127200.0,12,Friday
2451,00002,1532,Jawa Barat,toko,2024-06-13,6,31200.0,187200.0,6,Thursday
2452,00031,1546,Jawa Barat,online,2023-04-12,8,66700.0,533600.0,4,Wednesday
2453,00050,1307,Yogyakarta,toko,2023-05-21,9,108100.0,972900.0,5,Sunday
2454,00056,1033,Yogyakarta,online,2024-05-22,8,283300.0,2266400.0,5,Wednesday
2455,00047,1429,Yogyakarta,online,2023-12-23,7,126100.0,882700.0,12,Saturday
2456,00017,1798,Jawa Tengah,online,2023-07-03,4,55400.0,221600.0,7,Monday
2457,00023,1731,Yogyakarta,online,2023-12-22,2,74700.0,149400.0,12,Friday
2458,00059,1344,Jawa Barat,toko,2023-12-16,5,47100.0,235500.0,12,Saturday
2459,00047,1741,Yogyakarta,toko,2023-09-22,9,97000.0,873000.0,9,Friday
2460,00054,1738,Jawa Timur,toko,2024-01-28,4,94400.0,377600.0,1,Sunday
2461,00015,1293,Jawa Barat,toko,2023-12-29,5,97300.0,486500.0,12,Friday
2462,00022,1005,Jawa Tengah,online,2024-12-08,3,116800.0,350400.0,12,Sunday
2463,00049,1449,Jawa Tengah,toko,2023-09-21,2,184300.0,368600.0,9,Thursday
2464,00020,1045,Yogyakarta,toko,2024-05-12,8,149200.0,1193600.0,5,Sunday
2465,00045,1607,Jawa Tengah,online,2024-07-02,9,50200.0,451800.0,7,Tuesday
2466,00008,1079,Jawa Tengah,toko,2023-11-27,9,164000.0,1476000.0,11,Monday
2467,00004,1135,Jawa Tengah,reseller,2023-10-03,2,54600.0,109200.0,10,Tuesday
2468,00055,1730,Jawa Tengah,reseller,2024-04-19,8,124800.0,998400.0,4,Friday
2469,00018,1455,Jawa Tengah,toko,2023-04-25,2,105300.0,210600.0,4,Tuesday
2470,00011,1329,Yogyakarta,online,2024-04-23,11,269200.0,2961200.0,4,Tuesday
2472,00001,1677,Yogyakarta,reseller,2023-04-19,11,94100.0,1035100.0,4,Wednesday
2473,00045,1399,Yogyakarta,online,2023-11-10,8,84700.0,677600.0,11,Friday
2474,00053,1555,Jawa Barat,toko,2023-10-07,11,98250.0,1080750.0,10,Saturday
2475,00001,1037,Jawa Tengah,toko,2024-07-10,7,119700.0,837900.0,7,Wednesday
2476,00036,1070,Jawa Tengah,online,2023-05-09,9,85100.0,765900.0,5,Tuesday
2477,00022,1554,Jawa Tengah,online,2023-05-05,5,163200.0,816000.0,5,Friday
2478,00040,1289,Yogyakarta,online,2023-03-28,5,346400.0,1732000.0,3,Tuesday
2479,00042,1617,Jawa Timur,toko,2024-08-31,8,95700.0,765600.0,8,Saturday
2480,00044,1265,Jawa Tengah,reseller,2023-09-01,9,242300.0,2180700.0,9,Friday
2481,00003,1219,Jawa Timur,online,2023-04-26,8,72700.0,581600.0,4,Wednesday
2482,00003,1362,Jawa Tengah,toko,2023-01-28,11,94500.0,1039500.0,1,Saturday
2483,00056,1088,Jawa Tengah,toko,2024-04-16,5,109900.0,549500.0,4,Tuesday
2484,00006,1603,Jawa Barat,toko,2023-05-17,4,36500.0,146000.0,5,Wednesday
2485,00030,1497,Yogyakarta,online,2024-05-23,2,276300.0,552600.0,5,Thursday
2486,00030,1066,Jawa Tengah,toko,2023-05-15,4,42700.0,170800.0,5,Monday
2487,00023,1745,Jawa Tengah,reseller,2024-01-04,5,126700.0,633500.0,1,Thursday
2488,00003,1741,Yogyakarta,toko,2024-02-01,1,48200.0,48200.0,2,Thursday
2489,00010,1557,Jawa Tengah,toko,2024-09-14,4,107700.0,430800.0,9,Saturday
2490,00030,1381,Yogyakarta,online,2023-11-08,10,97500.0,975000.0,11,Wednesday
2491,00007,1367,Jawa Tengah,toko,2023-09-01,2,136200.0,272400.0,9,Friday
2492,00044,1292,Yogyakarta,reseller,2023-03-21,9,60200.0,541800.0,3,Tuesday
2493,00051,1481,Yogyakarta,online,2023-04-22,11,68200.0,750200.0,4,Saturday
2494,00039,1558,Jawa Barat,reseller,2024-12-27,2,173200.0,346400.0,12,Friday
2495,00049,1690,Yogyakarta,toko,2024-05-08,9,96300.0,866700.0,5,Wednesday
2496,00037,1221,Yogyakarta,toko,2024-07-02,5,107200.0,536000.0,7,Tuesday
2497,00041,1638,Jawa Tengah,toko,2024-04-05,4,174100.0,696400.0,4,Friday
2498,00003,1569,Yogyakarta,reseller,2024-05-15,4,22700.0,90800.0,5,Wednesday
2499,00033,1522,Jawa Tengah,toko,2023-06-09,7,101700.0,711900.0,6,Friday
2500,00014,1332,Jawa Barat,online,2024-04-16,4,211000.0,844000.0,4,Tuesday
2501,00011,1760,Yogyakarta,online,2024-02-03,6,287100.0,1722600.0,2,Saturday
2502,00053,1382,Yogyakarta,reseller,2024-06-16,5,150200.0,751000.0,6,Sunday
2503,00049,1319,Yogyakarta,online,2023-02-11,6,65000.0,390000.0,2,Saturday
2504,00008,1151,Jawa Tengah,toko,2023-05-24,11,177300.0,1950300.0,5,Wednesday
2505,00059,1335,Jawa Tengah,toko,2023-10-23,2,302800.0,605600.0,10,Monday
2506,00032,1162,Jawa Barat,toko,2024-06-16,4,68800.0,275200.0,6,Sunday
2507,00037,1231,Yogyakarta,toko,2023-05-02,5,65500.0,327500.0,5,Tuesday
2508,00003,1689,Jawa Barat,toko,2023-09-26,7,91800.0,642600.0,9,Tuesday
2509,00053,1598,Yogyakarta,online,2023-06-21,4,78700.0,314800.0,6,Wednesday
2510,00056,1461,Yogyakarta,online,2023-05-29,9,30100.0,270900.0,5,Monday
2511,00046,1762,Jawa Tengah,online,2024-08-26,1,24800.0,24800.0,8,Monday
2512,00011,1337,Jawa Tengah,toko,2023-08-02,8,46300.0,370400.0,8,Wednesday
2513,00032,1315,Jawa Barat,toko,2024-04-19,7,98250.0,687750.0,4,Friday
2514,00025,1619,Yogyakarta,online,2024-08-28,1,129500.0,129500.0,8,Wednesday
2515,00024,1173,Jawa Tengah,online,2023-09-10,6,73400.0,440400.0,9,Sunday
2516,00033,1729,Jawa Tengah,online,2023-10-29,4,111300.0,445200.0,10,Sunday
2517,00043,1029,Jawa Tengah,reseller,2023-10-10,1,224500.0,224500.0,10,Tuesday
2518,00043,1127,Yogyakarta,toko,2024-10-02,10,585700.0,5857000.0,10,Wednesday
2519,00015,1453,Yogyakarta,toko,2023-10-02,5,168000.0,840000.0,10,Monday
2520,00056,1798,Yogyakarta,toko,2024-12-27,2,56300.0,112600.0,12,Friday
2521,00026,1542,Yogyakarta,toko,2023-09-08,7,180100.0,1260700.0,9,Friday
2522,00044,1011,Yogyakarta,toko,2024-11-17,5,100000.0,500000.0,11,Sunday
2523,00052,1690,Jawa Tengah,online,2023-09-09,8,122600.0,980800.0,9,Saturday
2524,00021,1491,Yogyakarta,online,2023-12-18,9,176800.0,1591200.0,12,Monday
2525,00051,1302,Yogyakarta,online,2023-04-07,3,158100.0,474300.0,4,Friday
2526,00005,1210,Jawa Timur,reseller,2024-02-18,3,46200.0,138600.0,2,Sunday
2527,00018,1160,Jawa Tengah,online,2023-01-11,10,51100.0,511000.0,1,Wednesday
2528,00042,1201,Yogyakarta,reseller,2024-03-17,6,117200.0,703200.0,3,Sunday
2529,00045,1001,Yogyakarta,online,2023-02-22,2,151600.0,303200.0,2,Wednesday
2530,00058,1395,Yogyakarta,online,2023-03-09,11,346500.0,3811500.0,3,Thursday
2531,00025,1294,Yogyakarta,online,2024-02-24,5,142600.0,713000.0,2,Saturday
2532,00002,1483,Yogyakarta,toko,2024-07-07,2,80700.0,161400.0,7,Sunday
2533,00027,1596,Yogyakarta,toko,2023-09-09,9,75100.0,675900.0,9,Saturday
2534,00046,1349,Yogyakarta,online,2024-08-10,4,65800.0,263200.0,8,Saturday
2535,00007,1366,Jawa Tengah,online,2024-02-18,6,46500.0,279000.0,2,Sunday
2536,00011,1571,Yogyakarta,toko,2023-05-28,1,46300.0,46300.0,5,Sunday
2537,00025,1572,Jawa Tengah,online,2023-05-03,2,72100.0,144200.0,5,Wednesday
2538,00028,1760,Yogyakarta,online,2023-09-06,1,105700.0,105700.0,9,Wednesday
2539,00026,1415,Jawa Tengah,toko,2023-08-24,6,63500.0,381000.0,8,Thursday
2540,00031,1135,Jawa Tengah,online,2024-04-08,9,101700.0,915300.0,4,Monday
2541,00037,1422,Jawa Tengah,toko,2024-11-04,7,84600.0,592200.0,11,Monday
2542,00037,1190,Yogyakarta,reseller,2024-11-28,6,87200.0,523200.0,11,Thursday
2543,00025,1392,Jawa Barat,reseller,2023-07-28,10,77200.0,772000.0,7,Friday
2544,00059,1487,Jawa Tengah,toko,2023-09-20,7,118300.0,828100.0,9,Wednesday
2545,00029,1160,Jawa Tengah,toko,2024-04-09,4,100800.0,403200.0,4,Tuesday
2546,00041,1328,Yogyakarta,online,2024-10-04,3,21000.0,63000.0,10,Friday
2548,00024,1252,Yogyakarta,online,2023-02-21,8,106100.0,848800.0,2,Tuesday
2549,00038,1762,Jawa Tengah,online,2023-05-28,10,69600.0,696000.0,5,Sunday
2550,00043,1403,Yogyakarta,reseller,2024-02-06,2,97500.0,195000.0,2,Tuesday
2551,00029,1424,Jawa Tengah,toko,2024-08-21,5,66200.0,331000.0,8,Wednesday
2552,00028,1557,Jawa Barat,online,2023-08-08,3,107100.0,321300.0,8,Tuesday
2553,00036,1710,Jawa Barat,online,2023-12-03,1,59600.0,59600.0,12,Sunday
2554,00025,1726,Yogyakarta,online,2024-09-22,1,148900.0,148900.0,9,Sunday
2555,00045,1007,Jawa Tengah,reseller,2023-07-06,11,122300.0,1345300.0,7,Thursday
2556,00022,1752,Yogyakarta,toko,2023-05-18,11,42400.0,466400.0,5,Thursday
2557,00006,1214,Yogyakarta,toko,2023-07-14,4,66000.0,264000.0,7,Friday
2558,00030,1655,Jawa Barat,online,2023-03-11,4,150600.0,602400.0,3,Saturday
2559,00054,1077,Yogyakarta,toko,2024-05-22,4,97500.0,390000.0,5,Wednesday
2560,00017,1277,Yogyakarta,online,2023-10-07,4,108100.0,432400.0,10,Saturday
2561,00019,1257,Yogyakarta,reseller,2024-09-06,3,97500.0,292500.0,9,Friday
2562,00015,1707,Yogyakarta,online,2024-07-07,5,66700.0,333500.0,7,Sunday
2563,00055,1289,Yogyakarta,online,2024-04-07,5,109600.0,548000.0,4,Sunday
2564,00009,1567,Yogyakarta,toko,2024-06-21,3,97500.0,292500.0,6,Friday
2565,00027,1314,Yogyakarta,reseller,2024-10-01,3,98600.0,295800.0,10,Tuesday
2566,00026,1139,Jawa Timur,toko,2023-09-08,11,61100.0,672100.0,9,Friday
2567,00034,1597,Jawa Timur,toko,2024-11-30,3,87000.0,261000.0,11,Saturday
2568,00018,1762,Yogyakarta,toko,2024-06-16,4,74400.0,297600.0,6,Sunday
2569,00046,1676,Yogyakarta,toko,2023-09-14,6,50200.0,301200.0,9,Thursday
2570,00050,1197,Jawa Barat,toko,2023-04-20,1,52100.0,52100.0,4,Thursday
2571,00026,1662,Jawa Timur,online,2023-06-30,1,95700.0,95700.0,6,Friday
2572,00051,1545,Yogyakarta,toko,2023-11-25,10,41100.0,411000.0,11,Saturday
2573,00008,1396,Yogyakarta,toko,2023-03-03,2,131000.0,262000.0,3,Friday
2574,00021,1555,Jawa Tengah,online,2024-10-02,8,156100.0,1248800.0,10,Wednesday
2575,00053,1469,Yogyakarta,toko,2024-12-18,6,167200.0,1003200.0,12,Wednesday
2576,00037,1726,Jawa Timur,toko,2023-04-30,3,62900.0,188700.0,4,Sunday
2577,00011,1216,Jawa Barat,online,2024-09-14,9,63800.0,574200.0,9,Saturday
2578,00054,1533,Jawa Tengah,online,2023-06-27,5,114900.0,574500.0,6,Tuesday
2579,00052,1127,Jawa Timur,online,2023-08-03,9,75400.0,678600.0,8,Thursday
2580,00022,1786,Jawa Tengah,online,2023-09-21,2,82600.0,165200.0,9,Thursday
2581,00012,1254,Jawa Barat,toko,2024-05-04,1,82600.0,82600.0,5,Saturday
2582,00033,1047,Jawa Tengah,toko,2023-06-06,10,38600.0,386000.0,6,Tuesday
2583,00035,1625,Yogyakarta,online,2023-01-28,11,208700.0,2295700.0,1,Saturday
2584,00027,1029,Yogyakarta,online,2024-01-24,11,42700.0,469700.0,1,Wednesday
2585,00043,1131,Yogyakarta,online,2024-08-12,5,39300.0,196500.0,8,Monday
2586,00039,1156,Jawa Barat,reseller,2023-11-04,1,158900.0,158900.0,11,Saturday
2587,00047,1284,Yogyakarta,online,2024-01-31,9,97500.0,877500.0,1,Wednesday
2588,00057,1460,Yogyakarta,online,2024-03-11,3,185600.0,556800.0,3,Monday
2589,00045,1463,Yogyakarta,reseller,2024-03-22,7,121000.0,847000.0,3,Friday
2590,00009,1339,Jawa Tengah,toko,2023-01-16,5,122000.0,610000.0,1,Monday
2591,00001,1704,Jawa Timur,toko,2024-03-23,4,79200.0,316800.0,3,Saturday
2592,00057,1066,Jawa Tengah,reseller,2024-08-18,7,43200.0,302400.0,8,Sunday
2593,00048,1142,Yogyakarta,toko,2023-12-26,6,49400.0,296400.0,12,Tuesday
2594,00040,1161,Jawa Barat,toko,2023-10-18,10,105000.0,1050000.0,10,Wednesday
2595,00015,1129,Jawa Timur,toko,2023-06-11,9,92800.0,835200.0,6,Sunday
2596,00047,1463,Yogyakarta,online,2023-02-20,10,48700.0,487000.0,2,Monday
2597,00007,1595,Jawa Tengah,toko,2024-12-03,2,50700.0,101400.0,12,Tuesday
2598,00038,1321,Yogyakarta,toko,2024-03-29,11,59500.0,654500.0,3,Friday
2599,00023,1400,Jawa Tengah,toko,2024-07-10,1,95300.0,95300.0,7,Wednesday
2600,00052,1610,Jawa Barat,toko,2023-05-09,7,127700.0,893900.0,5,Tuesday
2601,00041,1628,Jawa Barat,toko,2024-04-24,6,167600.0,1005600.0,4,Wednesday
2602,00020,1373,Jawa Tengah,reseller,2023-06-07,9,79500.0,715500.0,6,Wednesday
2604,00042,1702,Jawa Tengah,toko,2024-07-06,10,150400.0,1504000.0,7,Saturday
2605,00015,1369,Jawa Tengah,online,2023-06-17,6,234400.0,1406400.0,6,Saturday
2606,00016,1607,Jawa Tengah,online,2023-02-23,9,59200.0,532800.0,2,Thursday
2607,00023,1543,Jawa Barat,online,2023-10-23,8,138600.0,1108800.0,10,Monday
2608,00031,1395,Jawa Timur,toko,2024-11-22,6,186600.0,1119600.0,11,Friday
2609,00017,1396,Jawa Tengah,toko,2024-10-05,6,35100.0,210600.0,10,Saturday
2610,00041,1286,Jawa Timur,toko,2023-06-29,10,169400.0,1694000.0,6,Thursday
2611,00031,1691,Yogyakarta,online,2024-03-20,8,125800.0,1006400.0,3,Wednesday
2612,00012,1171,Jawa Tengah,toko,2024-03-19,7,101700.0,711900.0,3,Tuesday
2613,00042,1229,Yogyakarta,toko,2023-07-15,1,109200.0,109200.0,7,Saturday
2614,00004,1233,Yogyakarta,online,2023-03-29,4,192900.0,771600.0,3,Wednesday
2615,00055,1150,Yogyakarta,online,2023-11-15,4,77200.0,308800.0,11,Wednesday
2616,00047,1284,Jawa Timur,toko,2024-12-30,1,72900.0,72900.0,12,Monday
2617,00006,1562,Jawa Tengah,toko,2024-05-14,10,150300.0,1503000.0,5,Tuesday
2618,00048,1288,Yogyakarta,reseller,2024-11-27,9,150600.0,1355400.0,11,Wednesday
2619,00020,1118,Jawa Tengah,toko,2023-04-05,8,45100.0,360800.0,4,Wednesday
2620,00040,1143,Jawa Barat,online,2024-04-24,1,199100.0,199100.0,4,Wednesday
2621,00014,1363,Jawa Barat,toko,2024-08-19,10,196000.0,1960000.0,8,Monday
2622,00019,1378,Yogyakarta,online,2023-07-15,9,97500.0,877500.0,7,Saturday
2623,00001,1303,Yogyakarta,toko,2024-04-30,11,64600.0,710600.0,4,Tuesday
2624,00039,1089,Jawa Timur,online,2023-09-23,9,206100.0,1854900.0,9,Saturday
2625,00035,1389,Yogyakarta,reseller,2024-06-02,6,133600.0,801600.0,6,Sunday
2626,00005,1694,Jawa Tengah,toko,2024-02-29,3,169600.0,508800.0,2,Thursday
2627,00017,1356,Jawa Tengah,reseller,2023-05-09,11,95900.0,1054900.0,5,Tuesday
2628,00040,1440,Yogyakarta,toko,2023-07-23,10,76900.0,769000.0,7,Sunday
2629,00048,1562,Yogyakarta,toko,2024-11-01,5,65600.0,328000.0,11,Friday
2630,00034,1076,Jawa Timur,online,2024-03-04,7,69200.0,484400.0,3,Monday
2631,00010,1456,Jawa Timur,online,2023-06-04,2,166600.0,333200.0,6,Sunday
2632,00037,1262,Jawa Tengah,toko,2024-10-24,11,63100.0,694100.0,10,Thursday
2633,00014,1344,Jawa Timur,online,2023-08-23,1,69100.0,69100.0,8,Wednesday
2634,00027,1204,Yogyakarta,online,2023-04-18,11,97500.0,1072500.0,4,Tuesday
2635,00029,1098,Yogyakarta,reseller,2023-06-29,6,84800.0,508800.0,6,Thursday
2636,00014,1124,Jawa Barat,reseller,2023-07-19,1,30000.0,30000.0,7,Wednesday
2637,00049,1498,Yogyakarta,reseller,2023-02-20,6,97500.0,585000.0,2,Monday
2638,00043,1384,Jawa Tengah,online,2024-12-03,3,80100.0,240300.0,12,Tuesday
2639,00007,1072,Jawa Tengah,online,2024-07-01,6,252000.0,1512000.0,7,Monday
2640,00028,1146,Jawa Tengah,online,2024-09-20,9,145500.0,1309500.0,9,Friday
2641,00007,1584,Yogyakarta,toko,2023-07-21,4,55300.0,221200.0,7,Friday
2642,00044,1121,Jawa Barat,online,2023-01-26,6,52100.0,312600.0,1,Thursday
2643,00023,1683,Jawa Barat,toko,2023-12-28,1,75800.0,75800.0,12,Thursday
2644,00022,1561,Yogyakarta,toko,2023-03-14,2,112700.0,225400.0,3,Tuesday
2645,00015,1532,Jawa Tengah,toko,2024-04-01,11,62800.0,690800.0,4,Monday
2647,00008,1136,Yogyakarta,online,2023-04-01,2,43600.0,87200.0,4,Saturday
2648,00033,1537,Jawa Barat,online,2024-09-01,4,119600.0,478400.0,9,Sunday
2650,00037,1375,Yogyakarta,toko,2024-12-15,5,21100.0,105500.0,12,Sunday
2651,00014,1560,Yogyakarta,online,2023-04-06,6,97100.0,582600.0,4,Thursday
2652,00055,1403,Jawa Timur,toko,2023-04-05,2,114400.0,228800.0,4,Wednesday
2653,00039,1043,Jawa Timur,toko,2023-10-09,6,128200.0,769200.0,10,Monday
2654,00053,1248,Yogyakarta,toko,2023-12-13,7,104700.0,732900.0,12,Wednesday
2655,00001,1501,Yogyakarta,online,2023-10-03,6,95000.0,570000.0,10,Tuesday
2656,00004,1341,Jawa Timur,reseller,2024-01-10,10,116400.0,1164000.0,1,Wednesday
2657,00004,1150,Jawa Barat,toko,2024-07-11,11,105200.0,1157200.0,7,Thursday
2658,00046,1384,Yogyakarta,toko,2024-09-14,5,104100.0,520500.0,9,Saturday
2659,00022,1282,Jawa Barat,online,2024-12-29,7,246600.0,1726200.0,12,Sunday
2660,00016,1273,Jawa Tengah,toko,2023-12-22,4,179100.0,716400.0,12,Friday
2661,00036,1191,Jawa Barat,toko,2024-09-18,3,168900.0,506700.0,9,Wednesday
2662,00042,1660,Jawa Tengah,online,2023-01-29,10,68400.0,684000.0,1,Sunday
2663,00027,1463,Jawa Tengah,toko,2023-11-15,3,74500.0,223500.0,11,Wednesday
2664,00023,1197,Yogyakarta,reseller,2023-02-25,7,182400.0,1276800.0,2,Saturday
2665,00023,1601,Jawa Barat,toko,2024-04-20,10,53700.0,537000.0,4,Saturday
2666,00020,1176,Jawa Tengah,online,2024-01-01,11,178500.0,1963500.0,1,Monday
2667,00023,1212,Yogyakarta,online,2024-12-17,5,45200.0,226000.0,12,Tuesday
2668,00029,1275,Jawa Tengah,online,2023-04-09,10,339200.0,3392000.0,4,Sunday
2669,00020,1764,Yogyakarta,online,2023-08-03,11,202900.0,2231900.0,8,Thursday
2670,00032,1628,Yogyakarta,online,2024-01-10,3,97500.0,292500.0,1,Wednesday
2671,00039,1510,Yogyakarta,toko,2023-10-21,5,75500.0,377500.0,10,Saturday
2672,00041,1678,Jawa Barat,toko,2024-03-05,8,30200.0,241600.0,3,Tuesday
2673,00001,1685,Yogyakarta,online,2023-04-02,6,95900.0,575400.0,4,Sunday
2674,00038,1452,Jawa Timur,toko,2024-01-06,2,197000.0,394000.0,1,Saturday
2675,00019,1700,Jawa Timur,online,2023-05-12,11,140700.0,1547700.0,5,Friday
2676,00041,1288,Yogyakarta,online,2024-02-27,2,84900.0,169800.0,2,Tuesday
2677,00057,1308,Jawa Tengah,online,2023-09-15,4,324000.0,1296000.0,9,Friday
2678,00023,1519,Yogyakarta,reseller,2023-01-12,8,136100.0,1088800.0,1,Thursday
2679,00007,1774,Jawa Tengah,toko,2023-03-28,3,125400.0,376200.0,3,Tuesday
2680,00040,1661,Yogyakarta,online,2024-05-22,1,97500.0,97500.0,5,Wednesday
2681,00020,1771,Jawa Timur,toko,2024-05-15,8,138500.0,1108000.0,5,Wednesday
2683,00037,1351,Jawa Tengah,online,2023-02-21,8,128200.0,1025600.0,2,Tuesday
2684,00036,1534,Jawa Tengah,online,2024-01-02,11,101700.0,1118700.0,1,Tuesday
2685,00002,1746,Yogyakarta,online,2023-05-10,7,112100.0,784700.0,5,Wednesday
2686,00028,1567,Yogyakarta,online,2023-04-21,4,299600.0,1198400.0,4,Friday
2687,00023,1730,Jawa Tengah,toko,2024-10-19,9,197000.0,1773000.0,10,Saturday
2688,00034,1312,Jawa Timur,online,2023-10-22,8,73200.0,585600.0,10,Sunday
2689,00038,1499,Yogyakarta,toko,2023-09-19,7,120900.0,846300.0,9,Tuesday
2690,00002,1115,Yogyakarta,online,2024-08-13,8,42000.0,336000.0,8,Tuesday
2691,00004,1201,Yogyakarta,toko,2023-11-19,5,143100.0,715500.0,11,Sunday
2692,00030,1485,Jawa Tengah,online,2024-09-05,6,59300.0,355800.0,9,Thursday
2693,00050,1193,Jawa Tengah,online,2023-12-25,8,72500.0,580000.0,12,Monday
2694,00013,1168,Jawa Timur,online,2024-10-08,10,71000.0,710000.0,10,Tuesday
2695,00007,1085,Yogyakarta,toko,2024-04-02,10,65200.0,652000.0,4,Tuesday
2696,00023,1294,Yogyakarta,toko,2024-05-21,3,264000.0,792000.0,5,Tuesday
2697,00016,1222,Jawa Tengah,online,2024-03-17,4,232600.0,930400.0,3,Sunday
2698,00005,1435,Jawa Tengah,toko,2024-01-25,2,83600.0,167200.0,1,Thursday
2699,00055,1463,Jawa Tengah,online,2024-01-09,11,104400.0,1148400.0,1,Tuesday
2700,00039,1770,Jawa Tengah,toko,2024-08-08,9,262400.0,2361600.0,8,Thursday
2701,00047,1489,Jawa Tengah,toko,2024-08-14,10,101700.0,1017000.0,8,Wednesday
2702,00053,1117,Jawa Barat,toko,2023-02-20,4,76200.0,304800.0,2,Monday
2703,00038,1333,Yogyakarta,online,2023-01-07,11,60400.0,664400.0,1,Saturday
2704,00021,1058,Yogyakarta,toko,2023-01-24,3,244000.0,732000.0,1,Tuesday
2705,00001,1435,Yogyakarta,online,2024-08-07,10,108600.0,1086000.0,8,Wednesday
2706,00007,1431,Jawa Tengah,online,2024-10-06,6,99200.0,595200.0,10,Sunday
2707,00019,1683,Jawa Tengah,toko,2024-08-22,5,77300.0,386500.0,8,Thursday
2708,00037,1754,Jawa Barat,online,2024-06-11,8,58200.0,465600.0,6,Tuesday
2709,00039,1747,Yogyakarta,online,2024-02-25,6,171600.0,1029600.0,2,Sunday
2710,00008,1036,Yogyakarta,reseller,2023-11-10,6,63000.0,378000.0,11,Friday
2711,00016,1033,Jawa Timur,toko,2024-01-13,7,95700.0,669900.0,1,Saturday
2712,00053,1513,Jawa Barat,toko,2023-07-06,9,37200.0,334800.0,7,Thursday
2713,00018,1763,Yogyakarta,toko,2023-11-22,6,52100.0,312600.0,11,Wednesday
2714,00008,1021,Yogyakarta,online,2024-12-10,4,73100.0,292400.0,12,Tuesday
2715,00015,1640,Jawa Tengah,toko,2023-05-16,8,74200.0,593600.0,5,Tuesday
2716,00022,1440,Yogyakarta,reseller,2023-06-06,9,40900.0,368100.0,6,Tuesday
2717,00030,1450,Yogyakarta,online,2023-01-31,8,68900.0,551200.0,1,Tuesday
2718,00030,1095,Jawa Barat,toko,2023-07-04,11,90800.0,998800.0,7,Tuesday
2719,00007,1387,Yogyakarta,online,2023-12-07,7,21500.0,150500.0,12,Thursday
2720,00007,1527,Yogyakarta,toko,2024-11-19,7,137800.0,964600.0,11,Tuesday
2721,00013,1564,Jawa Tengah,toko,2024-01-10,7,83700.0,585900.0,1,Wednesday
2722,00019,1288,Yogyakarta,online,2024-07-08,8,45000.0,360000.0,7,Monday
2723,00058,1552,Jawa Timur,online,2024-06-17,1,83800.0,83800.0,6,Monday
2724,00017,1523,Yogyakarta,online,2024-09-12,7,126900.0,888300.0,9,Thursday
2725,00021,1578,Jawa Barat,toko,2023-12-02,7,97800.0,684600.0,12,Saturday
2726,00043,1206,Jawa Tengah,toko,2024-11-16,4,100500.0,402000.0,11,Saturday
2727,00020,1746,Jawa Barat,toko,2024-05-26,1,98700.0,98700.0,5,Sunday
2728,00059,1059,Jawa Tengah,toko,2024-11-30,3,143000.0,429000.0,11,Saturday
2729,00029,1024,Yogyakarta,toko,2024-10-15,8,44500.0,356000.0,10,Tuesday
2730,00022,1145,Yogyakarta,toko,2023-10-14,8,69700.0,557600.0,10,Saturday
2731,00046,1053,Jawa Tengah,toko,2024-05-04,2,122400.0,244800.0,5,Saturday
2732,00047,1219,Jawa Tengah,online,2023-06-29,2,99500.0,199000.0,6,Thursday
2733,00040,1416,Jawa Barat,toko,2023-04-17,10,52900.0,529000.0,4,Monday
2734,00009,1131,Yogyakarta,toko,2024-02-15,5,83100.0,415500.0,2,Thursday
2735,00018,1243,Yogyakarta,toko,2024-10-30,9,65300.0,587700.0,10,Wednesday
2737,00022,1694,Jawa Timur,online,2024-02-21,10,37400.0,374000.0,2,Wednesday
2738,00026,1435,Yogyakarta,toko,2023-09-03,10,38200.0,382000.0,9,Sunday
2739,00017,1489,Jawa Tengah,toko,2024-05-09,3,42300.0,126900.0,5,Thursday
2740,00018,1350,Jawa Tengah,toko,2024-02-27,6,90500.0,543000.0,2,Tuesday
2741,00029,1445,Jawa Timur,toko,2023-12-22,5,410300.0,2051500.0,12,Friday
2743,00022,1789,Jawa Tengah,online,2024-01-24,4,198800.0,795200.0,1,Wednesday
2744,00045,1398,Yogyakarta,reseller,2024-02-04,5,98300.0,491500.0,2,Sunday
2745,00058,1374,Yogyakarta,reseller,2024-01-07,6,246200.0,1477200.0,1,Sunday
2746,00008,1431,Jawa Barat,toko,2023-09-05,1,120100.0,120100.0,9,Tuesday
2747,00055,1416,Jawa Timur,online,2024-11-20,7,101600.0,711200.0,11,Wednesday
2748,00018,1568,Jawa Tengah,toko,2023-05-19,4,183400.0,733600.0,5,Friday
2749,00006,1175,Jawa Timur,toko,2023-07-20,3,48200.0,144600.0,7,Thursday
2750,00049,1682,Jawa Tengah,online,2024-08-30,8,27400.0,219200.0,8,Friday
2751,00001,1049,Jawa Tengah,online,2024-07-10,8,48900.0,391200.0,7,Wednesday
2752,00059,1467,Yogyakarta,online,2024-04-10,3,220900.0,662700.0,4,Wednesday
2753,00013,1777,Yogyakarta,toko,2024-04-17,2,164400.0,328800.0,4,Wednesday
2754,00037,1029,Jawa Tengah,reseller,2023-06-08,4,108900.0,435600.0,6,Thursday
2755,00015,1710,Yogyakarta,online,2024-05-21,8,85000.0,680000.0,5,Tuesday
2756,00052,1367,Jawa Timur,online,2024-08-15,11,95700.0,1052700.0,8,Thursday
2757,00042,1675,Yogyakarta,online,2023-05-24,2,122300.0,244600.0,5,Wednesday
2758,00059,1025,Jawa Tengah,reseller,2023-02-28,3,59100.0,177300.0,2,Tuesday
2761,00056,1548,Jawa Tengah,reseller,2023-03-27,3,213000.0,639000.0,3,Monday
2762,00039,1052,Jawa Tengah,online,2023-08-02,11,80200.0,882200.0,8,Wednesday
2763,00013,1317,Jawa Tengah,reseller,2024-05-23,9,57000.0,513000.0,5,Thursday
2764,00014,1431,Yogyakarta,toko,2024-07-26,1,82500.0,82500.0,7,Friday
2765,00039,1174,Jawa Timur,reseller,2024-04-06,9,56900.0,512100.0,4,Saturday
2766,00022,1119,Jawa Barat,toko,2024-01-19,5,90200.0,451000.0,1,Friday
2767,00045,1529,Jawa Barat,online,2024-04-05,11,34100.0,375100.0,4,Friday
2768,00037,1684,Jawa Tengah,reseller,2024-05-19,9,73200.0,658800.0,5,Sunday
2769,00003,1151,Jawa Barat,online,2024-05-29,8,101800.0,814400.0,5,Wednesday
2770,00055,1075,Jawa Tengah,toko,2024-10-23,9,121800.0,1096200.0,10,Wednesday
2771,00058,1209,Jawa Barat,toko,2023-05-14,5,77600.0,388000.0,5,Sunday
2772,00018,1527,Jawa Tengah,toko,2024-12-21,7,196900.0,1378300.0,12,Saturday
2773,00017,1396,Yogyakarta,toko,2023-02-01,8,36400.0,291200.0,2,Wednesday
2774,00024,1563,Yogyakarta,reseller,2024-09-04,8,85700.0,685600.0,9,Wednesday
2775,00048,1750,Yogyakarta,online,2023-04-10,10,73400.0,734000.0,4,Monday
2776,00002,1220,Yogyakarta,toko,2023-11-16,2,96800.0,193600.0,11,Thursday
2777,00011,1533,Jawa Tengah,online,2023-01-26,4,83500.0,334000.0,1,Thursday
2778,00042,1474,Yogyakarta,toko,2024-02-02,1,217600.0,217600.0,2,Friday
2779,00025,1684,Yogyakarta,online,2023-12-26,2,97000.0,194000.0,12,Tuesday
2780,00027,1263,Jawa Tengah,toko,2023-01-02,2,56700.0,113400.0,1,Monday
2781,00056,1089,Jawa Timur,toko,2024-07-29,8,414600.0,3316800.0,7,Monday
2783,00007,1008,Jawa Tengah,reseller,2023-08-10,2,88500.0,177000.0,8,Thursday
2784,00014,1207,Jawa Tengah,online,2023-11-16,2,162900.0,325800.0,11,Thursday
2785,00016,1680,Yogyakarta,reseller,2024-09-17,9,68700.0,618300.0,9,Tuesday
2786,00039,1012,Jawa Timur,toko,2023-08-27,8,85200.0,681600.0,8,Sunday
2787,00026,1142,Jawa Tengah,toko,2024-08-27,5,160700.0,803500.0,8,Tuesday
2788,00040,1538,Yogyakarta,online,2024-01-17,1,48700.0,48700.0,1,Wednesday
2789,00014,1192,Yogyakarta,toko,2024-01-31,4,74600.0,298400.0,1,Wednesday
2790,00028,1057,Yogyakarta,toko,2023-01-05,10,168200.0,1682000.0,1,Thursday
2791,00022,1420,Jawa Barat,toko,2024-09-15,10,277200.0,2772000.0,9,Sunday
2792,00012,1157,Yogyakarta,toko,2024-11-23,9,92700.0,834300.0,11,Saturday
2793,00013,1541,Jawa Barat,online,2023-10-17,8,91400.0,731200.0,10,Tuesday
2794,00024,1069,Yogyakarta,online,2023-12-18,10,91650000.0,916500000.0,12,Monday
2795,00040,1032,Yogyakarta,online,2023-11-23,7,41100.0,287700.0,11,Thursday
2796,00044,1643,Yogyakarta,online,2023-04-29,11,64800.0,712800.0,4,Saturday
2797,00046,1493,Yogyakarta,online,2024-03-06,11,61100.0,672100.0,3,Wednesday
2798,00012,1423,Yogyakarta,reseller,2024-04-11,8,29300.0,234400.0,4,Thursday
2799,00035,1472,Yogyakarta,toko,2024-10-15,4,17900.0,71600.0,10,Tuesday
2800,00006,1373,Yogyakarta,toko,2024-02-26,10,76600.0,766000.0,2,Monday
2801,00008,1451,Yogyakarta,reseller,2023-09-27,6,165100.0,990600.0,9,Wednesday
2802,00028,1466,Jawa Tengah,reseller,2024-05-31,11,143300.0,1576300.0,5,Friday
2803,00042,1089,Jawa Barat,online,2023-01-30,4,203200.0,812800.0,1,Monday
2804,00014,1646,Jawa Tengah,online,2024-12-23,2,19700.0,39400.0,12,Monday
2805,00011,1529,Jawa Tengah,online,2023-04-18,10,89200.0,892000.0,4,Tuesday
2806,00048,1499,Jawa Timur,toko,2023-11-18,1,211700.0,211700.0,11,Saturday
2807,00036,1791,Jawa Barat,online,2023-03-08,6,58500.0,351000.0,3,Wednesday
2808,00049,1410,Jawa Barat,toko,2023-01-01,9,45400.0,408600.0,1,Sunday
2810,00056,1250,Yogyakarta,toko,2023-05-27,7,97900.0,685300.0,5,Saturday
2811,00048,1063,Jawa Tengah,online,2024-10-30,7,141000.0,987000.0,10,Wednesday
2812,00050,1413,Jawa Barat,toko,2023-10-25,3,96800.0,290400.0,10,Wednesday
2813,00007,1680,Jawa Barat,toko,2023-10-11,10,200900.0,2009000.0,10,Wednesday
2814,00039,1789,Jawa Timur,toko,2023-07-04,8,145800.0,1166400.0,7,Tuesday
2815,00032,1524,Jawa Timur,online,2024-04-09,7,112900.0,790300.0,4,Tuesday
2816,00012,1455,Jawa Tengah,reseller,2023-12-22,8,78000.0,624000.0,12,Friday
2817,00055,1700,Jawa Barat,toko,2024-01-05,9,147000.0,1323000.0,1,Friday
2818,00049,1381,Jawa Barat,reseller,2024-04-06,4,66000.0,264000.0,4,Saturday
2819,00049,1679,Jawa Timur,toko,2024-05-19,8,170400.0,1363200.0,5,Sunday
2820,00043,1710,Jawa Tengah,online,2024-01-18,1,190700.0,190700.0,1,Thursday
2821,00011,1657,Yogyakarta,online,2024-05-19,5,169200.0,846000.0,5,Sunday
2822,00045,1043,Yogyakarta,toko,2023-02-08,11,46100.0,507100.0,2,Wednesday
2823,00028,1200,Yogyakarta,online,2023-01-31,3,126000.0,378000.0,1,Tuesday
2824,00042,1050,Yogyakarta,reseller,2023-01-19,6,97500.0,585000.0,1,Thursday
2825,00036,1369,Yogyakarta,toko,2023-01-01,8,162300.0,1298400.0,1,Sunday
2826,00049,1631,Yogyakarta,toko,2023-01-21,2,39200.0,78400.0,1,Saturday
2827,00031,1735,Yogyakarta,reseller,2024-05-22,2,97500.0,195000.0,5,Wednesday
2828,00018,1753,Jawa Tengah,online,2024-05-14,9,93200.0,838800.0,5,Tuesday
2829,00040,1049,Yogyakarta,toko,2024-10-02,3,220500.0,661500.0,10,Wednesday
2830,00040,1040,Jawa Tengah,toko,2023-10-24,10,68700.0,687000.0,10,Tuesday
2831,00018,1429,Jawa Timur,toko,2023-04-05,2,164600.0,329200.0,4,Wednesday
2832,00031,1019,Jawa Tengah,toko,2024-02-07,5,106300.0,531500.0,2,Wednesday
2833,00040,1643,Yogyakarta,online,2024-01-30,8,302500.0,2420000.0,1,Tuesday
2834,00020,1007,Yogyakarta,online,2023-10-19,9,118100.0,1062900.0,10,Thursday
2835,00011,1414,Jawa Tengah,online,2024-06-03,2,38000.0,76000.0,6,Monday
2836,00020,1461,Yogyakarta,reseller,2024-05-19,1,82900.0,82900.0,5,Sunday
2837,00050,1340,Yogyakarta,online,2024-03-05,5,113400.0,567000.0,3,Tuesday
2838,00010,1110,Jawa Tengah,reseller,2024-12-24,8,205300.0,1642400.0,12,Tuesday
2839,00024,1644,Yogyakarta,toko,2023-11-09,1,144000.0,144000.0,11,Thursday
2840,00030,1449,Jawa Tengah,toko,2024-03-23,11,82800.0,910800.0,3,Saturday
2841,00047,1598,Jawa Tengah,reseller,2023-01-25,8,46500.0,372000.0,1,Wednesday
2842,00022,1531,Jawa Tengah,online,2023-05-31,9,101700.0,915300.0,5,Wednesday
2843,00059,1420,Jawa Tengah,toko,2023-09-23,2,101700.0,203400.0,9,Saturday
2844,00025,1012,Yogyakarta,toko,2024-06-13,3,213200.0,639600.0,6,Thursday
2845,00028,1357,Yogyakarta,toko,2023-08-12,7,168400.0,1178800.0,8,Saturday
2846,00051,1696,Yogyakarta,toko,2023-06-06,5,42900.0,214500.0,6,Tuesday
2847,00027,1173,Yogyakarta,reseller,2024-12-08,5,25100.0,125500.0,12,Sunday
2848,00041,1202,Jawa Timur,toko,2024-05-17,8,76700.0,613600.0,5,Friday
2849,00021,1717,Jawa Timur,toko,2023-01-23,9,114600.0,1031400.0,1,Monday
2850,00041,1443,Jawa Timur,online,2024-02-24,5,55300.0,276500.0,2,Saturday
2851,00036,1491,Yogyakarta,toko,2023-09-29,8,72200.0,577600.0,9,Friday
2852,00059,1282,Yogyakarta,toko,2023-01-09,11,196300.0,2159300.0,1,Monday
2853,00024,1215,Jawa Barat,online,2023-04-11,4,150700.0,602800.0,4,Tuesday
2854,00013,1274,Jawa Barat,reseller,2023-05-18,9,35500.0,319500.0,5,Thursday
2855,00009,1773,Jawa Timur,reseller,2023-10-01,10,119900.0,1199000.0,10,Sunday
2856,00030,1322,Yogyakarta,toko,2023-06-15,5,97500.0,487500.0,6,Thursday
2857,00030,1450,Jawa Tengah,toko,2024-09-16,9,86900.0,782100.0,9,Monday
2858,00006,1002,Yogyakarta,online,2023-10-03,8,136300.0,1090400.0,10,Tuesday
2859,00001,1686,Yogyakarta,toko,2023-09-30,4,138000.0,552000.0,9,Saturday
2860,00024,1343,Jawa Tengah,online,2024-10-07,1,421600.0,421600.0,10,Monday
2861,00003,1602,Jawa Barat,toko,2023-09-20,3,112000.0,336000.0,9,Wednesday
2862,00057,1212,Jawa Timur,online,2024-06-02,4,63700.0,254800.0,6,Sunday
2863,00047,1509,Yogyakarta,toko,2024-04-07,9,73000.0,657000.0,4,Sunday
2864,00006,1285,Jawa Tengah,toko,2023-12-17,1,149300.0,149300.0,12,Sunday
2865,00046,1253,Jawa Barat,online,2023-07-17,1,304900.0,304900.0,7,Monday
2866,00045,1130,Jawa Tengah,online,2023-10-24,4,140000.0,560000.0,10,Tuesday
2867,00043,1561,Yogyakarta,online,2023-02-12,11,134400.0,1478400.0,2,Sunday
2868,00052,1267,Jawa Barat,toko,2023-01-22,2,114700.0,229400.0,1,Sunday
2869,00042,1095,Jawa Tengah,online,2023-12-01,9,75400.0,678600.0,12,Friday
2870,00031,1559,Yogyakarta,reseller,2023-06-08,6,102500.0,615000.0,6,Thursday
2871,00043,1554,Jawa Tengah,toko,2024-12-07,3,48100.0,144300.0,12,Saturday
2872,00048,1787,Yogyakarta,toko,2024-10-04,4,152100.0,608400.0,10,Friday
2873,00035,1706,Yogyakarta,toko,2024-06-17,10,129600.0,1296000.0,6,Monday
2874,00027,1157,Yogyakarta,online,2023-10-03,1,109200.0,109200.0,10,Tuesday
2875,00034,1041,Yogyakarta,toko,2023-06-20,1,59200.0,59200.0,6,Tuesday
2876,00021,1693,Jawa Tengah,online,2023-07-20,2,84100.0,168200.0,7,Thursday
2877,00024,1774,Jawa Timur,toko,2024-03-03,3,70100.0,210300.0,3,Sunday
2878,00030,1491,Yogyakarta,online,2024-11-17,5,117400.0,587000.0,11,Sunday
2879,00045,1489,Yogyakarta,toko,2023-11-03,10,97500.0,975000.0,11,Friday
2880,00012,1080,Yogyakarta,online,2023-06-12,7,121500.0,850500.0,6,Monday
2881,00026,1439,Yogyakarta,toko,2023-07-10,4,169800.0,679200.0,7,Monday
2882,00019,1011,Jawa Timur,online,2024-08-07,3,207000.0,621000.0,8,Wednesday
2883,00010,1616,Jawa Tengah,online,2024-12-20,4,53800.0,215200.0,12,Friday
2884,00019,1707,Jawa Barat,online,2023-10-06,5,80700.0,403500.0,10,Friday
2885,00018,1017,Yogyakarta,toko,2023-01-27,6,51600.0,309600.0,1,Friday
2887,00023,1788,Jawa Timur,online,2024-08-18,7,95700.0,669900.0,8,Sunday
2888,00020,1084,Yogyakarta,toko,2023-09-01,5,217200.0,1086000.0,9,Friday
2889,00024,1634,Jawa Tengah,toko,2023-05-11,10,73200.0,732000.0,5,Thursday
2890,00014,1524,Jawa Tengah,online,2023-07-17,6,179900.0,1079400.0,7,Monday
2891,00054,1518,Yogyakarta,reseller,2023-08-20,10,71500.0,715000.0,8,Sunday
2892,00056,1565,Jawa Timur,online,2023-07-12,6,86200.0,517200.0,7,Wednesday
2893,00024,1225,Yogyakarta,toko,2024-04-01,1,105800.0,105800.0,4,Monday
2894,00009,1716,Jawa Barat,reseller,2023-07-25,11,103700.0,1140700.0,7,Tuesday
2895,00002,1387,Jawa Timur,toko,2023-01-21,4,90300.0,361200.0,1,Saturday
2896,00057,1400,Yogyakarta,toko,2023-12-06,2,145700.0,291400.0,12,Wednesday
2897,00050,1597,Jawa Barat,online,2024-11-01,11,198900.0,2187900.0,11,Friday
2898,00051,1249,Jawa Barat,reseller,2023-11-20,6,163300.0,979800.0,11,Monday
2899,00035,1043,Yogyakarta,online,2024-09-23,6,74200.0,445200.0,9,Monday
2900,00039,1254,Jawa Tengah,reseller,2023-01-15,9,33100.0,297900.0,1,Sunday
2901,00046,1509,Yogyakarta,online,2023-10-06,3,105200.0,315600.0,10,Friday
2902,00026,1163,Yogyakarta,toko,2023-10-15,6,18600.0,111600.0,10,Sunday
2903,00049,1619,Yogyakarta,online,2024-01-03,4,146300.0,585200.0,1,Wednesday
2904,00012,1508,Jawa Tengah,online,2024-08-21,4,141900.0,567600.0,8,Wednesday
2905,00027,1537,Jawa Tengah,toko,2024-09-04,4,48200.0,192800.0,9,Wednesday
2906,00007,1753,Yogyakarta,online,2024-07-03,5,138700.0,693500.0,7,Wednesday
2907,00046,1189,Jawa Tengah,toko,2023-04-15,6,66800.0,400800.0,4,Saturday
2908,00007,1067,Yogyakarta,toko,2023-04-03,3,207300.0,621900.0,4,Monday
2909,00030,1274,Jawa Timur,reseller,2024-10-10,2,62800.0,125600.0,10,Thursday
2910,00021,1309,Jawa Tengah,toko,2023-06-01,8,60400.0,483200.0,6,Thursday
2911,00059,1009,Jawa Tengah,toko,2024-04-21,2,67100.0,134200.0,4,Sunday
2912,00025,1281,Jawa Timur,toko,2024-04-04,10,113400.0,1134000.0,4,Thursday
2913,00009,1794,Yogyakarta,toko,2024-09-11,8,53500.0,428000.0,9,Wednesday
2914,00055,1064,Yogyakarta,toko,2024-04-03,9,370800.0,3337200.0,4,Wednesday
2915,00033,1744,Jawa Tengah,toko,2023-03-28,2,79200.0,158400.0,3,Tuesday
2916,00032,1475,Jawa Tengah,toko,2023-02-06,1,275900.0,275900.0,2,Monday
2917,00038,1749,Yogyakarta,toko,2023-11-22,4,97500.0,390000.0,11,Wednesday
2918,00059,1786,Jawa Tengah,toko,2023-08-15,9,81800.0,736200.0,8,Tuesday
2919,00002,1467,Yogyakarta,toko,2023-06-12,1,65000.0,65000.0,6,Monday
2920,00043,1221,Jawa Tengah,toko,2024-01-08,9,63100.0,567900.0,1,Monday
2921,00027,1631,Jawa Barat,toko,2023-06-22,2,127500.0,255000.0,6,Thursday
2922,00009,1581,Jawa Tengah,toko,2024-05-12,5,199300.0,996500.0,5,Sunday
2923,00054,1451,Jawa Tengah,online,2023-09-29,4,105000.0,420000.0,9,Friday
2924,00033,1720,Jawa Tengah,online,2024-02-15,4,101700.0,406800.0,2,Thursday
2925,00054,1723,Jawa Tengah,reseller,2023-08-30,8,111700.0,893600.0,8,Wednesday
2926,00010,1216,Jawa Tengah,online,2024-04-14,11,62000.0,682000.0,4,Sunday
2927,00040,1112,Yogyakarta,online,2023-06-19,11,20400.0,224400.0,6,Monday
2928,00003,1735,Jawa Tengah,toko,2024-10-09,2,106100.0,212200.0,10,Wednesday
2929,00059,1021,Yogyakarta,online,2023-11-30,6,35300.0,211800.0,11,Thursday
2930,00056,1598,Jawa Barat,online,2024-10-01,9,68000.0,612000.0,10,Tuesday
2931,00053,1584,Yogyakarta,reseller,2023-07-29,8,101700.0,813600.0,7,Saturday
2932,00020,1516,Yogyakarta,toko,2023-05-27,3,77900.0,233700.0,5,Saturday
2933,00042,1386,Jawa Barat,reseller,2023-05-08,6,84500.0,507000.0,5,Monday
2934,00012,1155,Jawa Barat,reseller,2024-09-25,6,98250.0,589500.0,9,Wednesday
2935,00050,1440,Jawa Timur,reseller,2024-07-09,2,172900.0,345800.0,7,Tuesday
2936,00007,1221,Jawa Timur,online,2023-06-04,8,240200.0,1921600.0,6,Sunday
2937,00044,1688,Jawa Tengah,online,2024-05-13,6,111700.0,670200.0,5,Monday
2938,00039,1081,Yogyakarta,reseller,2023-01-03,11,112600.0,1238600.0,1,Tuesday
2939,00018,1295,Yogyakarta,toko,2023-04-21,10,278300.0,2783000.0,4,Friday
2940,00028,1716,Jawa Timur,online,2024-07-24,9,68300.0,614700.0,7,Wednesday
2941,00029,1506,Yogyakarta,toko,2024-05-21,7,97500.0,682500.0,5,Tuesday
2942,00001,1647,Yogyakarta,toko,2024-10-23,1,106600.0,106600.0,10,Wednesday
2943,00004,1112,Jawa Barat,online,2024-04-13,2,117100.0,234200.0,4,Saturday
2944,00043,1069,Jawa Tengah,online,2023-03-17,10,140000.0,1400000.0,3,Friday
2945,00041,1397,Yogyakarta,toko,2023-04-24,8,105800.0,846400.0,4,Monday
2946,00016,1424,Jawa Tengah,online,2024-07-03,11,158600.0,1744600.0,7,Wednesday
2947,00027,1657,Jawa Barat,online,2024-04-09,6,60000.0,360000.0,4,Tuesday
2948,00047,1170,Jawa Timur,toko,2023-02-28,1,131900.0,131900.0,2,Tuesday
2949,00041,1452,Jawa Tengah,toko,2024-12-23,1,53500.0,53500.0,12,Monday
2950,00029,1612,Jawa Tengah,toko,2024-10-30,4,185300.0,741200.0,10,Wednesday
2951,00051,1368,Jawa Timur,online,2024-12-07,10,175000.0,1750000.0,12,Saturday
2952,00032,1458,Jawa Tengah,reseller,2023-12-05,10,87100.0,871000.0,12,Tuesday
2954,00027,1756,Yogyakarta,toko,2023-12-22,6,96800.0,580800.0,12,Friday
2955,00015,1755,Jawa Tengah,reseller,2023-11-04,9,135900.0,1223100.0,11,Saturday
2956,00040,1581,Yogyakarta,toko,2024-10-26,1,40500.0,40500.0,10,Saturday
2957,00007,1478,Jawa Tengah,toko,2024-05-02,10,54500.0,545000.0,5,Thursday
2958,00059,1080,Jawa Tengah,online,2023-08-10,9,170100.0,1530900.0,8,Thursday
2959,00036,1277,Yogyakarta,toko,2024-07-25,5,97500.0,487500.0,7,Thursday
2960,00048,1298,Jawa Barat,toko,2024-01-30,11,46200.0,508200.0,1,Tuesday
2961,00028,1621,Jawa Tengah,toko,2023-06-25,7,26700.0,186900.0,6,Sunday
2962,00005,1461,Yogyakarta,reseller,2023-03-15,2,75600.0,151200.0,3,Wednesday
2963,00026,1188,Jawa Barat,toko,2023-12-18,5,35100.0,175500.0,12,Monday
2964,00030,1729,Jawa Barat,toko,2023-05-10,10,105400.0,1054000.0,5,Wednesday
2966,00014,1296,Yogyakarta,online,2024-01-26,7,286300.0,2004100.0,1,Friday
2967,00013,1471,Jawa Tengah,online,2023-09-01,2,47000.0,94000.0,9,Friday
2968,00007,1150,Jawa Tengah,reseller,2024-09-24,7,141500.0,990500.0,9,Tuesday
2969,00030,1094,Jawa Tengah,online,2023-12-09,4,48400.0,193600.0,12,Saturday
2970,00012,1226,Yogyakarta,online,2023-09-28,1,97500.0,97500.0,9,Thursday
2971,00037,1180,Jawa Barat,online,2024-04-14,7,86300.0,604100.0,4,Sunday
2972,00015,1198,Jawa Tengah,toko,2023-01-05,11,59400.0,653400.0,1,Thursday
2973,00026,1252,Yogyakarta,toko,2024-03-25,4,282000.0,1128000.0,3,Monday
2974,00057,1123,Jawa Tengah,toko,2023-06-19,11,94200.0,1036200.0,6,Monday
2976,00044,1275,Jawa Timur,toko,2023-12-30,2,374900.0,749800.0,12,Saturday
2977,00041,1339,Yogyakarta,toko,2023-11-21,3,61000.0,183000.0,11,Tuesday
2978,00051,1199,Yogyakarta,toko,2023-02-16,9,78000.0,702000.0,2,Thursday
2979,00004,1572,Yogyakarta,toko,2024-11-08,5,85800.0,429000.0,11,Friday
2980,00042,1408,Yogyakarta,toko,2023-04-15,4,61500.0,246000.0,4,Saturday
2981,00015,1446,Jawa Tengah,toko,2023-07-11,1,137700.0,137700.0,7,Tuesday
2982,00019,1715,Jawa Tengah,reseller,2023-06-14,1,101700.0,101700.0,6,Wednesday
2983,00054,1592,Yogyakarta,toko,2023-12-03,6,97500.0,585000.0,12,Sunday
2984,00024,1763,Yogyakarta,toko,2024-09-07,6,72800.0,436800.0,9,Saturday
2985,00031,1040,Yogyakarta,online,2024-07-23,8,77500.0,620000.0,7,Tuesday
2986,00027,1127,Jawa Barat,online,2023-11-08,10,42700.0,427000.0,11,Wednesday
2987,00007,1653,Yogyakarta,reseller,2024-01-05,5,44700.0,223500.0,1,Friday
2989,00009,1790,Jawa Barat,toko,2024-04-09,1,56900.0,56900.0,4,Tuesday
2990,00025,1539,Jawa Barat,online,2024-01-28,1,115400.0,115400.0,1,Sunday
2991,00001,1667,Yogyakarta,online,2023-08-17,3,154900.0,464700.0,8,Thursday
2992,00046,1122,Yogyakarta,online,2024-02-24,10,107100.0,1071000.0,2,Saturday
2993,00032,1061,Jawa Tengah,reseller,2024-09-18,8,113400.0,907200.0,9,Wednesday
2994,00005,1425,Jawa Tengah,reseller,2024-03-26,5,56200.0,281000.0,3,Tuesday
2995,00059,1429,Jawa Tengah,toko,2023-02-22,9,67600.0,608400.0,2,Wednesday
2996,00017,1160,Yogyakarta,toko,2024-06-23,7,120300.0,842100.0,6,Sunday
2997,00021,1702,Jawa Barat,reseller,2024-12-05,4,133700.0,534800.0,12,Thursday
2998,00029,1291,Yogyakarta,toko,2024-02-18,5,91000.0,455000.0,2,Sunday
2999,00032,1343,Jawa Tengah,toko,2023-09-08,9,101700.0,915300.0,9,Friday
3000,00040,1259,Jawa Tengah,online,2023-02-08,11,82800.0,910800.0,2,Wednesday
3001,00032,1403,Jawa Tengah,toko,2024-02-29,2,48600.0,97200.0,2,Thursday
3002,00039,1651,Jawa Tengah,online,2024-03-09,6,114600.0,687600.0,3,Saturday
3003,00019,1361,Jawa Tengah,reseller,2024-01-23,10,74800.0,748000.0,1,Tuesday
3004,00043,1187,Jawa Tengah,online,2024-03-18,9,35600.0,320400.0,3,Monday
3005,00051,1534,Yogyakarta,toko,2024-10-09,5,155900.0,779500.0,10,Wednesday
3007,00008,1152,Jawa Tengah,toko,2023-12-09,4,145900.0,583600.0,12,Saturday
3008,00011,1468,Yogyakarta,toko,2023-04-16,7,72700.0,508900.0,4,Sunday
3009,00020,1185,Jawa Timur,online,2023-04-09,2,226200.0,452400.0,4,Sunday
3010,00019,1263,Jawa Tengah,toko,2023-05-31,10,126300.0,1263000.0,5,Wednesday
3011,00047,1111,Jawa Tengah,toko,2023-10-16,6,168600.0,1011600.0,10,Monday
3012,00017,1743,Yogyakarta,online,2024-04-02,3,65500.0,196500.0,4,Tuesday
3013,00053,1571,Jawa Barat,online,2023-03-19,10,79800.0,798000.0,3,Sunday
3014,00045,1265,Yogyakarta,online,2024-07-16,3,201200.0,603600.0,7,Tuesday
3015,00056,1467,Jawa Timur,toko,2024-12-14,4,94200.0,376800.0,12,Saturday
3016,00059,1260,Jawa Timur,toko,2023-02-23,9,97000.0,873000.0,2,Thursday
3017,00005,1760,Jawa Barat,online,2024-10-17,8,226800.0,1814400.0,10,Thursday
3018,00041,1554,Jawa Tengah,online,2024-07-09,8,186900.0,1495200.0,7,Tuesday
3019,00052,1034,Jawa Barat,online,2024-10-18,4,109300.0,437200.0,10,Friday
3020,00002,1390,Jawa Timur,toko,2023-11-26,11,288800.0,3176800.0,11,Sunday
3021,00010,1320,Jawa Tengah,reseller,2024-11-21,8,40500.0,324000.0,11,Thursday
3022,00018,1579,Jawa Barat,toko,2024-04-03,4,92200.0,368800.0,4,Wednesday
3023,00013,1778,Jawa Tengah,online,2024-08-06,9,69600.0,626400.0,8,Tuesday
3024,00048,1122,Jawa Timur,online,2024-07-27,2,224700.0,449400.0,7,Saturday
3025,00008,1127,Yogyakarta,reseller,2023-10-30,3,238700.0,716100.0,10,Monday
3026,00055,1118,Yogyakarta,toko,2023-03-03,5,72700.0,363500.0,3,Friday
3027,00022,1753,Yogyakarta,reseller,2023-10-27,1,104400.0,104400.0,10,Friday
3028,00036,1588,Jawa Barat,online,2024-06-16,10,165100.0,1651000.0,6,Sunday
3029,00025,1375,Jawa Tengah,online,2024-02-25,11,129800.0,1427800.0,2,Sunday
3030,00021,1310,Jawa Tengah,toko,2024-06-26,7,112000.0,784000.0,6,Wednesday
3031,00052,1467,Yogyakarta,reseller,2023-01-28,4,170900.0,683600.0,1,Saturday
3032,00021,1685,Jawa Tengah,toko,2023-12-08,4,295500.0,1182000.0,12,Friday
3033,00058,1047,Jawa Barat,reseller,2024-09-19,7,103200.0,722400.0,9,Thursday
3034,00038,1186,Yogyakarta,online,2023-07-08,6,50900.0,305400.0,7,Saturday
3035,00022,1520,Jawa Barat,online,2023-12-29,11,98250.0,1080750.0,12,Friday
3036,00051,1192,Yogyakarta,toko,2024-02-24,9,94300.0,848700.0,2,Saturday
3037,00017,1774,Jawa Tengah,online,2023-10-30,10,77500.0,775000.0,10,Monday
3038,00021,1690,Jawa Tengah,toko,2024-03-04,2,144200.0,288400.0,3,Monday
3039,00053,1652,Jawa Barat,online,2023-02-22,10,147000.0,1470000.0,2,Wednesday
3040,00012,1289,Yogyakarta,online,2023-10-22,8,162500.0,1300000.0,10,Sunday
3041,00053,1060,Yogyakarta,toko,2023-11-21,11,127000.0,1397000.0,11,Tuesday
3042,00001,1087,Jawa Timur,online,2024-01-19,5,112200.0,561000.0,1,Friday
3043,00001,1441,Yogyakarta,online,2023-08-29,4,53600.0,214400.0,8,Tuesday
3044,00009,1176,Yogyakarta,toko,2024-06-21,10,79300.0,793000.0,6,Friday
3045,00037,1606,Jawa Barat,online,2024-08-03,6,58900.0,353400.0,8,Saturday
3046,00051,1615,Jawa Tengah,online,2024-08-01,9,116100.0,1044900.0,8,Thursday
3047,00050,1186,Yogyakarta,toko,2024-02-28,4,90200.0,360800.0,2,Wednesday
3048,00037,1212,Jawa Timur,online,2024-11-20,9,94400.0,849600.0,11,Wednesday
3049,00038,1745,Jawa Tengah,online,2023-10-02,6,130600.0,783600.0,10,Monday
3050,00059,1444,Jawa Tengah,reseller,2024-12-11,1,81600.0,81600.0,12,Wednesday
3051,00056,1057,Yogyakarta,online,2023-01-20,10,178100.0,1781000.0,1,Friday
3052,00005,1667,Yogyakarta,toko,2023-01-18,6,176000.0,1056000.0,1,Wednesday
3053,00034,1656,Jawa Tengah,reseller,2024-12-20,6,56200.0,337200.0,12,Friday
3055,00008,1179,Jawa Tengah,toko,2024-08-25,2,79600.0,159200.0,8,Sunday
3056,00047,1602,Yogyakarta,reseller,2024-10-05,4,63800.0,255200.0,10,Saturday
3057,00032,1323,Yogyakarta,toko,2023-09-20,9,80600.0,725400.0,9,Wednesday
3058,00040,1781,Jawa Timur,toko,2024-12-29,2,46700.0,93400.0,12,Sunday
3059,00031,1686,Jawa Timur,toko,2024-05-03,9,117300.0,1055700.0,5,Friday
3060,00004,1239,Jawa Tengah,toko,2024-08-01,6,192500.0,1155000.0,8,Thursday
3061,00052,1710,Yogyakarta,toko,2023-09-22,10,40600.0,406000.0,9,Friday
3062,00024,1700,Jawa Tengah,toko,2024-11-22,3,123200.0,369600.0,11,Friday
3063,00013,1195,Jawa Barat,reseller,2024-06-20,7,98250.0,687750.0,6,Thursday
3064,00038,1440,Jawa Timur,online,2024-12-17,4,140800.0,563200.0,12,Tuesday
3065,00018,1578,Yogyakarta,reseller,2024-12-11,10,139600.0,1396000.0,12,Wednesday
3066,00041,1161,Yogyakarta,online,2023-04-08,9,97500.0,877500.0,4,Saturday
3067,00031,1682,Jawa Tengah,toko,2024-08-27,8,74000.0,592000.0,8,Tuesday
3068,00027,1105,Jawa Timur,toko,2023-03-29,9,160800.0,1447200.0,3,Wednesday
3069,00006,1577,Yogyakarta,toko,2024-07-25,2,116800.0,233600.0,7,Thursday
3070,00012,1262,Jawa Barat,reseller,2024-02-14,9,152300.0,1370700.0,2,Wednesday
3071,00052,1762,Jawa Tengah,online,2024-08-19,3,115400.0,346200.0,8,Monday
3072,00057,1110,Jawa Barat,online,2024-10-30,9,83200.0,748800.0,10,Wednesday
3073,00033,1275,Yogyakarta,reseller,2023-05-21,2,94100.0,188200.0,5,Sunday
3074,00028,1617,Jawa Timur,online,2024-01-24,4,136800.0,547200.0,1,Wednesday
3075,00011,1306,Yogyakarta,toko,2023-07-16,4,97500.0,390000.0,7,Sunday
3076,00043,1445,Yogyakarta,reseller,2024-01-06,1,32400.0,32400.0,1,Saturday
3077,00039,1220,Yogyakarta,online,2024-06-02,2,46500.0,93000.0,6,Sunday
3078,00032,1035,Jawa Barat,toko,2024-09-17,1,38000.0,38000.0,9,Tuesday
3079,00016,1013,Jawa Tengah,online,2023-11-22,2,71300.0,142600.0,11,Wednesday
3080,00005,1702,Jawa Tengah,toko,2024-03-02,7,65900.0,461300.0,3,Saturday
3081,00058,1644,Yogyakarta,online,2024-10-22,10,108100.0,1081000.0,10,Tuesday
3082,00014,1476,Yogyakarta,online,2024-08-24,11,81100.0,892100.0,8,Saturday
3083,00039,1542,Jawa Tengah,reseller,2023-05-23,9,206400.0,1857600.0,5,Tuesday
3084,00004,1354,Jawa Tengah,toko,2024-03-16,6,67900.0,407400.0,3,Saturday
3085,00041,1423,Yogyakarta,online,2024-02-18,9,64300.0,578700.0,2,Sunday
3086,00012,1112,Jawa Timur,toko,2024-01-13,6,60300.0,361800.0,1,Saturday
3087,00042,1076,Jawa Tengah,reseller,2023-01-29,10,81200.0,812000.0,1,Sunday
3088,00012,1375,Jawa Tengah,toko,2023-12-30,10,105700.0,1057000.0,12,Saturday
3089,00030,1791,Yogyakarta,reseller,2023-04-03,4,73100.0,292400.0,4,Monday
3090,00025,1733,Jawa Timur,reseller,2024-08-03,5,56800.0,284000.0,8,Saturday
3091,00031,1428,Yogyakarta,online,2023-01-28,5,97500.0,487500.0,1,Saturday
3092,00019,1467,Yogyakarta,online,2023-03-31,3,106900.0,320700.0,3,Friday
3093,00020,1660,Jawa Tengah,online,2024-12-06,2,101700.0,203400.0,12,Friday
3094,00022,1367,Jawa Barat,reseller,2023-09-05,11,54900.0,603900.0,9,Tuesday
3095,00038,1302,Jawa Barat,toko,2024-11-19,11,82500.0,907500.0,11,Tuesday
3096,00049,1486,Jawa Barat,reseller,2023-03-13,1,116300.0,116300.0,3,Monday
3097,00022,1410,Jawa Tengah,toko,2024-07-15,11,309600.0,3405600.0,7,Monday
3098,00002,1440,Jawa Tengah,toko,2024-04-25,6,243200.0,1459200.0,4,Thursday
3099,00012,1026,Yogyakarta,reseller,2024-11-24,1,57900.0,57900.0,11,Sunday
3100,00007,1498,Jawa Barat,toko,2023-10-23,2,74400.0,148800.0,10,Monday
3101,00038,1314,Jawa Barat,toko,2024-09-15,1,31500.0,31500.0,9,Sunday
3102,00048,1159,Yogyakarta,online,2024-10-15,3,31400.0,94200.0,10,Tuesday
3103,00013,1628,Jawa Tengah,online,2023-12-03,9,33500.0,301500.0,12,Sunday
3104,00032,1118,Yogyakarta,toko,2023-09-06,11,161500.0,1776500.0,9,Wednesday
3105,00029,1146,Jawa Timur,online,2024-06-19,3,88000.0,264000.0,6,Wednesday
3106,00026,1010,Yogyakarta,toko,2024-10-31,8,97500.0,780000.0,10,Thursday
3107,00053,1582,Jawa Tengah,toko,2024-07-23,10,65300.0,653000.0,7,Tuesday
3108,00016,1665,Jawa Tengah,toko,2023-08-16,7,71900.0,503300.0,8,Wednesday
3109,00037,1311,Jawa Barat,toko,2023-04-06,3,65700.0,197100.0,4,Thursday
3110,00032,1002,Jawa Barat,toko,2024-11-19,2,221300.0,442600.0,11,Tuesday
3111,00052,1365,Jawa Timur,toko,2024-12-12,3,31800.0,95400.0,12,Thursday
3112,00014,1204,Jawa Barat,toko,2024-10-17,11,73900.0,812900.0,10,Thursday
3113,00056,1185,Yogyakarta,reseller,2024-11-28,11,110200.0,1212200.0,11,Thursday
3114,00051,1468,Yogyakarta,toko,2023-07-31,5,126000.0,630000.0,7,Monday
3115,00027,1571,Yogyakarta,toko,2023-10-17,11,27600.0,303600.0,10,Tuesday
3116,00049,1399,Jawa Timur,reseller,2024-01-24,2,106500.0,213000.0,1,Wednesday
3117,00039,1266,Yogyakarta,online,2023-08-06,5,46600.0,233000.0,8,Sunday
3118,00019,1721,Jawa Tengah,reseller,2023-02-24,7,68800.0,481600.0,2,Friday
3119,00051,1432,Jawa Barat,toko,2023-11-20,11,38600.0,424600.0,11,Monday
3120,00002,1170,Yogyakarta,online,2024-03-29,1,148700.0,148700.0,3,Friday
3121,00009,1649,Yogyakarta,toko,2023-04-04,2,566700.0,1133400.0,4,Tuesday
3122,00053,1091,Jawa Barat,reseller,2024-05-10,10,170800.0,1708000.0,5,Friday
3123,00047,1694,Jawa Timur,toko,2023-11-14,2,80800.0,161600.0,11,Tuesday
3124,00018,1128,Jawa Tengah,reseller,2023-12-03,5,35200.0,176000.0,12,Sunday
3125,00059,1453,Yogyakarta,toko,2024-10-22,4,157600.0,630400.0,10,Tuesday
3126,00039,1398,Yogyakarta,online,2023-11-12,4,190000.0,760000.0,11,Sunday
3127,00015,1769,Jawa Tengah,online,2023-05-11,1,51100.0,51100.0,5,Thursday
3129,00059,1084,Yogyakarta,toko,2023-06-24,9,34400.0,309600.0,6,Saturday
3130,00048,1364,Jawa Tengah,reseller,2024-07-29,3,46200.0,138600.0,7,Monday
3131,00037,1251,Jawa Barat,toko,2023-10-30,11,104200.0,1146200.0,10,Monday
3132,00051,1550,Jawa Timur,toko,2023-05-26,3,43300.0,129900.0,5,Friday
3133,00048,1049,Yogyakarta,online,2023-09-18,6,147800.0,886800.0,9,Monday
3134,00029,1257,Yogyakarta,toko,2024-09-01,7,217200.0,1520400.0,9,Sunday
3135,00045,1714,Yogyakarta,online,2024-02-08,2,99600.0,199200.0,2,Thursday
3136,00050,1532,Jawa Tengah,online,2024-06-07,2,127400.0,254800.0,6,Friday
3137,00002,1098,Jawa Timur,toko,2024-03-11,1,240300.0,240300.0,3,Monday
3138,00028,1015,Yogyakarta,toko,2023-10-17,7,129500.0,906500.0,10,Tuesday
3139,00056,1422,Jawa Tengah,toko,2023-05-05,2,203700.0,407400.0,5,Friday
3140,00016,1436,Jawa Barat,online,2024-12-11,10,219200.0,2192000.0,12,Wednesday
3141,00037,1153,Jawa Tengah,online,2023-03-22,5,53100.0,265500.0,3,Wednesday
3142,00029,1725,Yogyakarta,reseller,2024-03-01,9,338300.0,3044700.0,3,Friday
3143,00035,1021,Yogyakarta,toko,2023-06-18,7,190700.0,1334900.0,6,Sunday
3144,00020,1747,Jawa Barat,toko,2024-01-08,6,106000.0,636000.0,1,Monday
3145,00038,1004,Jawa Tengah,online,2024-11-02,4,155800.0,623200.0,11,Saturday
3146,00046,1457,Jawa Tengah,online,2024-01-22,5,116800.0,584000.0,1,Monday
3147,00044,1781,Jawa Tengah,online,2024-07-23,4,111200.0,444800.0,7,Tuesday
3148,00050,1786,Jawa Timur,toko,2023-09-07,4,55200.0,220800.0,9,Thursday
3149,00015,1765,Yogyakarta,toko,2023-06-01,7,77600.0,543200.0,6,Thursday
3150,00009,1188,Jawa Tengah,online,2024-01-21,3,80800.0,242400.0,1,Sunday
3151,00032,1571,Jawa Tengah,reseller,2023-12-24,1,182000.0,182000.0,12,Sunday
3152,00010,1238,Jawa Tengah,toko,2023-03-10,5,128600.0,643000.0,3,Friday
3153,00038,1249,Yogyakarta,online,2023-07-08,2,123600.0,247200.0,7,Saturday
3154,00023,1358,Jawa Tengah,online,2024-03-18,11,91800.0,1009800.0,3,Monday
3155,00043,1342,Yogyakarta,reseller,2024-03-26,4,201500.0,806000.0,3,Tuesday
3156,00028,1407,Yogyakarta,toko,2023-09-06,7,24200.0,169400.0,9,Wednesday
3157,00034,1085,Yogyakarta,toko,2023-05-14,8,58300.0,466400.0,5,Sunday
3158,00057,1655,Yogyakarta,toko,2024-04-27,4,168800.0,675200.0,4,Saturday
3159,00038,1279,Yogyakarta,toko,2023-06-27,11,77500.0,852500.0,6,Tuesday
3160,00056,1357,Yogyakarta,online,2024-03-16,3,141600.0,424800.0,3,Saturday
3161,00015,1619,Jawa Barat,toko,2023-05-03,10,242700.0,2427000.0,5,Wednesday
3162,00058,1038,Yogyakarta,reseller,2024-12-25,5,155100.0,775500.0,12,Wednesday
3163,00013,1487,Jawa Timur,toko,2024-09-26,7,42300.0,296100.0,9,Thursday
3164,00044,1559,Jawa Tengah,online,2024-06-22,5,86200.0,431000.0,6,Saturday
3165,00003,1675,Yogyakarta,toko,2024-08-19,8,50900.0,407200.0,8,Monday
3166,00040,1178,Jawa Tengah,online,2023-01-06,4,128600.0,514400.0,1,Friday
3167,00052,1119,Jawa Tengah,toko,2024-11-28,4,177500.0,710000.0,11,Thursday
3168,00016,1705,Jawa Tengah,toko,2023-03-29,7,85700.0,599900.0,3,Wednesday
3169,00010,1410,Jawa Tengah,toko,2023-12-28,9,131600.0,1184400.0,12,Thursday
3170,00022,1169,Jawa Tengah,toko,2023-12-28,9,87600.0,788400.0,12,Thursday
3171,00004,1668,Jawa Barat,toko,2024-04-30,1,294200.0,294200.0,4,Tuesday
3172,00001,1236,Jawa Barat,reseller,2024-01-30,8,106000.0,848000.0,1,Tuesday
3173,00026,1218,Jawa Tengah,reseller,2023-08-13,4,112100.0,448400.0,8,Sunday
3174,00050,1109,Jawa Timur,online,2023-12-14,8,135800.0,1086400.0,12,Thursday
3175,00024,1540,Yogyakarta,toko,2023-10-28,2,179700.0,359400.0,10,Saturday
3176,00017,1242,Yogyakarta,reseller,2024-06-18,6,97500.0,585000.0,6,Tuesday
3177,00014,1565,Jawa Barat,online,2024-06-23,11,96800.0,1064800.0,6,Sunday
3178,00005,1480,Jawa Tengah,online,2024-11-12,10,101600.0,1016000.0,11,Tuesday
3179,00024,1503,Jawa Barat,online,2024-03-26,1,131700.0,131700.0,3,Tuesday
3180,00019,1213,Jawa Barat,toko,2023-02-15,1,137900.0,137900.0,2,Wednesday
3181,00027,1316,Jawa Tengah,toko,2024-10-30,3,79500.0,238500.0,10,Wednesday
3182,00020,1038,Yogyakarta,toko,2024-04-02,7,70900.0,496300.0,4,Tuesday
3183,00035,1274,Yogyakarta,toko,2024-07-28,8,86200.0,689600.0,7,Sunday
3184,00043,1469,Jawa Tengah,toko,2023-07-30,10,128400.0,1284000.0,7,Sunday
3185,00001,1774,Yogyakarta,reseller,2024-04-27,11,76400.0,840400.0,4,Saturday
3186,00001,1587,Jawa Tengah,toko,2023-10-13,9,53200.0,478800.0,10,Friday
3187,00017,1112,Yogyakarta,online,2024-08-12,6,81500.0,489000.0,8,Monday
3188,00014,1087,Jawa Tengah,toko,2024-11-27,11,74500.0,819500.0,11,Wednesday
3189,00006,1771,Yogyakarta,reseller,2024-11-29,11,139400.0,1533400.0,11,Friday
3190,00053,1339,Jawa Tengah,online,2023-02-18,2,73600.0,147200.0,2,Saturday
3191,00006,1299,Jawa Barat,toko,2023-01-27,10,78200.0,782000.0,1,Friday
3192,00051,1054,Jawa Timur,toko,2023-05-30,8,287100.0,2296800.0,5,Tuesday
3193,00004,1051,Yogyakarta,online,2024-06-14,6,127300.0,763800.0,6,Friday
3194,00038,1013,Yogyakarta,toko,2024-01-03,9,29150000.0,262350000.0,1,Wednesday
3195,00023,1320,Jawa Tengah,toko,2024-01-31,2,195800.0,391600.0,1,Wednesday
3196,00033,1299,Jawa Barat,toko,2024-06-29,5,80200.0,401000.0,6,Saturday
3197,00031,1394,Jawa Tengah,toko,2024-01-31,7,62200.0,435400.0,1,Wednesday
3198,00014,1229,Jawa Tengah,online,2024-11-25,3,142800.0,428400.0,11,Monday
3199,00006,1375,Yogyakarta,online,2024-06-22,11,44200.0,486200.0,6,Saturday
3200,00052,1700,Yogyakarta,online,2024-12-11,5,95200.0,476000.0,12,Wednesday
3201,00044,1648,Jawa Tengah,toko,2023-04-15,8,136100.0,1088800.0,4,Saturday
3202,00045,1010,Jawa Tengah,online,2024-11-08,10,101700.0,1017000.0,11,Friday
3203,00037,1038,Jawa Timur,online,2024-03-22,5,73200.0,366000.0,3,Friday
3204,00031,1517,Jawa Tengah,toko,2024-07-21,3,74400.0,223200.0,7,Sunday
3205,00051,1326,Yogyakarta,toko,2023-08-15,3,94200.0,282600.0,8,Tuesday
3206,00010,1586,Jawa Barat,online,2023-11-25,9,197100.0,1773900.0,11,Saturday
3207,00036,1043,Jawa Tengah,online,2024-04-19,5,35600.0,178000.0,4,Friday
3208,00013,1333,Jawa Tengah,toko,2023-07-27,9,157700.0,1419300.0,7,Thursday
3210,00023,1400,Jawa Tengah,toko,2024-09-21,7,215400.0,1507800.0,9,Saturday
3211,00026,1629,Jawa Timur,online,2023-03-12,4,52300.0,209200.0,3,Sunday
3212,00020,1197,Yogyakarta,toko,2024-06-29,6,190600.0,1143600.0,6,Saturday
3213,00036,1067,Jawa Barat,reseller,2024-03-22,10,60400.0,604000.0,3,Friday
3214,00004,1201,Yogyakarta,online,2024-06-02,11,117400.0,1291400.0,6,Sunday
3215,00046,1560,Jawa Tengah,toko,2024-10-16,6,79100.0,474600.0,10,Wednesday
3216,00024,1042,Yogyakarta,reseller,2024-07-17,2,97500.0,195000.0,7,Wednesday
3217,00058,1170,Jawa Tengah,online,2023-04-23,4,95700.0,382800.0,4,Sunday
3219,00008,1410,Yogyakarta,online,2023-12-10,1,161800.0,161800.0,12,Sunday
3220,00017,1022,Jawa Barat,online,2024-02-03,6,69200.0,415200.0,2,Saturday
3221,00028,1467,Jawa Timur,reseller,2023-02-08,10,51000.0,510000.0,2,Wednesday
3222,00023,1109,Jawa Tengah,online,2023-07-06,1,148200.0,148200.0,7,Thursday
3223,00016,1703,Jawa Tengah,toko,2023-11-11,6,80800.0,484800.0,11,Saturday
3224,00020,1579,Yogyakarta,toko,2023-01-09,3,179700.0,539100.0,1,Monday
3225,00044,1694,Jawa Tengah,reseller,2023-04-12,3,223000.0,669000.0,4,Wednesday
3226,00023,1366,Yogyakarta,online,2023-06-25,2,86800.0,173600.0,6,Sunday
3227,00010,1053,Yogyakarta,online,2024-08-04,10,89900.0,899000.0,8,Sunday
3228,00037,1409,Jawa Barat,toko,2024-04-24,11,65700.0,722700.0,4,Wednesday
3229,00044,1425,Jawa Barat,reseller,2024-06-25,6,31200.0,187200.0,6,Tuesday
3230,00030,1235,Yogyakarta,toko,2023-09-27,6,98800.0,592800.0,9,Wednesday
3231,00043,1192,Jawa Timur,toko,2024-04-15,4,150100.0,600400.0,4,Monday
3232,00012,1128,Jawa Tengah,toko,2023-05-24,3,181500.0,544500.0,5,Wednesday
3233,00009,1774,Jawa Timur,reseller,2024-06-04,11,98100.0,1079100.0,6,Tuesday
3234,00047,1639,Jawa Barat,online,2023-04-07,4,284700.0,1138800.0,4,Friday
3235,00047,1134,Yogyakarta,online,2023-04-24,1,73700.0,73700.0,4,Monday
3236,00031,1099,Jawa Barat,toko,2023-01-26,3,98250.0,294750.0,1,Thursday
3237,00029,1699,Jawa Tengah,toko,2024-06-27,10,72900.0,729000.0,6,Thursday
3238,00028,1236,Jawa Tengah,toko,2024-02-21,5,77200.0,386000.0,2,Wednesday
3239,00014,1243,Jawa Tengah,toko,2023-03-09,5,84800.0,424000.0,3,Thursday
3240,00043,1601,Jawa Barat,toko,2024-04-25,3,67100.0,201300.0,4,Thursday
3241,00023,1111,Jawa Barat,online,2024-02-24,3,78200.0,234600.0,2,Saturday
3242,00045,1238,Yogyakarta,toko,2024-11-27,10,116700.0,1167000.0,11,Wednesday
3243,00027,1196,Yogyakarta,reseller,2023-03-16,7,105900.0,741300.0,3,Thursday
3244,00051,1761,Jawa Barat,reseller,2024-07-24,7,54800.0,383600.0,7,Wednesday
3245,00050,1632,Yogyakarta,online,2024-09-15,8,132800.0,1062400.0,9,Sunday
3246,00048,1140,Jawa Tengah,toko,2023-04-24,2,62400.0,124800.0,4,Monday
3247,00016,1369,Yogyakarta,toko,2024-02-16,8,129000.0,1032000.0,2,Friday
3248,00040,1422,Yogyakarta,toko,2023-05-31,10,103700.0,1037000.0,5,Wednesday
3249,00045,1147,Jawa Barat,online,2024-11-02,1,33300.0,33300.0,11,Saturday
3250,00043,1430,Jawa Timur,toko,2024-12-06,5,95700.0,478500.0,12,Friday
3251,00052,1774,Yogyakarta,reseller,2024-06-06,9,171000.0,1539000.0,6,Thursday
3252,00010,1400,Yogyakarta,toko,2023-08-01,1,69000.0,69000.0,8,Tuesday
3253,00039,1078,Jawa Tengah,reseller,2024-01-19,6,68500.0,411000.0,1,Friday
3254,00042,1619,Jawa Barat,toko,2024-01-30,9,77700.0,699300.0,1,Tuesday
3255,00022,1398,Yogyakarta,online,2023-07-18,2,106200.0,212400.0,7,Tuesday
3256,00016,1036,Yogyakarta,toko,2024-08-09,8,138200.0,1105600.0,8,Friday
3257,00034,1231,Yogyakarta,online,2023-11-12,3,84200.0,252600.0,11,Sunday
3258,00016,1436,Jawa Timur,toko,2024-04-11,6,260900.0,1565400.0,4,Thursday
3259,00035,1330,Jawa Barat,toko,2023-05-06,10,71900.0,719000.0,5,Saturday
3260,00008,1631,Yogyakarta,toko,2023-01-29,5,76400.0,382000.0,1,Sunday
3261,00024,1532,Yogyakarta,toko,2024-03-12,5,89700.0,448500.0,3,Tuesday
3262,00024,1040,Jawa Tengah,online,2023-12-11,9,109600.0,986400.0,12,Monday
3263,00044,1620,Jawa Tengah,toko,2024-11-21,1,229500.0,229500.0,11,Thursday
3264,00002,1437,Yogyakarta,online,2024-01-24,11,380800.0,4188800.0,1,Wednesday
3265,00022,1459,Yogyakarta,online,2024-09-18,1,82100.0,82100.0,9,Wednesday
3266,00039,1352,Jawa Barat,online,2024-01-28,6,90500.0,543000.0,1,Sunday
3267,00030,1305,Jawa Timur,toko,2023-07-14,7,143200.0,1002400.0,7,Friday
3268,00045,1323,Yogyakarta,toko,2023-03-23,10,93100.0,931000.0,3,Thursday
3269,00052,1337,Yogyakarta,online,2024-06-07,8,163100.0,1304800.0,6,Friday
3270,00046,1430,Jawa Timur,toko,2024-12-04,7,54300.0,380100.0,12,Wednesday
3271,00020,1161,Yogyakarta,toko,2024-01-03,11,162400.0,1786400.0,1,Wednesday
3272,00008,1499,Jawa Barat,toko,2024-01-01,3,28600.0,85800.0,1,Monday
3273,00006,1581,Jawa Barat,toko,2023-01-12,11,98250.0,1080750.0,1,Thursday
3274,00038,1562,Yogyakarta,online,2024-05-05,8,146200.0,1169600.0,5,Sunday
3275,00008,1554,Yogyakarta,toko,2024-06-17,2,413400.0,826800.0,6,Monday
3276,00050,1718,Jawa Tengah,toko,2024-07-13,9,59200.0,532800.0,7,Saturday
3277,00035,1316,Yogyakarta,toko,2024-09-07,10,148300.0,1483000.0,9,Saturday
3278,00003,1525,Yogyakarta,reseller,2023-07-04,2,144500.0,289000.0,7,Tuesday
3279,00047,1742,Yogyakarta,toko,2023-10-26,6,97500.0,585000.0,10,Thursday
3280,00012,1799,Jawa Timur,toko,2023-01-20,3,115400.0,346200.0,1,Friday
3281,00059,1390,Jawa Barat,toko,2024-10-23,2,61400.0,122800.0,10,Wednesday
3282,00016,1531,Jawa Timur,toko,2024-03-25,2,51100.0,102200.0,3,Monday
3283,00033,1563,Yogyakarta,toko,2024-08-31,3,41900.0,125700.0,8,Saturday
3284,00028,1215,Yogyakarta,online,2024-10-26,1,87800.0,87800.0,10,Saturday
3285,00021,1436,Yogyakarta,reseller,2024-07-10,10,54400.0,544000.0,7,Wednesday
3286,00011,1117,Jawa Barat,toko,2024-10-11,4,30200.0,120800.0,10,Friday
3287,00004,1455,Jawa Tengah,reseller,2023-02-21,2,117100.0,234200.0,2,Tuesday
3288,00032,1056,Jawa Tengah,toko,2024-10-02,6,37100.0,222600.0,10,Wednesday
3289,00059,1238,Jawa Tengah,toko,2024-01-11,1,147900.0,147900.0,1,Thursday
3290,00021,1214,Yogyakarta,online,2023-05-29,7,114100.0,798700.0,5,Monday
3291,00018,1577,Jawa Timur,toko,2024-01-16,10,61700.0,617000.0,1,Tuesday
3292,00039,1095,Jawa Barat,reseller,2024-10-07,6,39900.0,239400.0,10,Monday
3293,00059,1503,Jawa Tengah,toko,2023-05-24,7,58700.0,410900.0,5,Wednesday
3294,00032,1546,Yogyakarta,toko,2023-02-25,10,45600.0,456000.0,2,Saturday
3295,00058,1221,Yogyakarta,reseller,2024-07-02,2,79600.0,159200.0,7,Tuesday
3296,00041,1551,Yogyakarta,reseller,2023-07-27,2,80100.0,160200.0,7,Thursday
3297,00048,1496,Jawa Timur,toko,2023-01-17,9,411400.0,3702600.0,1,Tuesday
3299,00033,1075,Jawa Tengah,online,2023-08-12,10,70400.0,704000.0,8,Saturday
3300,00042,1306,Jawa Barat,toko,2023-03-10,9,136500.0,1228500.0,3,Friday
3301,00022,1262,Jawa Barat,reseller,2024-09-10,1,179100.0,179100.0,9,Tuesday
3302,00044,1371,Jawa Barat,toko,2024-07-23,1,214700.0,214700.0,7,Tuesday
3303,00023,1697,Yogyakarta,reseller,2024-12-07,4,56100.0,224400.0,12,Saturday
3304,00043,1207,Jawa Tengah,online,2024-08-03,1,157400.0,157400.0,8,Saturday
3305,00027,1269,Yogyakarta,online,2024-05-08,7,18700.0,130900.0,5,Wednesday
3306,00005,1734,Jawa Tengah,online,2024-10-24,2,86800.0,173600.0,10,Thursday
3307,00006,1338,Jawa Tengah,toko,2023-02-11,4,162100.0,648400.0,2,Saturday
3308,00056,1012,Jawa Tengah,toko,2024-09-17,7,149200.0,1044400.0,9,Tuesday
3309,00038,1580,Jawa Tengah,toko,2024-05-22,9,43700.0,393300.0,5,Wednesday
3310,00035,1256,Jawa Timur,online,2024-06-07,7,95700.0,669900.0,6,Friday
3311,00046,1528,Jawa Tengah,toko,2024-09-19,6,28300.0,169800.0,9,Thursday
3312,00017,1458,Yogyakarta,toko,2023-05-03,3,64100.0,192300.0,5,Wednesday
3313,00022,1366,Yogyakarta,reseller,2024-07-27,3,44400.0,133200.0,7,Saturday
3314,00026,1144,Jawa Timur,toko,2023-03-26,8,115600.0,924800.0,3,Sunday
3315,00039,1719,Jawa Timur,reseller,2023-12-12,11,63500.0,698500.0,12,Tuesday
3316,00031,1683,Jawa Barat,toko,2023-02-28,4,139700.0,558800.0,2,Tuesday
3317,00017,1276,Jawa Tengah,online,2023-11-24,7,92400.0,646800.0,11,Friday
3318,00031,1384,Yogyakarta,online,2023-08-16,9,81200.0,730800.0,8,Wednesday
3319,00023,1531,Jawa Barat,online,2024-01-20,5,274900.0,1374500.0,1,Saturday
3320,00015,1296,Jawa Tengah,reseller,2023-08-16,9,194400.0,1749600.0,8,Wednesday
3322,00016,1050,Jawa Barat,reseller,2024-12-24,3,220400.0,661200.0,12,Tuesday
3323,00032,1718,Yogyakarta,online,2023-10-01,4,153600.0,614400.0,10,Sunday
3325,00025,1366,Jawa Timur,toko,2023-02-19,10,128200.0,1282000.0,2,Sunday
3326,00047,1471,Yogyakarta,toko,2023-03-10,7,34600.0,242200.0,3,Friday
3327,00041,1186,Jawa Barat,online,2023-03-20,5,79200.0,396000.0,3,Monday
3328,00026,1224,Jawa Barat,reseller,2023-12-10,1,23900.0,23900.0,12,Sunday
3329,00034,1397,Yogyakarta,online,2024-01-16,8,43600.0,348800.0,1,Tuesday
3330,00003,1036,Jawa Tengah,toko,2024-08-07,7,65600.0,459200.0,8,Wednesday
3331,00025,1260,Yogyakarta,toko,2024-04-03,6,206600.0,1239600.0,4,Wednesday
3332,00027,1463,Jawa Tengah,toko,2023-10-14,8,100900.0,807200.0,10,Saturday
3333,00018,1113,Yogyakarta,toko,2024-03-24,1,111800.0,111800.0,3,Sunday
3334,00012,1243,Yogyakarta,toko,2024-01-16,2,75750000.0,151500000.0,1,Tuesday
3335,00044,1769,Yogyakarta,toko,2023-01-04,7,58100.0,406700.0,1,Wednesday
3336,00001,1677,Jawa Tengah,reseller,2024-10-01,9,187600.0,1688400.0,10,Tuesday
3337,00058,1152,Yogyakarta,toko,2024-04-30,8,112000.0,896000.0,4,Tuesday
3338,00058,1553,Yogyakarta,reseller,2024-10-31,5,56200.0,281000.0,10,Thursday
3339,00037,1473,Jawa Tengah,toko,2024-02-10,8,70400.0,563200.0,2,Saturday
3340,00018,1577,Jawa Timur,toko,2023-05-06,7,85400.0,597800.0,5,Saturday
3341,00018,1177,Yogyakarta,online,2023-02-03,8,140300.0,1122400.0,2,Friday
3342,00032,1712,Jawa Tengah,toko,2024-08-22,6,226000.0,1356000.0,8,Thursday
3343,00040,1409,Jawa Timur,toko,2023-11-01,9,82200.0,739800.0,11,Wednesday
3344,00022,1648,Jawa Barat,toko,2023-11-25,8,86300.0,690400.0,11,Saturday
3345,00026,1608,Jawa Timur,online,2024-10-18,10,281800.0,2818000.0,10,Friday
3346,00004,1263,Jawa Tengah,reseller,2023-01-17,6,637100.0,3822600.0,1,Tuesday
3347,00053,1004,Yogyakarta,toko,2024-07-24,4,282400.0,1129600.0,7,Wednesday
3348,00054,1455,Jawa Barat,toko,2023-08-10,6,110100.0,660600.0,8,Thursday
3349,00016,1296,Jawa Timur,online,2023-08-30,9,79700.0,717300.0,8,Wednesday
3350,00056,1207,Jawa Tengah,online,2024-10-11,6,146700.0,880200.0,10,Friday
3351,00051,1107,Jawa Tengah,toko,2024-10-14,9,117500.0,1057500.0,10,Monday
3352,00011,1161,Jawa Tengah,toko,2023-05-15,2,61900.0,123800.0,5,Monday
3353,00010,1619,Yogyakarta,toko,2023-05-02,5,217900.0,1089500.0,5,Tuesday
3354,00025,1164,Yogyakarta,online,2023-05-01,7,434600.0,3042200.0,5,Monday
3355,00041,1601,Jawa Barat,reseller,2024-06-20,11,98250.0,1080750.0,6,Thursday
3357,00044,1724,Yogyakarta,reseller,2024-04-23,11,73100.0,804100.0,4,Tuesday
3358,00010,1191,Jawa Tengah,toko,2023-11-13,5,46900.0,234500.0,11,Monday
3359,00055,1648,Yogyakarta,toko,2023-07-21,3,158400.0,475200.0,7,Friday
3360,00040,1179,Yogyakarta,toko,2024-10-28,9,42300.0,380700.0,10,Monday
3361,00015,1166,Yogyakarta,toko,2024-09-10,4,145400.0,581600.0,9,Tuesday
3362,00047,1538,Jawa Tengah,toko,2023-07-25,10,124100.0,1241000.0,7,Tuesday
3363,00025,1078,Yogyakarta,toko,2024-01-30,5,152500.0,762500.0,1,Tuesday
3364,00045,1201,Jawa Barat,toko,2023-02-14,10,98250.0,982500.0,2,Tuesday
3365,00042,1492,Yogyakarta,toko,2023-05-16,11,107200.0,1179200.0,5,Tuesday
3366,00040,1037,Yogyakarta,online,2024-10-30,9,115600.0,1040400.0,10,Wednesday
3367,00008,1218,Yogyakarta,toko,2024-03-26,11,165400.0,1819400.0,3,Tuesday
3368,00002,1337,Jawa Tengah,online,2023-08-22,11,122700.0,1349700.0,8,Tuesday
3369,00042,1483,Yogyakarta,toko,2023-05-05,2,69900.0,139800.0,5,Friday
3370,00014,1160,Jawa Timur,toko,2024-11-17,11,192500.0,2117500.0,11,Sunday
3371,00004,1447,Jawa Tengah,toko,2023-06-02,8,222200.0,1777600.0,6,Friday
3372,00031,1551,Yogyakarta,reseller,2024-05-05,5,217900.0,1089500.0,5,Sunday
3373,00056,1289,Jawa Barat,toko,2024-03-16,1,63500.0,63500.0,3,Saturday
3374,00042,1177,Yogyakarta,online,2024-09-01,8,134200.0,1073600.0,9,Sunday
3376,00023,1445,Jawa Tengah,toko,2023-08-22,2,89000.0,178000.0,8,Tuesday
3377,00042,1002,Yogyakarta,toko,2023-10-16,4,153400.0,613600.0,10,Monday
3378,00027,1140,Jawa Tengah,online,2024-06-04,7,42300.0,296100.0,6,Tuesday
3380,00050,1385,Jawa Barat,toko,2024-08-18,4,202600.0,810400.0,8,Sunday
3381,00004,1653,Jawa Timur,toko,2023-09-18,5,62600.0,313000.0,9,Monday
3382,00002,1693,Jawa Tengah,online,2024-05-10,10,70400.0,704000.0,5,Friday
3383,00053,1528,Jawa Barat,online,2024-04-21,8,94200.0,753600.0,4,Sunday
3384,00016,1242,Jawa Timur,toko,2024-11-05,2,90600.0,181200.0,11,Tuesday
3385,00049,1037,Yogyakarta,toko,2024-02-01,4,48200.0,192800.0,2,Thursday
3386,00018,1421,Yogyakarta,online,2024-10-23,2,91000.0,182000.0,10,Wednesday
3387,00050,1157,Jawa Tengah,online,2024-09-09,1,39500.0,39500.0,9,Monday
3388,00059,1350,Jawa Barat,toko,2024-02-19,8,68400.0,547200.0,2,Monday
3389,00055,1478,Yogyakarta,online,2024-09-03,4,283300.0,1133200.0,9,Tuesday
3390,00014,1056,Jawa Timur,toko,2024-11-19,7,94800.0,663600.0,11,Tuesday
3391,00031,1075,Jawa Barat,online,2024-05-04,7,78300.0,548100.0,5,Saturday
3392,00003,1016,Yogyakarta,online,2024-06-04,7,249000.0,1743000.0,6,Tuesday
3393,00016,1731,Yogyakarta,toko,2024-09-27,9,118800.0,1069200.0,9,Friday
3394,00025,1673,Jawa Tengah,reseller,2024-10-26,7,142400.0,996800.0,10,Saturday
3395,00003,1152,Yogyakarta,reseller,2023-08-28,4,70300.0,281200.0,8,Monday
3396,00039,1272,Jawa Barat,toko,2023-04-15,1,188200.0,188200.0,4,Saturday
3397,00012,1483,Jawa Tengah,online,2024-05-14,11,81000.0,891000.0,5,Tuesday
3398,00010,1548,Jawa Tengah,toko,2023-08-07,7,165200.0,1156400.0,8,Monday
3400,00050,1330,Jawa Barat,toko,2023-04-21,5,273600.0,1368000.0,4,Friday
3401,00059,1567,Jawa Tengah,toko,2024-11-17,2,177400.0,354800.0,11,Sunday
3402,00012,1670,Yogyakarta,online,2023-01-18,3,97500.0,292500.0,1,Wednesday
3403,00046,1105,Jawa Barat,online,2024-06-24,6,52600.0,315600.0,6,Monday
3404,00042,1156,Jawa Tengah,reseller,2024-04-23,10,82400.0,824000.0,4,Tuesday
3405,00048,1598,Jawa Tengah,toko,2023-02-02,7,101700.0,711900.0,2,Thursday
3406,00010,1387,Jawa Tengah,toko,2024-12-09,9,243700.0,2193300.0,12,Monday
3407,00029,1146,Yogyakarta,toko,2024-06-10,9,75600.0,680400.0,6,Monday
3408,00053,1438,Yogyakarta,toko,2024-04-04,8,25300.0,202400.0,4,Thursday
3409,00034,1042,Yogyakarta,online,2024-08-01,2,123500.0,247000.0,8,Thursday
3410,00012,1634,Jawa Timur,online,2024-12-12,5,159500.0,797500.0,12,Thursday
3411,00001,1277,Yogyakarta,online,2023-06-26,3,57200.0,171600.0,6,Monday
3412,00044,1023,Jawa Tengah,toko,2024-08-22,2,150500.0,301000.0,8,Thursday
3413,00005,1746,Jawa Timur,toko,2023-05-20,10,45000.0,450000.0,5,Saturday
3414,00050,1289,Jawa Tengah,online,2024-03-27,1,113800.0,113800.0,3,Wednesday
3416,00016,1380,Jawa Timur,reseller,2023-10-19,10,118500.0,1185000.0,10,Thursday
3417,00013,1033,Jawa Barat,toko,2023-10-24,8,98250.0,786000.0,10,Tuesday
3418,00006,1471,Jawa Timur,toko,2023-05-25,6,66000.0,396000.0,5,Thursday
3419,00020,1072,Jawa Timur,toko,2024-05-04,9,158900.0,1430100.0,5,Saturday
3420,00035,1113,Yogyakarta,online,2024-11-29,6,97500.0,585000.0,11,Friday
3421,00019,1759,Yogyakarta,toko,2024-11-26,3,105600.0,316800.0,11,Tuesday
3422,00030,1434,Yogyakarta,online,2024-11-18,4,228700.0,914800.0,11,Monday
3423,00038,1202,Yogyakarta,online,2024-02-12,2,56900.0,113800.0,2,Monday
3424,00029,1554,Jawa Timur,toko,2024-10-18,5,102900.0,514500.0,10,Friday
3425,00015,1460,Yogyakarta,toko,2024-07-16,7,254600.0,1782200.0,7,Tuesday
3426,00047,1586,Jawa Tengah,online,2023-09-01,7,208000.0,1456000.0,9,Friday
3427,00043,1532,Yogyakarta,online,2023-06-02,2,65700.0,131400.0,6,Friday
3428,00028,1179,Yogyakarta,reseller,2024-06-30,5,68100.0,340500.0,6,Sunday
3429,00011,1315,Jawa Timur,online,2023-08-14,8,136400.0,1091200.0,8,Monday
3430,00030,1352,Yogyakarta,toko,2024-01-26,10,66700.0,667000.0,1,Friday
3431,00022,1139,Jawa Barat,toko,2024-04-26,2,102800.0,205600.0,4,Friday
3432,00029,1238,Jawa Tengah,reseller,2024-08-24,3,43700.0,131100.0,8,Saturday
3433,00008,1502,Jawa Barat,online,2023-10-25,1,143500.0,143500.0,10,Wednesday
3434,00027,1310,Yogyakarta,toko,2024-02-18,2,37800.0,75600.0,2,Sunday
3435,00004,1268,Jawa Timur,toko,2024-07-20,1,106500.0,106500.0,7,Saturday
3436,00024,1290,Jawa Barat,toko,2023-01-09,10,149300.0,1493000.0,1,Monday
3437,00042,1137,Jawa Barat,online,2024-12-19,6,66100.0,396600.0,12,Thursday
3438,00010,1756,Yogyakarta,online,2023-07-22,3,38600.0,115800.0,7,Saturday
3439,00008,1543,Jawa Tengah,reseller,2023-01-16,4,46100.0,184400.0,1,Monday
3440,00018,1010,Jawa Barat,online,2023-07-17,4,31400.0,125600.0,7,Monday
3441,00054,1633,Yogyakarta,toko,2023-12-18,11,285900.0,3144900.0,12,Monday
3442,00016,1758,Jawa Timur,reseller,2023-08-28,9,31200.0,280800.0,8,Monday
3443,00056,1656,Jawa Tengah,toko,2023-06-16,11,45600.0,501600.0,6,Friday
3444,00015,1026,Jawa Tengah,online,2023-09-09,1,119600.0,119600.0,9,Saturday
3445,00004,1182,Jawa Tengah,toko,2023-12-16,3,101300.0,303900.0,12,Saturday
3446,00047,1062,Jawa Tengah,toko,2023-01-14,6,181600.0,1089600.0,1,Saturday
3447,00008,1007,Jawa Timur,online,2023-07-14,1,215600.0,215600.0,7,Friday
3448,00007,1164,Jawa Tengah,toko,2024-01-09,4,128600.0,514400.0,1,Tuesday
3449,00032,1749,Yogyakarta,reseller,2023-07-06,7,94600.0,662200.0,7,Thursday
3450,00013,1229,Yogyakarta,online,2024-11-17,11,70300.0,773300.0,11,Sunday
3451,00036,1455,Jawa Tengah,reseller,2024-12-08,10,88200.0,882000.0,12,Sunday
3452,00032,1686,Jawa Tengah,online,2024-03-26,6,173000.0,1038000.0,3,Tuesday
3453,00043,1762,Jawa Tengah,online,2024-10-04,5,141700.0,708500.0,10,Friday
3454,00019,1672,Yogyakarta,online,2023-06-05,6,142900.0,857400.0,6,Monday
3455,00017,1041,Jawa Tengah,toko,2024-11-15,7,36100.0,252700.0,11,Friday
3456,00015,1747,Yogyakarta,toko,2024-12-10,8,62200.0,497600.0,12,Tuesday
3457,00045,1434,Yogyakarta,reseller,2023-03-26,6,65200.0,391200.0,3,Sunday
3458,00023,1311,Jawa Barat,online,2024-10-01,9,71100.0,639900.0,10,Tuesday
3459,00051,1543,Jawa Timur,online,2024-05-19,10,52200.0,522000.0,5,Sunday
3460,00030,1012,Jawa Timur,toko,2024-10-06,4,147800.0,591200.0,10,Sunday
3461,00047,1474,Yogyakarta,toko,2024-10-24,6,185400.0,1112400.0,10,Thursday
3462,00040,1500,Jawa Timur,online,2023-03-27,1,291900.0,291900.0,3,Monday
3463,00041,1101,Yogyakarta,toko,2024-11-04,1,71900.0,71900.0,11,Monday
3464,00058,1719,Yogyakarta,online,2024-05-29,7,92600.0,648200.0,5,Wednesday
3465,00027,1084,Jawa Tengah,toko,2023-12-16,11,104100.0,1145100.0,12,Saturday
3466,00051,1085,Jawa Tengah,toko,2023-08-29,5,97900.0,489500.0,8,Tuesday
3467,00049,1341,Yogyakarta,online,2024-03-13,1,59600.0,59600.0,3,Wednesday
3468,00026,1662,Jawa Timur,reseller,2024-08-04,3,158700.0,476100.0,8,Sunday
3469,00042,1326,Jawa Barat,toko,2024-08-11,3,29300.0,87900.0,8,Sunday
3470,00027,1001,Jawa Tengah,reseller,2023-10-01,8,73800.0,590400.0,10,Sunday
3471,00040,1455,Jawa Tengah,online,2024-05-26,9,31500.0,283500.0,5,Sunday
3472,00025,1585,Yogyakarta,toko,2023-06-29,9,143300.0,1289700.0,6,Thursday
3473,00030,1324,Jawa Barat,toko,2023-12-24,6,42700.0,256200.0,12,Sunday
3474,00015,1394,Jawa Timur,reseller,2024-12-08,11,49200.0,541200.0,12,Sunday
3475,00038,1740,Jawa Tengah,online,2023-11-14,5,97600.0,488000.0,11,Tuesday
3476,00057,1726,Yogyakarta,online,2024-09-15,11,52700.0,579700.0,9,Sunday
3477,00021,1413,Jawa Tengah,toko,2023-09-04,1,101700.0,101700.0,9,Monday
3478,00005,1699,Jawa Tengah,toko,2024-04-18,3,78000.0,234000.0,4,Thursday
3479,00042,1147,Jawa Tengah,toko,2023-07-02,9,318800.0,2869200.0,7,Sunday
3480,00013,1037,Yogyakarta,online,2023-12-18,5,47400.0,237000.0,12,Monday
3481,00042,1524,Yogyakarta,toko,2023-04-04,4,60300.0,241200.0,4,Tuesday
3482,00040,1398,Jawa Tengah,reseller,2024-02-18,9,138600.0,1247400.0,2,Sunday
3484,00035,1193,Jawa Tengah,toko,2024-04-26,1,128700.0,128700.0,4,Friday
3485,00008,1280,Yogyakarta,toko,2024-02-15,11,82700.0,909700.0,2,Thursday
3486,00017,1351,Yogyakarta,reseller,2023-11-09,10,174000.0,1740000.0,11,Thursday
3487,00017,1568,Jawa Tengah,online,2024-04-12,9,121300.0,1091700.0,4,Friday
3488,00056,1053,Jawa Barat,online,2023-10-26,8,217600.0,1740800.0,10,Thursday
3489,00051,1196,Yogyakarta,toko,2024-08-05,8,43700.0,349600.0,8,Monday
3490,00025,1288,Jawa Barat,reseller,2023-07-13,4,114700.0,458800.0,7,Thursday
3491,00052,1657,Yogyakarta,online,2023-12-20,1,86200.0,86200.0,12,Wednesday
3492,00036,1326,Jawa Timur,toko,2024-04-01,10,125300.0,1253000.0,4,Monday
3493,00019,1286,Yogyakarta,online,2024-08-23,11,56000.0,616000.0,8,Friday
3494,00006,1003,Jawa Timur,toko,2023-07-28,6,160300.0,961800.0,7,Friday
3495,00054,1752,Jawa Barat,reseller,2024-12-10,7,44300.0,310100.0,12,Tuesday
3496,00053,1379,Jawa Tengah,toko,2023-11-01,3,167900.0,503700.0,11,Wednesday
3497,00045,1612,Jawa Tengah,toko,2023-12-14,7,101700.0,711900.0,12,Thursday
3498,00007,1715,Yogyakarta,online,2023-07-30,9,33400.0,300600.0,7,Sunday
3499,00033,1099,Yogyakarta,toko,2023-12-01,9,125200.0,1126800.0,12,Friday
3500,00024,1048,Jawa Timur,reseller,2024-10-29,11,30800.0,338800.0,10,Tuesday
3501,00041,1025,Jawa Barat,online,2023-09-26,5,138400.0,692000.0,9,Tuesday
3502,00053,1755,Yogyakarta,online,2024-01-14,2,37600.0,75200.0,1,Sunday
3503,00032,1299,Jawa Timur,toko,2024-11-18,5,94500.0,472500.0,11,Monday
3504,00056,1391,Jawa Tengah,toko,2023-04-20,11,83800.0,921800.0,4,Thursday
3505,00012,1054,Jawa Timur,toko,2023-04-02,7,37100.0,259700.0,4,Sunday
3506,00054,1168,Jawa Tengah,toko,2023-03-30,2,32400.0,64800.0,3,Thursday
3507,00052,1180,Jawa Barat,toko,2023-05-16,3,133200.0,399600.0,5,Tuesday
3508,00049,1775,Yogyakarta,toko,2024-07-17,8,73800.0,590400.0,7,Wednesday
3509,00057,1593,Yogyakarta,online,2023-11-21,9,91940400.00000022,827463600.0,11,Tuesday
3510,00014,1378,Yogyakarta,online,2024-11-15,6,95900.0,575400.0,11,Friday
3511,00012,1463,Yogyakarta,toko,2023-10-02,5,91940400.00000022,459702000.0,10,Monday
3512,00002,1349,Jawa Tengah,toko,2023-06-14,10,109700.0,1097000.0,6,Wednesday
3513,00045,1038,Jawa Tengah,toko,2023-11-10,6,285300.0,1711800.0,11,Friday
3514,00027,1301,Jawa Barat,toko,2024-02-21,11,98250.0,1080750.0,2,Wednesday
3515,00018,1601,Jawa Barat,toko,2024-12-11,11,104000.0,1144000.0,12,Wednesday
3516,00004,1705,Yogyakarta,online,2023-12-22,2,136900.0,273800.0,12,Friday
3517,00016,1649,Jawa Timur,reseller,2024-02-12,10,62800.0,628000.0,2,Monday
3519,00005,1660,Jawa Timur,toko,2024-02-04,10,267800.0,2678000.0,2,Sunday
3520,00001,1168,Jawa Tengah,online,2024-05-24,10,88300.0,883000.0,5,Friday
3521,00015,1007,Jawa Tengah,toko,2024-09-22,4,49600.0,198400.0,9,Sunday
3522,00020,1226,Jawa Tengah,toko,2024-08-09,5,134900.0,674500.0,8,Friday
3523,00012,1297,Yogyakarta,toko,2023-03-26,4,60000.0,240000.0,3,Sunday
3524,00012,1049,Jawa Tengah,online,2024-08-21,2,104200.0,208400.0,8,Wednesday
3525,00033,1493,Yogyakarta,online,2024-10-05,7,196900.0,1378300.0,10,Saturday
3526,00001,1675,Jawa Tengah,toko,2023-06-11,6,216700.0,1300200.0,6,Sunday
3527,00058,1692,Yogyakarta,reseller,2024-10-13,5,298000.0,1490000.0,10,Sunday
3528,00030,1390,Jawa Tengah,toko,2024-03-15,1,201800.0,201800.0,3,Friday
3529,00022,1212,Jawa Barat,online,2023-11-26,3,148200.0,444600.0,11,Sunday
3530,00005,1481,Jawa Timur,online,2023-04-24,2,138900.0,277800.0,4,Monday
3531,00012,1202,Yogyakarta,toko,2023-11-24,9,119600.0,1076400.0,11,Friday
3532,00054,1708,Jawa Tengah,toko,2023-05-17,10,101700.0,1017000.0,5,Wednesday
3533,00020,1346,Jawa Tengah,online,2023-03-02,5,393600.0,1968000.0,3,Thursday
3534,00041,1395,Jawa Tengah,online,2023-09-10,10,95800.0,958000.0,9,Sunday
3535,00010,1461,Jawa Tengah,online,2024-05-15,2,275000.0,550000.0,5,Wednesday
3536,00022,1221,Yogyakarta,online,2024-02-22,9,93600.0,842400.0,2,Thursday
3537,00020,1798,Yogyakarta,toko,2023-09-15,6,208700.0,1252200.0,9,Friday
3538,00050,1424,Yogyakarta,toko,2023-12-26,1,18200.0,18200.0,12,Tuesday
3539,00024,1003,Yogyakarta,reseller,2024-08-28,10,110500.0,1105000.0,8,Wednesday
3540,00048,1400,Jawa Timur,toko,2023-02-04,8,69200.0,553600.0,2,Saturday
3541,00055,1308,Yogyakarta,toko,2023-09-21,6,97500.0,585000.0,9,Thursday
3542,00020,1239,Yogyakarta,online,2023-12-25,5,249700.0,1248500.0,12,Monday
3543,00013,1110,Jawa Timur,toko,2024-04-10,1,69400.0,69400.0,4,Wednesday
3544,00050,1185,Jawa Tengah,reseller,2023-05-04,8,96700.0,773600.0,5,Thursday
3545,00055,1478,Jawa Timur,online,2023-11-23,4,177200.0,708800.0,11,Thursday
3546,00055,1286,Jawa Barat,toko,2023-05-06,4,121900.0,487600.0,5,Saturday
3547,00008,1454,Yogyakarta,toko,2023-11-13,11,108000.0,1188000.0,11,Monday
3548,00037,1588,Yogyakarta,online,2024-09-22,4,183500.0,734000.0,9,Sunday
3549,00007,1348,Yogyakarta,online,2024-09-13,5,46400.0,232000.0,9,Friday
3550,00021,1132,Jawa Tengah,toko,2024-04-17,11,269800.0,2967800.0,4,Wednesday
3551,00025,1525,Jawa Tengah,toko,2023-07-18,7,134200.0,939400.0,7,Tuesday
3552,00054,1796,Yogyakarta,toko,2023-06-30,8,18100.0,144800.0,6,Friday
3553,00044,1657,Jawa Tengah,online,2023-10-12,6,59300.0,355800.0,10,Thursday
3554,00056,1188,Jawa Tengah,toko,2024-07-17,7,98000.0,686000.0,7,Wednesday
3555,00050,1665,Jawa Barat,toko,2024-10-03,11,404300.0,4447300.0,10,Thursday
3556,00021,1218,Jawa Timur,reseller,2024-12-17,6,102600.0,615600.0,12,Tuesday
3557,00052,1089,Yogyakarta,online,2024-12-02,9,41700.0,375300.0,12,Monday
3559,00012,1624,Jawa Tengah,online,2024-05-21,10,131800.0,1318000.0,5,Tuesday
3560,00052,1313,Jawa Timur,online,2023-04-19,5,103500.0,517500.0,4,Wednesday
3561,00004,1733,Jawa Barat,toko,2023-03-30,1,195500.0,195500.0,3,Thursday
3562,00040,1297,Jawa Tengah,online,2024-04-26,10,82500.0,825000.0,4,Friday
3563,00053,1048,Yogyakarta,online,2024-09-30,10,97400.0,974000.0,9,Monday
3564,00014,1545,Jawa Tengah,toko,2023-10-27,10,191000.0,1910000.0,10,Friday
3565,00042,1469,Jawa Barat,toko,2023-02-17,9,136500.0,1228500.0,2,Friday
3566,00034,1716,Yogyakarta,toko,2023-11-18,2,91940400.00000022,183880800.0,11,Saturday
3567,00042,1770,Yogyakarta,online,2024-09-28,6,84100.0,504600.0,9,Saturday
3568,00019,1198,Yogyakarta,toko,2023-05-15,9,289400.0,2604600.0,5,Monday
3569,00007,1197,Jawa Timur,toko,2024-10-21,1,44700.0,44700.0,10,Monday
3570,00055,1647,Jawa Timur,online,2023-04-02,8,46000.0,368000.0,4,Sunday
3571,00007,1302,Yogyakarta,reseller,2023-03-24,11,142600.0,1568600.0,3,Friday
3572,00021,1246,Yogyakarta,toko,2024-12-12,8,87600.0,700800.0,12,Thursday
3573,00001,1121,Jawa Barat,toko,2023-12-26,11,59600000.0,655600000.0,12,Tuesday
3574,00012,1325,Jawa Barat,reseller,2023-11-30,4,108100.0,432400.0,11,Thursday
3575,00039,1262,Yogyakarta,toko,2023-08-23,1,96300.0,96300.0,8,Wednesday
3576,00003,1102,Yogyakarta,toko,2023-05-01,11,55900.0,614900.0,5,Monday
3577,00013,1137,Jawa Barat,reseller,2024-11-24,4,127300.0,509200.0,11,Sunday
3578,00021,1714,Jawa Timur,toko,2023-12-05,7,233000.0,1631000.0,12,Tuesday
3579,00020,1096,Yogyakarta,toko,2024-02-08,6,64000.0,384000.0,2,Thursday
3580,00059,1298,Jawa Tengah,reseller,2023-11-30,10,330800.0,3308000.0,11,Thursday
3581,00012,1311,Jawa Tengah,online,2023-05-05,3,272700.0,818100.0,5,Friday
3582,00013,1560,Jawa Tengah,online,2023-04-24,1,63900.0,63900.0,4,Monday
3583,00045,1338,Yogyakarta,toko,2024-06-18,4,172500.0,690000.0,6,Tuesday
3584,00028,1021,Jawa Timur,online,2024-06-24,6,55000.0,330000.0,6,Monday
3585,00030,1480,Yogyakarta,toko,2024-07-28,3,98700.0,296100.0,7,Sunday
3586,00058,1557,Yogyakarta,toko,2024-04-01,3,97500.0,292500.0,4,Monday
3588,00001,1181,Jawa Timur,toko,2024-06-10,5,34900.0,174500.0,6,Monday
3589,00052,1762,Jawa Tengah,toko,2024-04-27,11,96900.0,1065900.0,4,Saturday
3590,00018,1361,Jawa Timur,toko,2024-09-04,4,56700.0,226800.0,9,Wednesday
3591,00019,1521,Yogyakarta,toko,2023-03-17,3,62200.0,186600.0,3,Friday
3592,00049,1539,Jawa Tengah,reseller,2024-10-03,7,32500.0,227500.0,10,Thursday
3593,00037,1143,Yogyakarta,toko,2024-03-23,8,109000.0,872000.0,3,Saturday
3594,00006,1136,Jawa Tengah,online,2024-12-30,2,333900.0,667800.0,12,Monday
3595,00053,1078,Jawa Timur,toko,2024-04-17,10,85500.0,855000.0,4,Wednesday
3596,00055,1421,Yogyakarta,toko,2024-05-29,5,97100.0,485500.0,5,Wednesday
3597,00001,1307,Jawa Tengah,toko,2023-11-18,3,53700.0,161100.0,11,Saturday
3598,00050,1668,Jawa Barat,reseller,2024-12-17,4,80200.0,320800.0,12,Tuesday
3599,00011,1648,Yogyakarta,toko,2024-09-09,11,63600.0,699600.0,9,Monday
3600,00009,1130,Yogyakarta,online,2024-12-22,8,41600.0,332800.0,12,Sunday
3601,00046,1519,Jawa Tengah,online,2023-05-03,8,62200.0,497600.0,5,Wednesday
3602,00035,1374,Yogyakarta,reseller,2023-05-22,3,77900.0,233700.0,5,Monday
3603,00026,1051,Jawa Tengah,online,2023-07-05,4,128000.0,512000.0,7,Wednesday
3604,00033,1147,Jawa Tengah,toko,2023-10-13,4,86500.0,346000.0,10,Friday
3605,00012,1653,Yogyakarta,reseller,2024-03-22,9,125400.0,1128600.0,3,Friday
3606,00041,1114,Jawa Barat,online,2023-12-18,3,230400.0,691200.0,12,Monday
3607,00022,1347,Jawa Barat,online,2023-10-20,2,98250.0,196500.0,10,Friday
3608,00019,1391,Jawa Barat,reseller,2023-12-08,11,82200.0,904200.0,12,Friday
3609,00033,1635,Jawa Tengah,toko,2024-12-19,4,36500.0,146000.0,12,Thursday
3610,00023,1365,Jawa Tengah,online,2023-03-12,2,94300.0,188600.0,3,Sunday
3611,00004,1432,Yogyakarta,online,2024-08-16,11,110800.0,1218800.0,8,Friday
3612,00015,1515,Yogyakarta,online,2023-10-14,3,191800.0,575400.0,10,Saturday
3613,00058,1287,Yogyakarta,toko,2024-06-15,8,114600.0,916800.0,6,Saturday
3614,00018,1686,Jawa Timur,reseller,2024-07-30,10,561000.0,5610000.0,7,Tuesday
3615,00024,1530,Jawa Timur,toko,2024-01-18,8,86700.0,693600.0,1,Thursday
3616,00011,1565,Jawa Tengah,toko,2024-01-07,5,156300.0,781500.0,1,Sunday
3617,00004,1747,Yogyakarta,online,2024-08-05,8,60700.0,485600.0,8,Monday
3618,00054,1269,Jawa Timur,reseller,2024-05-01,9,57500.0,517500.0,5,Wednesday
3619,00036,1583,Jawa Tengah,toko,2024-10-27,4,87800.0,351200.0,10,Sunday
3620,00053,1388,Jawa Timur,toko,2024-05-21,1,118500.0,118500.0,5,Tuesday
3621,00050,1296,Yogyakarta,online,2023-02-13,1,158600.0,158600.0,2,Monday
3622,00022,1539,Jawa Tengah,online,2024-04-02,2,15800.0,31600.0,4,Tuesday
3623,00029,1119,Jawa Timur,toko,2023-10-26,11,205800.0,2263800.0,10,Thursday
3624,00041,1670,Jawa Barat,toko,2023-01-10,7,257200.0,1800400.0,1,Tuesday
3625,00046,1742,Jawa Barat,online,2024-04-23,4,235800.0,943200.0,4,Tuesday
3626,00029,1546,Jawa Tengah,online,2023-10-06,2,174300.0,348600.0,10,Friday
3627,00003,1307,Yogyakarta,toko,2024-01-08,6,97000.0,582000.0,1,Monday
3628,00017,1402,Jawa Barat,toko,2024-06-29,3,146100.0,438300.0,6,Saturday
3629,00019,1234,Yogyakarta,online,2024-12-27,2,226500.0,453000.0,12,Friday
3630,00021,1106,Jawa Tengah,toko,2023-09-25,5,58200.0,291000.0,9,Monday
3631,00035,1698,Yogyakarta,toko,2023-09-28,10,156100.0,1561000.0,9,Thursday
3632,00057,1694,Yogyakarta,toko,2024-12-08,7,141300.0,989100.0,12,Sunday
3633,00009,1494,Jawa Barat,toko,2023-08-04,4,95900.0,383600.0,8,Friday
3634,00021,1225,Jawa Tengah,toko,2024-12-01,2,305900.0,611800.0,12,Sunday
3635,00016,1788,Yogyakarta,toko,2024-05-17,4,68600.0,274400.0,5,Friday
3636,00035,1324,Jawa Timur,toko,2024-01-10,1,57800.0,57800.0,1,Wednesday
3637,00049,1452,Jawa Barat,online,2024-12-06,11,98250.0,1080750.0,12,Friday
3638,00056,1707,Yogyakarta,toko,2024-12-16,5,71300.0,356500.0,12,Monday
3639,00030,1032,Yogyakarta,toko,2024-11-16,11,232200.0,2554200.0,11,Saturday
3640,00018,1165,Yogyakarta,reseller,2023-06-01,8,38300.0,306400.0,6,Thursday
3641,00013,1582,Yogyakarta,toko,2024-12-26,1,47200.0,47200.0,12,Thursday
3642,00048,1731,Yogyakarta,reseller,2023-12-17,9,125000.0,1125000.0,12,Sunday
3643,00003,1691,Jawa Barat,toko,2023-02-27,4,162200.0,648800.0,2,Monday
3644,00007,1183,Jawa Timur,online,2024-11-06,7,50800.0,355600.0,11,Wednesday
3645,00004,1631,Yogyakarta,toko,2024-07-20,4,226000.0,904000.0,7,Saturday
3646,00044,1069,Yogyakarta,reseller,2023-03-07,4,32700.0,130800.0,3,Tuesday
3647,00051,1472,Jawa Tengah,reseller,2023-01-15,9,191800.0,1726200.0,1,Sunday
3648,00048,1410,Yogyakarta,online,2024-01-09,11,60600.0,666600.0,1,Tuesday
3649,00017,1687,Jawa Tengah,toko,2024-12-28,10,77700.0,777000.0,12,Saturday
3650,00050,1636,Jawa Barat,online,2023-10-31,4,303700.0,1214800.0,10,Tuesday
3651,00001,1030,Jawa Tengah,online,2024-10-02,11,101700.0,1118700.0,10,Wednesday
3652,00058,1321,Jawa Barat,online,2023-10-12,9,69900.0,629100.0,10,Thursday
3653,00036,1060,Jawa Timur,online,2024-10-21,4,118900.0,475600.0,10,Monday
3654,00042,1674,Jawa Barat,toko,2023-11-13,9,319400.0,2874600.0,11,Monday
3655,00006,1014,Yogyakarta,online,2024-08-21,3,107100.0,321300.0,8,Wednesday
3656,00058,1317,Jawa Timur,toko,2024-03-15,8,64700.0,517600.0,3,Friday
3657,00024,1531,Yogyakarta,online,2024-02-26,10,116300.0,1163000.0,2,Monday
3658,00017,1652,Jawa Timur,toko,2024-11-05,6,48800.0,292800.0,11,Tuesday
3659,00051,1724,Yogyakarta,toko,2024-10-16,3,67900.0,203700.0,10,Wednesday
3660,00031,1090,Jawa Tengah,toko,2023-02-07,3,72900.0,218700.0,2,Tuesday
3661,00008,1206,Yogyakarta,reseller,2023-04-11,4,151000.0,604000.0,4,Tuesday
3662,00013,1226,Jawa Tengah,toko,2023-04-16,7,76400.0,534800.0,4,Sunday
3663,00022,1218,Jawa Barat,toko,2023-10-01,9,136600.0,1229400.0,10,Sunday
3665,00030,1588,Yogyakarta,toko,2023-05-16,9,263500.0,2371500.0,5,Tuesday
3666,00026,1591,Yogyakarta,toko,2024-01-30,11,37100.0,408100.0,1,Tuesday
3667,00039,1368,Jawa Barat,toko,2024-10-24,6,98900.0,593400.0,10,Thursday
3668,00043,1375,Yogyakarta,toko,2024-06-11,6,97500.0,585000.0,6,Tuesday
3669,00008,1624,Jawa Tengah,toko,2024-07-16,8,150000.0,1200000.0,7,Tuesday
3670,00046,1524,Jawa Tengah,toko,2024-09-09,6,118600.0,711600.0,9,Monday
3671,00049,1127,Jawa Tengah,toko,2024-08-21,3,101400.0,304200.0,8,Wednesday
3672,00002,1190,Jawa Tengah,online,2024-08-22,11,74200.0,816200.0,8,Thursday
3673,00045,1407,Jawa Barat,reseller,2023-12-06,7,57200.0,400400.0,12,Wednesday
3674,00056,1587,Jawa Barat,toko,2023-08-22,10,37000.0,370000.0,8,Tuesday
3675,00024,1785,Yogyakarta,toko,2024-01-30,5,181900.0,909500.0,1,Tuesday
3676,00015,1794,Yogyakarta,online,2023-06-07,4,90500.0,362000.0,6,Wednesday
3677,00033,1408,Yogyakarta,toko,2024-03-31,6,103900.0,623400.0,3,Sunday
3678,00018,1063,Yogyakarta,toko,2024-03-29,11,123500.0,1358500.0,3,Friday
3679,00013,1464,Jawa Barat,online,2023-05-11,8,163700.0,1309600.0,5,Thursday
3680,00050,1255,Yogyakarta,toko,2023-02-09,11,315400.0,3469400.0,2,Thursday
3681,00036,1162,Yogyakarta,toko,2023-11-21,9,91600.0,824400.0,11,Tuesday
3682,00053,1695,Yogyakarta,toko,2024-03-09,2,150700.0,301400.0,3,Saturday
3683,00043,1675,Yogyakarta,reseller,2023-12-12,2,38300.0,76600.0,12,Tuesday
3684,00044,1681,Yogyakarta,toko,2024-03-28,5,80500.0,402500.0,3,Thursday
3685,00047,1027,Jawa Tengah,reseller,2023-09-24,7,66600.0,466200.0,9,Sunday
3686,00020,1697,Jawa Tengah,online,2023-12-20,5,101700.0,508500.0,12,Wednesday
3687,00008,1708,Jawa Barat,online,2024-09-13,4,203700.0,814800.0,9,Friday
3688,00028,1181,Jawa Barat,online,2024-09-15,7,108700.0,760900.0,9,Sunday
3689,00058,1441,Yogyakarta,online,2023-06-12,5,105900.0,529500.0,6,Monday
3690,00050,1450,Yogyakarta,reseller,2023-02-19,8,106700.0,853600.0,2,Sunday
3691,00043,1376,Jawa Barat,toko,2024-11-13,6,89100.0,534600.0,11,Wednesday
3692,00022,1068,Yogyakarta,toko,2023-01-15,5,89300.0,446500.0,1,Sunday
3693,00013,1090,Yogyakarta,online,2023-08-27,2,69200.0,138400.0,8,Sunday
3694,00048,1344,Jawa Tengah,toko,2024-11-11,8,73900.0,591200.0,11,Monday
3695,00026,1215,Jawa Timur,online,2024-07-26,8,78800.0,630400.0,7,Friday
3696,00047,1460,Yogyakarta,toko,2024-09-06,7,91300.0,639100.0,9,Friday
3697,00013,1475,Jawa Tengah,reseller,2023-09-18,5,33200.0,166000.0,9,Monday
3698,00028,1206,Yogyakarta,online,2023-01-27,6,97500.0,585000.0,1,Friday
3699,00048,1334,Yogyakarta,online,2023-07-13,11,99500.0,1094500.0,7,Thursday
3700,00053,1337,Jawa Barat,toko,2024-06-09,1,130500.0,130500.0,6,Sunday
3701,00003,1774,Jawa Timur,toko,2023-04-08,4,52200.0,208800.0,4,Saturday
3702,00023,1292,Yogyakarta,toko,2024-03-04,3,58200.0,174600.0,3,Monday
3703,00016,1423,Jawa Barat,reseller,2023-06-21,11,164000.0,1804000.0,6,Wednesday
3704,00045,1067,Jawa Tengah,toko,2023-04-14,5,66200.0,331000.0,4,Friday
3705,00046,1302,Yogyakarta,online,2023-09-26,2,135300.0,270600.0,9,Tuesday
3706,00038,1054,Jawa Timur,online,2023-10-30,8,68000.0,544000.0,10,Monday
3707,00044,1062,Yogyakarta,online,2023-02-13,10,49700.0,497000.0,2,Monday
3708,00020,1624,Jawa Timur,online,2024-03-11,4,42600.0,170400.0,3,Monday
3709,00004,1019,Yogyakarta,toko,2023-10-02,5,70600.0,353000.0,10,Monday
3710,00032,1002,Jawa Barat,toko,2024-03-19,3,76700.0,230100.0,3,Tuesday
3712,00036,1788,Jawa Tengah,online,2023-05-28,1,236700.0,236700.0,5,Sunday
3713,00036,1139,Jawa Barat,online,2023-12-19,5,102900.0,514500.0,12,Tuesday
3714,00032,1717,Yogyakarta,toko,2023-01-09,8,59900.0,479200.0,1,Monday
3715,00050,1659,Yogyakarta,reseller,2023-03-07,5,97500.0,487500.0,3,Tuesday
3716,00007,1789,Yogyakarta,toko,2023-02-16,5,166100.0,830500.0,2,Thursday
3717,00024,1327,Jawa Tengah,toko,2024-03-12,10,101700.0,1017000.0,3,Tuesday
3718,00059,1628,Jawa Tengah,online,2023-06-25,6,55200.0,331200.0,6,Sunday
3719,00016,1062,Yogyakarta,online,2024-09-25,2,91000.0,182000.0,9,Wednesday
3720,00058,1001,Jawa Tengah,online,2023-08-17,10,156700.0,1567000.0,8,Thursday
3721,00001,1028,Jawa Barat,online,2024-06-06,11,44100.0,485100.0,6,Thursday
3722,00003,1092,Yogyakarta,toko,2023-05-31,8,201600.0,1612800.0,5,Wednesday
3723,00013,1718,Yogyakarta,toko,2023-08-10,3,80900.0,242700.0,8,Thursday
3724,00056,1254,Yogyakarta,toko,2023-09-07,3,167100.0,501300.0,9,Thursday
3725,00038,1284,Jawa Timur,toko,2023-01-10,6,93600.0,561600.0,1,Tuesday
3726,00032,1145,Yogyakarta,online,2023-03-16,4,135900.0,543600.0,3,Thursday
3727,00008,1405,Jawa Barat,reseller,2023-08-25,9,149100.0,1341900.0,8,Friday
3728,00008,1048,Yogyakarta,reseller,2023-10-15,7,219500.0,1536500.0,10,Sunday
3729,00051,1181,Jawa Tengah,toko,2023-11-12,11,66700.0,733700.0,11,Sunday
3730,00049,1733,Yogyakarta,toko,2023-09-02,10,314000.0,3140000.0,9,Saturday
3731,00004,1717,Yogyakarta,reseller,2023-02-01,3,47800.0,143400.0,2,Wednesday
3732,00026,1728,Yogyakarta,online,2023-08-07,2,122800.0,245600.0,8,Monday
3733,00033,1273,Yogyakarta,toko,2023-02-08,7,152600.0,1068200.0,2,Wednesday
3734,00043,1613,Jawa Timur,toko,2023-10-06,5,103600.0,518000.0,10,Friday
3735,00001,1070,Yogyakarta,online,2023-12-02,4,172900.0,691600.0,12,Saturday
3736,00049,1202,Jawa Tengah,toko,2024-09-21,3,39100.0,117300.0,9,Saturday
3737,00032,1233,Jawa Tengah,toko,2023-02-14,5,99500.0,497500.0,2,Tuesday
3738,00032,1681,Jawa Timur,toko,2024-07-29,2,184800.0,369600.0,7,Monday
3739,00022,1663,Jawa Tengah,online,2023-05-20,1,102900.0,102900.0,5,Saturday
3741,00055,1287,Jawa Tengah,online,2024-11-01,9,112400.0,1011600.0,11,Friday
3742,00049,1258,Yogyakarta,online,2023-03-14,5,114500.0,572500.0,3,Tuesday
3743,00049,1674,Yogyakarta,online,2023-06-29,5,56900.0,284500.0,6,Thursday
3744,00041,1102,Jawa Barat,online,2024-02-15,5,224400.0,1122000.0,2,Thursday
3745,00029,1379,Yogyakarta,online,2023-02-01,3,74500.0,223500.0,2,Wednesday
3746,00054,1108,Jawa Tengah,online,2023-03-05,10,55700.0,557000.0,3,Sunday
3747,00007,1472,Jawa Timur,online,2023-12-22,7,109200.0,764400.0,12,Friday
3748,00016,1327,Jawa Timur,reseller,2024-08-15,1,69600.0,69600.0,8,Thursday
3749,00027,1534,Yogyakarta,toko,2023-07-06,4,91500.0,366000.0,7,Thursday
3750,00047,1665,Yogyakarta,toko,2023-09-29,3,97500.0,292500.0,9,Friday
3751,00020,1169,Yogyakarta,online,2024-09-26,6,80100.0,480600.0,9,Thursday
3752,00052,1061,Jawa Barat,toko,2024-12-17,1,98250.0,98250.0,12,Tuesday
3753,00019,1073,Jawa Barat,reseller,2024-03-09,2,122100.0,244200.0,3,Saturday
3754,00021,1343,Jawa Tengah,toko,2023-09-26,1,210600.0,210600.0,9,Tuesday
3755,00019,1621,Yogyakarta,online,2023-11-25,3,56800.0,170400.0,11,Saturday
3756,00025,1283,Yogyakarta,online,2024-01-30,6,106700.0,640200.0,1,Tuesday
3757,00049,1623,Jawa Barat,toko,2024-09-22,1,119500.0,119500.0,9,Sunday
3758,00020,1713,Yogyakarta,toko,2023-02-16,4,121600.0,486400.0,2,Thursday
3759,00029,1776,Jawa Barat,toko,2023-09-29,9,29600.0,266400.0,9,Friday
3760,00001,1122,Yogyakarta,toko,2023-05-06,8,54600.0,436800.0,5,Saturday
3761,00033,1491,Jawa Tengah,toko,2024-01-27,2,124600.0,249200.0,1,Saturday
3762,00014,1524,Yogyakarta,toko,2023-05-13,3,144200.0,432600.0,5,Saturday
3763,00030,1433,Yogyakarta,toko,2023-11-25,9,104700.0,942300.0,11,Saturday
3764,00020,1258,Yogyakarta,online,2024-11-17,2,57250000.0,114500000.0,11,Sunday
3765,00023,1319,Jawa Barat,online,2023-04-09,6,98250.0,589500.0,4,Sunday
3766,00007,1517,Yogyakarta,toko,2024-12-26,9,83400.0,750600.0,12,Thursday
3767,00028,1394,Yogyakarta,online,2023-01-11,7,65400.0,457800.0,1,Wednesday
3768,00046,1657,Jawa Tengah,toko,2024-04-10,1,249100.0,249100.0,4,Wednesday
3769,00036,1151,Yogyakarta,online,2024-08-16,1,147700.0,147700.0,8,Friday
3770,00026,1659,Yogyakarta,reseller,2024-04-03,7,93300.0,653100.0,4,Wednesday
3771,00050,1493,Yogyakarta,online,2024-08-07,10,67400.0,674000.0,8,Wednesday
3772,00034,1676,Yogyakarta,toko,2024-07-10,1,266100.0,266100.0,7,Wednesday
3773,00037,1013,Yogyakarta,toko,2023-08-03,11,87400.0,961400.0,8,Thursday
3774,00017,1234,Yogyakarta,online,2023-11-18,11,63700.0,700700.0,11,Saturday
3775,00041,1752,Yogyakarta,online,2023-08-23,6,218100.0,1308600.0,8,Wednesday
3776,00022,1220,Yogyakarta,toko,2024-11-12,10,97500.0,975000.0,11,Tuesday
3777,00012,1357,Jawa Tengah,online,2024-08-11,10,94200.0,942000.0,8,Sunday
3778,00045,1098,Yogyakarta,reseller,2023-06-20,1,149200.0,149200.0,6,Tuesday
3779,00035,1713,Yogyakarta,online,2023-01-07,11,87000.0,957000.0,1,Saturday
3780,00028,1204,Yogyakarta,toko,2024-10-27,11,75900.0,834900.0,10,Sunday
3781,00043,1746,Yogyakarta,reseller,2023-02-08,3,133300.0,399900.0,2,Wednesday
3782,00036,1095,Jawa Tengah,toko,2023-01-15,7,50200.0,351400.0,1,Sunday
3783,00045,1670,Jawa Tengah,toko,2023-08-23,8,90700.0,725600.0,8,Wednesday
3784,00025,1627,Yogyakarta,toko,2024-03-05,9,157600.0,1418400.0,3,Tuesday
3785,00059,1017,Jawa Barat,reseller,2024-07-23,7,53900.0,377300.0,7,Tuesday
3786,00033,1037,Jawa Barat,online,2024-03-25,10,233600.0,2336000.0,3,Monday
3787,00028,1488,Jawa Tengah,toko,2024-07-30,5,91000.0,455000.0,7,Tuesday
3788,00053,1153,Jawa Barat,toko,2024-07-07,5,98500.0,492500.0,7,Sunday
3789,00059,1770,Yogyakarta,reseller,2023-08-17,7,77700.0,543900.0,8,Thursday
3790,00016,1632,Jawa Tengah,toko,2023-05-13,6,101700.0,610200.0,5,Saturday
3791,00014,1475,Jawa Barat,online,2023-02-25,5,77800.0,389000.0,2,Saturday
3792,00031,1614,Yogyakarta,online,2023-09-07,4,117700.0,470800.0,9,Thursday
3793,00005,1006,Yogyakarta,online,2023-08-12,11,216500.0,2381500.0,8,Saturday
3794,00041,1778,Yogyakarta,online,2024-11-03,7,215800.0,1510600.0,11,Sunday
3795,00041,1716,Jawa Timur,toko,2024-06-22,8,42000.0,336000.0,6,Saturday
3796,00006,1306,Jawa Tengah,online,2023-05-24,1,228300.0,228300.0,5,Wednesday
3797,00016,1616,Jawa Tengah,reseller,2023-10-09,10,77000.0,770000.0,10,Monday
3798,00057,1036,Jawa Barat,online,2023-08-05,8,123100.0,984800.0,8,Saturday
3799,00011,1240,Jawa Tengah,online,2024-08-27,2,109400.0,218800.0,8,Tuesday
3800,00030,1646,Jawa Barat,online,2024-02-26,9,121400.0,1092600.0,2,Monday
3801,00041,1112,Jawa Barat,toko,2023-04-26,9,72200.0,649800.0,4,Wednesday
3802,00015,1229,Jawa Timur,toko,2024-12-22,8,145400.0,1163200.0,12,Sunday
3803,00020,1528,Yogyakarta,online,2023-02-04,2,187200.0,374400.0,2,Saturday
3804,00045,1618,Jawa Barat,online,2023-08-30,7,73200.0,512400.0,8,Wednesday
3805,00026,1647,Yogyakarta,toko,2023-12-05,6,101900.0,611400.0,12,Tuesday
3806,00049,1015,Yogyakarta,reseller,2023-05-06,4,166300.0,665200.0,5,Saturday
3808,00038,1027,Jawa Tengah,toko,2023-04-01,8,101700.0,813600.0,4,Saturday
3809,00021,1338,Jawa Tengah,toko,2023-12-19,5,120600.0,603000.0,12,Tuesday
3810,00055,1478,Jawa Tengah,reseller,2024-12-21,5,136900.0,684500.0,12,Saturday
3811,00026,1204,Jawa Tengah,online,2023-02-23,6,84300.0,505800.0,2,Thursday
3812,00006,1547,Yogyakarta,toko,2023-07-06,8,125300.0,1002400.0,7,Thursday
3813,00050,1214,Yogyakarta,toko,2023-06-08,6,87300.0,523800.0,6,Thursday
3814,00032,1449,Jawa Tengah,reseller,2024-06-26,3,83900.0,251700.0,6,Wednesday
3815,00004,1489,Jawa Timur,toko,2023-02-09,11,25700.0,282700.0,2,Thursday
3816,00044,1425,Jawa Tengah,online,2023-02-22,3,35600.0,106800.0,2,Wednesday
3817,00035,1011,Jawa Tengah,online,2024-03-14,11,127800.0,1405800.0,3,Thursday
3818,00055,1477,Jawa Barat,reseller,2023-11-09,8,159200.0,1273600.0,11,Thursday
3819,00042,1277,Yogyakarta,online,2023-07-22,2,133600.0,267200.0,7,Saturday
3820,00038,1104,Yogyakarta,toko,2024-03-02,2,97500.0,195000.0,3,Saturday
3821,00014,1518,Yogyakarta,online,2024-06-12,1,85800.0,85800.0,6,Wednesday
3822,00036,1050,Yogyakarta,reseller,2024-06-20,10,143000.0,1430000.0,6,Thursday
3823,00011,1151,Jawa Tengah,toko,2024-02-04,6,80900.0,485400.0,2,Sunday
3824,00023,1279,Yogyakarta,toko,2024-04-08,10,102100.0,1021000.0,4,Monday
3825,00026,1134,Jawa Tengah,toko,2024-07-13,7,248000.0,1736000.0,7,Saturday
3826,00034,1438,Yogyakarta,online,2023-11-05,7,45100.0,315700.0,11,Sunday
3827,00013,1586,Jawa Tengah,reseller,2023-07-24,5,71900.0,359500.0,7,Monday
3828,00033,1199,Yogyakarta,toko,2023-05-01,3,88500.0,265500.0,5,Monday
3829,00020,1766,Jawa Timur,toko,2024-10-08,6,33000.0,198000.0,10,Tuesday
3830,00054,1143,Yogyakarta,toko,2023-10-30,4,50700.0,202800.0,10,Monday
3831,00059,1698,Yogyakarta,toko,2023-09-23,11,191100.0,2102100.0,9,Saturday
3832,00049,1357,Jawa Barat,toko,2023-12-05,2,138300.0,276600.0,12,Tuesday
3833,00014,1611,Yogyakarta,toko,2023-08-30,4,94100.0,376400.0,8,Wednesday
3834,00044,1327,Yogyakarta,online,2023-08-19,9,220700.0,1986300.0,8,Saturday
3835,00058,1701,Yogyakarta,toko,2023-02-01,1,57000.0,57000.0,2,Wednesday
3836,00055,1214,Jawa Tengah,reseller,2023-04-16,11,315500.0,3470500.0,4,Sunday
3837,00052,1027,Yogyakarta,online,2024-11-30,4,98100.0,392400.0,11,Saturday
3838,00004,1741,Yogyakarta,online,2024-10-07,2,97500.0,195000.0,10,Monday
3839,00009,1501,Yogyakarta,online,2024-01-13,1,193500.0,193500.0,1,Saturday
3840,00046,1754,Yogyakarta,toko,2023-05-22,1,97500.0,97500.0,5,Monday
3841,00019,1213,Jawa Tengah,online,2023-03-08,11,114600.0,1260600.0,3,Wednesday
3842,00028,1037,Yogyakarta,toko,2023-10-03,5,94900.0,474500.0,10,Tuesday
3843,00029,1352,Yogyakarta,online,2023-08-21,7,97500.0,682500.0,8,Monday
3844,00045,1384,Jawa Tengah,reseller,2023-12-04,11,29800.0,327800.0,12,Monday
3845,00044,1416,Jawa Tengah,toko,2024-11-07,5,101600.0,508000.0,11,Thursday
3846,00018,1190,Yogyakarta,toko,2023-05-01,3,179200.0,537600.0,5,Monday
3847,00047,1695,Yogyakarta,toko,2024-03-12,3,63500.0,190500.0,3,Tuesday
3848,00028,1268,Yogyakarta,online,2024-07-24,3,107000.0,321000.0,7,Wednesday
3849,00035,1366,Yogyakarta,online,2024-04-12,8,40200.0,321600.0,4,Friday
3850,00049,1022,Jawa Tengah,online,2023-04-28,5,41900.0,209500.0,4,Friday
3851,00017,1357,Jawa Tengah,online,2023-11-17,6,97900.0,587400.0,11,Friday
3852,00003,1064,Yogyakarta,toko,2024-08-30,4,152800.0,611200.0,8,Friday
3853,00039,1426,Yogyakarta,online,2023-11-29,10,156800.0,1568000.0,11,Wednesday
3854,00018,1026,Jawa Barat,toko,2023-01-20,3,205800.0,617400.0,1,Friday
3855,00016,1237,Jawa Tengah,toko,2024-03-31,4,63200.0,252800.0,3,Sunday
3856,00029,1100,Yogyakarta,reseller,2023-01-18,7,91600.0,641200.0,1,Wednesday
3857,00052,1070,Jawa Tengah,online,2023-09-04,10,160600.0,1606000.0,9,Monday
3858,00051,1519,Yogyakarta,online,2024-01-13,2,55200.0,110400.0,1,Saturday
3859,00044,1792,Jawa Barat,toko,2024-10-08,2,84300.0,168600.0,10,Tuesday
3860,00016,1062,Jawa Barat,online,2024-01-26,1,100800.0,100800.0,1,Friday
3861,00056,1384,Yogyakarta,toko,2024-08-01,2,99800.0,199600.0,8,Thursday
3862,00049,1708,Yogyakarta,online,2023-12-01,6,169400.0,1016400.0,12,Friday
3863,00003,1728,Jawa Timur,toko,2023-09-01,3,129600.0,388800.0,9,Friday
3864,00015,1642,Yogyakarta,online,2024-10-31,11,77700.0,854700.0,10,Thursday
3865,00008,1008,Jawa Tengah,online,2024-03-26,1,25500.0,25500.0,3,Tuesday
3866,00018,1215,Jawa Tengah,reseller,2024-07-01,3,160900.0,482700.0,7,Monday
3867,00040,1014,Yogyakarta,online,2023-07-21,11,181400.0,1995400.0,7,Friday
3868,00033,1553,Jawa Tengah,online,2024-08-24,3,136100.0,408300.0,8,Saturday
3869,00009,1315,Jawa Timur,toko,2023-08-29,8,124300.0,994400.0,8,Tuesday
3870,00039,1761,Yogyakarta,online,2024-07-22,3,130900.0,392700.0,7,Monday
3871,00036,1182,Yogyakarta,toko,2023-05-13,11,205800.0,2263800.0,5,Saturday
3872,00052,1092,Yogyakarta,reseller,2024-08-21,1,74400.0,74400.0,8,Wednesday
3873,00019,1317,Yogyakarta,reseller,2023-11-04,6,96700.0,580200.0,11,Saturday
3874,00052,1448,Jawa Tengah,toko,2024-08-12,2,55800.0,111600.0,8,Monday
3875,00039,1348,Jawa Tengah,online,2024-04-09,2,88300.0,176600.0,4,Tuesday
3876,00015,1372,Jawa Tengah,toko,2024-10-11,4,61800.0,247200.0,10,Friday
3877,00020,1397,Jawa Tengah,online,2024-09-19,9,61900.0,557100.0,9,Thursday
3878,00044,1248,Yogyakarta,reseller,2024-07-06,4,31100.0,124400.0,7,Saturday
3879,00041,1064,Jawa Timur,toko,2024-01-28,10,94800.0,948000.0,1,Sunday
3880,00038,1230,Jawa Tengah,online,2023-05-13,7,182300.0,1276100.0,5,Saturday
3881,00024,1388,Yogyakarta,online,2024-08-23,11,17000.0,187000.0,8,Friday
3882,00023,1069,Jawa Timur,reseller,2024-01-11,2,212400.0,424800.0,1,Thursday
3883,00033,1314,Yogyakarta,toko,2024-02-11,5,97900.0,489500.0,2,Sunday
3884,00046,1517,Jawa Tengah,online,2024-05-28,11,66900.0,735900.0,5,Tuesday
3885,00015,1071,Yogyakarta,online,2023-01-11,9,119700.0,1077300.0,1,Wednesday
3886,00053,1158,Yogyakarta,online,2024-01-07,7,86200.0,603400.0,1,Sunday
3887,00012,1761,Jawa Tengah,reseller,2023-05-25,1,101700.0,101700.0,5,Thursday
3888,00029,1338,Jawa Tengah,online,2024-01-06,9,230800.0,2077200.0,1,Saturday
3889,00019,1171,Jawa Barat,toko,2024-09-01,10,110200.0,1102000.0,9,Sunday
3890,00055,1742,Jawa Tengah,online,2023-08-23,2,123600.0,247200.0,8,Wednesday
3891,00011,1141,Yogyakarta,online,2023-07-21,7,85100.0,595700.0,7,Friday
3892,00008,1278,Yogyakarta,online,2023-05-06,9,89800.0,808200.0,5,Saturday
3893,00041,1700,Jawa Barat,online,2023-02-27,7,58200.0,407400.0,2,Monday
3894,00010,1252,Jawa Barat,toko,2024-10-20,5,92600.0,463000.0,10,Sunday
3895,00059,1109,Jawa Barat,toko,2023-02-18,7,62800.0,439600.0,2,Saturday
3896,00046,1745,Yogyakarta,toko,2023-09-24,4,195300.0,781200.0,9,Sunday
3897,00053,1789,Yogyakarta,online,2023-09-09,8,86700.0,693600.0,9,Saturday
3898,00019,1466,Jawa Timur,toko,2023-01-19,10,153600.0,1536000.0,1,Thursday
3899,00045,1175,Jawa Barat,online,2024-06-12,3,213200.0,639600.0,6,Wednesday
3900,00035,1456,Jawa Tengah,online,2023-09-19,5,181400.0,907000.0,9,Tuesday
3901,00025,1184,Jawa Tengah,toko,2023-07-15,7,101700.0,711900.0,7,Saturday
3902,00030,1177,Jawa Timur,toko,2024-12-30,4,266600.0,1066400.0,12,Monday
3903,00001,1598,Jawa Barat,online,2024-05-12,6,32400.0,194400.0,5,Sunday
3904,00009,1512,Jawa Tengah,toko,2023-01-14,5,230500.0,1152500.0,1,Saturday
3905,00008,1295,Jawa Timur,online,2024-01-13,5,22400.0,112000.0,1,Saturday
3906,00045,1303,Jawa Timur,toko,2024-12-22,7,58100.0,406700.0,12,Sunday
3907,00016,1438,Jawa Tengah,reseller,2024-05-09,11,94900.0,1043900.0,5,Thursday
3908,00044,1435,Jawa Tengah,toko,2023-05-19,3,65100.0,195300.0,5,Friday
3909,00042,1026,Yogyakarta,online,2024-04-26,6,28500.0,171000.0,4,Friday
3910,00009,1318,Yogyakarta,online,2023-01-26,6,41000.0,246000.0,1,Thursday
3911,00020,1430,Yogyakarta,toko,2023-10-24,9,115000.0,1035000.0,10,Tuesday
3912,00016,1064,Jawa Timur,online,2024-12-26,4,36000.0,144000.0,12,Thursday
3913,00007,1556,Jawa Timur,toko,2024-04-05,11,144000.0,1584000.0,4,Friday
3914,00048,1702,Jawa Timur,reseller,2023-07-09,2,95700.0,191400.0,7,Sunday
3915,00022,1592,Yogyakarta,toko,2023-01-12,9,219400.0,1974600.0,1,Thursday
3916,00054,1553,Jawa Tengah,toko,2024-12-11,1,114700.0,114700.0,12,Wednesday
3917,00050,1683,Yogyakarta,online,2023-01-25,4,96200.0,384800.0,1,Wednesday
3918,00052,1766,Jawa Barat,online,2023-07-08,10,78100.0,781000.0,7,Saturday
3919,00044,1185,Yogyakarta,online,2024-07-18,1,502100.0,502100.0,7,Thursday
3920,00030,1245,Jawa Tengah,toko,2023-09-16,10,201600.0,2016000.0,9,Saturday
3921,00026,1315,Yogyakarta,toko,2023-06-12,10,143800.0,1438000.0,6,Monday
3922,00022,1225,Jawa Barat,toko,2024-12-17,4,120700.0,482800.0,12,Tuesday
3923,00038,1632,Yogyakarta,online,2023-07-01,8,188500.0,1508000.0,7,Saturday
3924,00027,1108,Yogyakarta,toko,2023-07-08,9,31900.0,287100.0,7,Saturday
3925,00051,1114,Yogyakarta,reseller,2024-12-30,2,97500.0,195000.0,12,Monday
3926,00011,1244,Jawa Barat,toko,2024-08-21,5,70500.0,352500.0,8,Wednesday
3927,00022,1621,Jawa Tengah,toko,2024-03-30,4,25200.0,100800.0,3,Saturday
3928,00030,1260,Jawa Timur,toko,2024-09-03,4,189900.0,759600.0,9,Tuesday
3929,00017,1518,Yogyakarta,toko,2024-09-29,1,63000.0,63000.0,9,Sunday
3930,00014,1147,Jawa Barat,toko,2023-10-18,4,128100.0,512400.0,10,Wednesday
3931,00034,1337,Jawa Tengah,reseller,2024-03-29,10,101700.0,1017000.0,3,Friday
3932,00010,1211,Yogyakarta,online,2023-03-30,4,78100.0,312400.0,3,Thursday
3933,00047,1265,Yogyakarta,toko,2024-06-18,5,97500.0,487500.0,6,Tuesday
3934,00023,1235,Jawa Tengah,toko,2024-08-12,4,120400.0,481600.0,8,Monday
3935,00045,1191,Jawa Tengah,toko,2024-12-29,11,124800.0,1372800.0,12,Sunday
3936,00004,1686,Jawa Barat,toko,2023-04-25,2,39100.0,78200.0,4,Tuesday
3937,00047,1481,Jawa Tengah,online,2023-04-28,3,168800.0,506400.0,4,Friday
3938,00028,1357,Jawa Tengah,toko,2023-09-27,10,67600.0,676000.0,9,Wednesday
3939,00051,1567,Jawa Timur,online,2023-06-29,5,130600.0,653000.0,6,Thursday
3940,00042,1655,Yogyakarta,toko,2023-05-28,5,54200.0,271000.0,5,Sunday
3941,00048,1119,Jawa Timur,online,2023-11-25,6,122900.0,737400.0,11,Saturday
3942,00039,1039,Yogyakarta,online,2024-10-18,3,136900.0,410700.0,10,Friday
3943,00007,1039,Jawa Tengah,toko,2023-02-08,2,41700.0,83400.0,2,Wednesday
3944,00058,1150,Jawa Barat,online,2023-07-24,5,119400.0,597000.0,7,Monday
3945,00024,1263,Jawa Tengah,reseller,2023-11-13,11,58500.0,643500.0,11,Monday
3946,00053,1762,Jawa Tengah,toko,2024-02-05,6,207000.0,1242000.0,2,Monday
3947,00031,1038,Jawa Timur,reseller,2023-10-05,1,123200.0,123200.0,10,Thursday
3948,00038,1040,Yogyakarta,online,2024-05-05,9,102200.0,919800.0,5,Sunday
3949,00011,1228,Jawa Barat,online,2023-03-24,7,599600.0,4197200.0,3,Friday
3950,00053,1055,Yogyakarta,online,2023-07-12,2,162400.0,324800.0,7,Wednesday
3951,00047,1562,Jawa Tengah,toko,2024-08-30,3,79200.0,237600.0,8,Friday
3952,00027,1414,Jawa Tengah,toko,2024-02-20,6,166300.0,997800.0,2,Tuesday
3953,00025,1526,Jawa Tengah,reseller,2024-12-04,9,117400.0,1056600.0,12,Wednesday
3954,00048,1231,Yogyakarta,reseller,2024-06-08,9,220700.0,1986300.0,6,Saturday
3955,00010,1787,Jawa Tengah,toko,2024-04-19,6,54900.0,329400.0,4,Friday
3956,00017,1155,Jawa Tengah,online,2024-12-19,9,317000.0,2853000.0,12,Thursday
3957,00009,1642,Yogyakarta,toko,2024-04-09,11,97500.0,1072500.0,4,Tuesday
3958,00032,1486,Jawa Tengah,toko,2023-11-11,2,79400.0,158800.0,11,Saturday
3959,00022,1708,Jawa Tengah,online,2023-01-23,10,64400.0,644000.0,1,Monday
3960,00058,1487,Yogyakarta,online,2023-09-08,5,83100.0,415500.0,9,Friday
3961,00053,1471,Jawa Barat,toko,2023-08-13,5,98250.0,491250.0,8,Sunday
3962,00036,1150,Yogyakarta,online,2023-09-12,8,110800.0,886400.0,9,Tuesday
3963,00046,1168,Jawa Tengah,toko,2024-05-14,1,52700.0,52700.0,5,Tuesday
3964,00030,1431,Jawa Barat,toko,2024-02-13,4,98250.0,393000.0,2,Tuesday
3965,00026,1257,Yogyakarta,toko,2024-11-01,7,115100.0,805700.0,11,Friday
3966,00047,1363,Yogyakarta,toko,2023-08-19,8,175300.0,1402400.0,8,Saturday
3967,00022,1306,Jawa Tengah,online,2024-06-26,3,82200.0,246600.0,6,Wednesday
3968,00019,1677,Yogyakarta,online,2023-10-26,3,111500.0,334500.0,10,Thursday
3969,00009,1768,Jawa Tengah,toko,2023-10-24,8,567300.0,4538400.0,10,Tuesday
3970,00050,1054,Jawa Timur,online,2024-04-12,4,91900.0,367600.0,4,Friday
3971,00047,1556,Jawa Timur,toko,2024-03-14,5,106600.0,533000.0,3,Thursday
3972,00002,1186,Jawa Tengah,toko,2024-06-21,1,49000.0,49000.0,6,Friday
3973,00050,1200,Jawa Barat,toko,2024-06-10,2,175000.0,350000.0,6,Monday
3974,00015,1452,Jawa Tengah,toko,2024-06-11,8,75600.0,604800.0,6,Tuesday
3975,00053,1268,Jawa Tengah,online,2024-11-04,8,297200.0,2377600.0,11,Monday
3976,00011,1026,Jawa Barat,reseller,2024-04-24,4,203800.0,815200.0,4,Wednesday
3977,00010,1254,Yogyakarta,toko,2023-09-10,10,160700.0,1607000.0,9,Sunday
3978,00016,1676,Yogyakarta,online,2023-04-13,1,73900.0,73900.0,4,Thursday
3979,00056,1629,Jawa Barat,online,2024-05-12,7,81400.0,569800.0,5,Sunday
3980,00056,1774,Yogyakarta,reseller,2024-05-07,3,79400.0,238200.0,5,Tuesday
3981,00039,1512,Yogyakarta,online,2024-12-22,3,104700.0,314100.0,12,Sunday
3982,00002,1262,Jawa Timur,reseller,2023-06-07,2,81000.0,162000.0,6,Wednesday
3983,00037,1553,Jawa Tengah,reseller,2023-06-11,6,101700.0,610200.0,6,Sunday
3984,00018,1619,Jawa Tengah,reseller,2024-09-11,5,105600.0,528000.0,9,Wednesday
3985,00044,1279,Jawa Tengah,online,2024-09-07,10,98100.0,981000.0,9,Saturday
3986,00034,1199,Yogyakarta,reseller,2024-10-17,11,79600.0,875600.0,10,Thursday
3987,00052,1205,Jawa Timur,toko,2023-08-28,4,170900.0,683600.0,8,Monday
3988,00042,1758,Jawa Tengah,online,2023-07-21,11,184900.0,2033900.0,7,Friday
3989,00019,1759,Yogyakarta,online,2023-12-07,6,71600.0,429600.0,12,Thursday
3990,00046,1169,Yogyakarta,toko,2024-11-27,10,355000.0,3550000.0,11,Wednesday
3991,00015,1204,Yogyakarta,toko,2023-08-19,1,124800.0,124800.0,8,Saturday
3992,00023,1004,Yogyakarta,toko,2024-04-06,9,206100.0,1854900.0,4,Saturday
3993,00014,1604,Jawa Barat,toko,2023-08-16,9,303400.0,2730600.0,8,Wednesday
3994,00013,1054,Jawa Tengah,online,2024-06-18,10,43000.0,430000.0,6,Tuesday
3995,00024,1093,Jawa Timur,online,2023-05-24,3,134400.0,403200.0,5,Wednesday
3996,00051,1366,Jawa Timur,reseller,2024-06-14,2,171600.0,343200.0,6,Friday
3997,00027,1188,Jawa Timur,toko,2023-06-17,10,203300.0,2033000.0,6,Saturday
3998,00008,1030,Yogyakarta,toko,2024-05-01,6,159400.0,956400.0,5,Wednesday
3999,00045,1040,Yogyakarta,online,2023-02-19,7,181400.0,1269800.0,2,Sunday
4000,00004,1784,Yogyakarta,reseller,2023-04-11,9,40800.0,367200.0,4,Tuesday
4001,00034,1020,Yogyakarta,toko,2023-06-30,11,56600.0,622600.0,6,Friday
4002,00014,1504,Yogyakarta,toko,2024-03-05,11,140200.0,1542200.0,3,Tuesday
4003,00054,1355,Yogyakarta,toko,2023-09-15,7,29800.0,208600.0,9,Friday
4004,00030,1455,Yogyakarta,toko,2024-12-13,7,72000.0,504000.0,12,Friday
4005,00025,1794,Yogyakarta,reseller,2024-03-15,3,89300.0,267900.0,3,Friday
4006,00056,1500,Jawa Tengah,reseller,2024-08-25,2,124600.0,249200.0,8,Sunday
4007,00028,1349,Jawa Barat,toko,2024-08-26,3,170300.0,510900.0,8,Monday
4008,00044,1334,Jawa Tengah,reseller,2023-11-26,4,115100.0,460400.0,11,Sunday
4009,00026,1005,Jawa Tengah,toko,2024-06-03,6,60900.0,365400.0,6,Monday
4010,00034,1708,Jawa Tengah,online,2024-12-17,3,56500.0,169500.0,12,Tuesday
4011,00030,1583,Jawa Tengah,reseller,2023-12-13,6,127300.0,763800.0,12,Wednesday
4012,00031,1570,Jawa Barat,toko,2024-10-19,9,141100.0,1269900.0,10,Saturday
4013,00026,1273,Jawa Timur,online,2023-11-13,5,124800.0,624000.0,11,Monday
4014,00041,1344,Jawa Tengah,online,2023-11-21,9,108500.0,976500.0,11,Tuesday
4015,00029,1575,Jawa Barat,toko,2023-10-26,9,106500.0,958500.0,10,Thursday
4016,00037,1227,Jawa Tengah,toko,2024-09-12,5,43700.0,218500.0,9,Thursday
4017,00043,1682,Yogyakarta,online,2024-08-11,2,98200.0,196400.0,8,Sunday
4018,00020,1115,Jawa Tengah,toko,2023-07-13,1,156700.0,156700.0,7,Thursday
4019,00011,1188,Jawa Timur,toko,2024-08-13,5,51100.0,255500.0,8,Tuesday
4020,00006,1252,Jawa Tengah,toko,2023-04-17,11,128700.0,1415700.0,4,Monday
4021,00036,1422,Jawa Tengah,online,2023-04-29,1,150800.0,150800.0,4,Saturday
4022,00012,1282,Jawa Timur,toko,2024-01-01,10,399100.0,3991000.0,1,Monday
4023,00022,1326,Yogyakarta,online,2024-03-22,6,96100.0,576600.0,3,Friday
4024,00047,1064,Jawa Barat,online,2024-08-14,11,86100.0,947100.0,8,Wednesday
4025,00028,1044,Jawa Barat,toko,2023-12-27,9,48700.0,438300.0,12,Wednesday
4026,00038,1739,Yogyakarta,online,2024-05-24,9,52200.0,469800.0,5,Friday
4027,00009,1391,Yogyakarta,toko,2024-12-09,4,38100.0,152400.0,12,Monday
4028,00048,1206,Jawa Tengah,toko,2023-08-15,11,34500.0,379500.0,8,Tuesday
4029,00036,1141,Yogyakarta,online,2024-07-21,4,151300.0,605200.0,7,Sunday
4030,00003,1432,Yogyakarta,toko,2023-12-26,4,99300.0,397200.0,12,Tuesday
4032,00054,1052,Yogyakarta,reseller,2024-07-16,2,38800.0,77600.0,7,Tuesday
4033,00028,1404,Yogyakarta,toko,2024-06-23,6,30000.0,180000.0,6,Sunday
4034,00023,1441,Jawa Barat,online,2024-06-16,10,34800.0,348000.0,6,Sunday
4035,00002,1531,Jawa Timur,online,2024-11-02,3,260800.0,782400.0,11,Saturday
4036,00055,1516,Yogyakarta,toko,2024-11-24,9,194900.0,1754100.0,11,Sunday
4037,00014,1209,Jawa Timur,toko,2023-11-29,8,45000.0,360000.0,11,Wednesday
4038,00036,1063,Jawa Tengah,online,2023-04-19,3,106000.0,318000.0,4,Wednesday
4039,00026,1012,Yogyakarta,online,2023-11-06,2,110400.0,220800.0,11,Monday
4040,00033,1780,Yogyakarta,toko,2024-06-22,7,55700.0,389900.0,6,Saturday
4041,00008,1074,Jawa Tengah,online,2023-07-23,2,68200.0,136400.0,7,Sunday
4043,00010,1026,Jawa Tengah,toko,2023-04-05,6,152700.0,916200.0,4,Wednesday
4044,00037,1210,Yogyakarta,toko,2023-07-26,2,170700.0,341400.0,7,Wednesday
4045,00016,1404,Jawa Tengah,reseller,2023-06-27,11,121500.0,1336500.0,6,Tuesday
4046,00040,1589,Jawa Tengah,toko,2024-11-30,11,107500.0,1182500.0,11,Saturday
4047,00006,1462,Jawa Tengah,online,2023-02-14,10,135000.0,1350000.0,2,Tuesday
4048,00010,1269,Jawa Barat,online,2023-12-28,10,91400.0,914000.0,12,Thursday
4049,00054,1496,Yogyakarta,toko,2024-05-01,7,274100.0,1918700.0,5,Wednesday
4050,00036,1701,Jawa Tengah,toko,2024-04-11,2,114800.0,229600.0,4,Thursday
4051,00048,1041,Yogyakarta,toko,2023-05-20,11,138400.0,1522400.0,5,Saturday
4052,00022,1190,Jawa Tengah,online,2024-12-25,8,95600.0,764800.0,12,Wednesday
4053,00046,1347,Jawa Tengah,toko,2023-02-26,1,67600.0,67600.0,2,Sunday
4054,00005,1251,Jawa Tengah,online,2024-01-28,8,97700.0,781600.0,1,Sunday
4055,00043,1623,Yogyakarta,online,2024-10-14,6,82800.0,496800.0,10,Monday
4056,00008,1553,Yogyakarta,online,2024-04-30,6,62600.0,375600.0,4,Tuesday
4057,00038,1718,Jawa Tengah,toko,2023-07-16,3,163100.0,489300.0,7,Sunday
4058,00029,1688,Jawa Timur,online,2024-02-29,6,329600.0,1977600.0,2,Thursday
4059,00038,1109,Jawa Barat,reseller,2024-11-01,6,119500.0,717000.0,11,Friday
4060,00016,1707,Yogyakarta,toko,2024-09-04,8,94800.0,758400.0,9,Wednesday
4061,00007,1615,Yogyakarta,online,2024-02-14,11,65900.0,724900.0,2,Wednesday
4062,00046,1230,Yogyakarta,toko,2024-05-06,1,42200.0,42200.0,5,Monday
4063,00028,1289,Jawa Timur,online,2023-02-09,6,145000.0,870000.0,2,Thursday
4064,00008,1424,Jawa Tengah,online,2023-04-17,11,141900.0,1560900.0,4,Monday
4065,00025,1285,Yogyakarta,online,2024-07-26,8,63000.0,504000.0,7,Friday
4066,00001,1328,Jawa Barat,reseller,2023-02-10,7,98250.0,687750.0,2,Friday
4067,00052,1628,Jawa Timur,online,2024-01-05,11,61000.0,671000.0,1,Friday
4068,00059,1540,Jawa Timur,online,2024-10-20,6,234600.0,1407600.0,10,Sunday
4069,00024,1590,Jawa Timur,toko,2023-08-26,7,108400.0,758800.0,8,Saturday
4070,00019,1181,Jawa Tengah,online,2024-07-04,4,101700.0,406800.0,7,Thursday
4071,00038,1015,Yogyakarta,reseller,2024-03-18,6,278700.0,1672200.0,3,Monday
4072,00031,1671,Yogyakarta,reseller,2023-04-03,4,27000.0,108000.0,4,Monday
4073,00045,1486,Jawa Timur,toko,2024-10-18,3,129300.0,387900.0,10,Friday
4074,00013,1570,Jawa Timur,online,2024-09-26,7,118800.0,831600.0,9,Thursday
4075,00023,1205,Yogyakarta,toko,2023-05-21,7,85400.0,597800.0,5,Sunday
4076,00013,1139,Yogyakarta,toko,2024-04-28,3,102800.0,308400.0,4,Sunday
4077,00056,1292,Jawa Tengah,toko,2024-02-20,4,212700.0,850800.0,2,Tuesday
4078,00024,1251,Jawa Tengah,toko,2024-03-19,8,68800.0,550400.0,3,Tuesday
4079,00038,1029,Jawa Tengah,online,2024-12-11,10,69300.0,693000.0,12,Wednesday
4080,00047,1268,Jawa Tengah,toko,2024-07-03,1,283600.0,283600.0,7,Wednesday
4081,00037,1494,Jawa Tengah,toko,2023-05-23,4,186600.0,746400.0,5,Tuesday
4082,00003,1744,Jawa Timur,reseller,2024-11-08,5,136100.0,680500.0,11,Friday
4083,00059,1768,Yogyakarta,toko,2023-04-15,7,164900.0,1154300.0,4,Saturday
4084,00050,1364,Yogyakarta,toko,2023-08-09,4,107800.0,431200.0,8,Wednesday
4085,00019,1737,Jawa Barat,toko,2023-06-10,1,98250.0,98250.0,6,Saturday
4086,00059,1493,Yogyakarta,toko,2023-02-10,1,93900.0,93900.0,2,Friday
4087,00053,1613,Yogyakarta,online,2023-06-20,7,123500.0,864500.0,6,Tuesday
4088,00033,1744,Yogyakarta,online,2024-05-09,8,78000.0,624000.0,5,Thursday
4089,00026,1697,Jawa Tengah,toko,2023-09-05,4,39900.0,159600.0,9,Tuesday
4090,00022,1317,Yogyakarta,online,2023-08-16,10,93200.0,932000.0,8,Wednesday
4091,00016,1258,Yogyakarta,toko,2023-05-01,3,121300.0,363900.0,5,Monday
4092,00014,1756,Jawa Tengah,toko,2024-06-09,5,94900.0,474500.0,6,Sunday
4093,00008,1736,Jawa Timur,toko,2023-11-17,10,153000.0,1530000.0,11,Friday
4094,00011,1233,Yogyakarta,toko,2024-05-13,3,122300.0,366900.0,5,Monday
4095,00058,1334,Yogyakarta,toko,2023-03-04,5,182000.0,910000.0,3,Saturday
4096,00020,1010,Yogyakarta,toko,2024-05-08,8,110900.0,887200.0,5,Wednesday
4097,00013,1598,Yogyakarta,toko,2024-11-04,11,93000.0,1023000.0,11,Monday
4098,00051,1082,Jawa Tengah,toko,2024-08-16,2,144700.0,289400.0,8,Friday
4099,00036,1626,Jawa Barat,toko,2024-11-01,10,173700.0,1737000.0,11,Friday
4100,00001,1553,Yogyakarta,online,2023-04-26,10,79400.0,794000.0,4,Wednesday
4101,00015,1350,Yogyakarta,toko,2023-10-15,4,97500.0,390000.0,10,Sunday
4102,00047,1305,Jawa Timur,online,2023-05-12,6,227000.0,1362000.0,5,Friday
4103,00017,1755,Jawa Tengah,online,2024-01-23,11,75600.0,831600.0,1,Tuesday
4104,00040,1666,Yogyakarta,toko,2024-01-15,8,128400.0,1027200.0,1,Monday
4105,00035,1668,Jawa Timur,toko,2023-09-01,3,78200.0,234600.0,9,Friday
4106,00002,1426,Yogyakarta,online,2023-05-03,4,117300.0,469200.0,5,Wednesday
4107,00008,1621,Jawa Barat,toko,2024-12-20,11,234400.0,2578400.0,12,Friday
4108,00005,1548,Jawa Tengah,online,2024-01-03,6,278400.0,1670400.0,1,Wednesday
4109,00049,1726,Yogyakarta,toko,2023-06-18,1,47600.0,47600.0,6,Sunday
4110,00044,1282,Jawa Barat,toko,2023-07-15,7,44000.0,308000.0,7,Saturday
4111,00008,1401,Jawa Barat,toko,2024-07-29,10,15800.0,158000.0,7,Monday
4112,00040,1469,Yogyakarta,online,2024-12-20,7,146100.0,1022700.0,12,Friday
4113,00010,1091,Jawa Tengah,online,2023-03-18,8,258400.0,2067200.0,3,Saturday
4114,00019,1558,Yogyakarta,online,2024-09-03,9,120100.0,1080900.0,9,Tuesday
4115,00041,1043,Yogyakarta,toko,2023-09-29,2,86700.0,173400.0,9,Friday
4116,00051,1301,Yogyakarta,toko,2024-07-29,5,167500.0,837500.0,7,Monday
4117,00018,1380,Yogyakarta,toko,2024-07-13,11,59300.0,652300.0,7,Saturday
4118,00013,1392,Jawa Timur,toko,2024-09-25,5,151800.0,759000.0,9,Wednesday
4119,00002,1534,Yogyakarta,toko,2024-12-27,11,228000.0,2508000.0,12,Friday
4120,00026,1674,Jawa Barat,toko,2023-06-28,5,98250.0,491250.0,6,Wednesday
4121,00034,1079,Jawa Tengah,online,2023-02-26,4,156300.0,625200.0,2,Sunday
4122,00007,1743,Yogyakarta,toko,2024-01-23,1,76400.0,76400.0,1,Tuesday
4123,00040,1335,Yogyakarta,toko,2023-06-09,10,84800.0,848000.0,6,Friday
4124,00039,1280,Yogyakarta,online,2024-03-25,5,60000.0,300000.0,3,Monday
4125,00010,1531,Jawa Barat,toko,2023-07-11,5,307700.0,1538500.0,7,Tuesday
4126,00006,1053,Yogyakarta,toko,2023-02-06,11,214300.0,2357300.0,2,Monday
4127,00012,1729,Yogyakarta,online,2024-04-05,9,99300.0,893700.0,4,Friday
4128,00011,1673,Yogyakarta,toko,2023-07-01,8,98700.0,789600.0,7,Saturday
4129,00011,1096,Jawa Timur,toko,2024-06-06,11,118300.0,1301300.0,6,Thursday
4130,00046,1357,Jawa Timur,toko,2024-08-24,5,69700.0,348500.0,8,Saturday
4131,00014,1036,Jawa Timur,online,2024-12-16,2,139400.0,278800.0,12,Monday
4132,00030,1775,Jawa Tengah,toko,2023-07-07,10,137800.0,1378000.0,7,Friday
4133,00046,1773,Jawa Timur,online,2023-08-01,1,132500.0,132500.0,8,Tuesday
4134,00040,1610,Jawa Timur,online,2024-10-23,4,105800.0,423200.0,10,Wednesday
4135,00025,1433,Yogyakarta,toko,2024-06-03,9,23400.0,210600.0,6,Monday
4136,00044,1294,Yogyakarta,reseller,2023-12-10,5,91500.0,457500.0,12,Sunday
4137,00002,1166,Yogyakarta,online,2023-02-28,11,44800.0,492800.0,2,Tuesday
4138,00036,1680,Yogyakarta,toko,2024-01-01,4,38100.0,152400.0,1,Monday
4139,00021,1191,Jawa Timur,toko,2023-12-09,4,383800.0,1535200.0,12,Saturday
4140,00012,1438,Jawa Barat,toko,2023-03-31,5,76400.0,382000.0,3,Friday
4141,00011,1674,Jawa Barat,online,2023-10-15,4,98250.0,393000.0,10,Sunday
4142,00042,1570,Yogyakarta,toko,2024-09-14,2,97500.0,195000.0,9,Saturday
4143,00057,1293,Yogyakarta,toko,2024-03-19,6,61800.0,370800.0,3,Tuesday
4144,00007,1707,Yogyakarta,toko,2023-10-26,7,264600.0,1852200.0,10,Thursday
4145,00018,1077,Yogyakarta,reseller,2023-06-16,7,34400.0,240800.0,6,Friday
4146,00016,1464,Yogyakarta,online,2023-06-11,2,135200.0,270400.0,6,Sunday
4147,00029,1594,Jawa Timur,online,2023-07-21,1,72000.0,72000.0,7,Friday
4148,00027,1757,Jawa Timur,online,2023-05-04,5,215200.0,1076000.0,5,Thursday
4150,00007,1318,Jawa Tengah,toko,2023-05-01,9,106600.0,959400.0,5,Monday
4151,00030,1185,Yogyakarta,toko,2024-05-08,8,42100.0,336800.0,5,Wednesday
4152,00007,1303,Jawa Tengah,toko,2024-07-20,10,161400.0,1614000.0,7,Saturday
4153,00048,1255,Yogyakarta,reseller,2024-03-22,2,180600.0,361200.0,3,Friday
4154,00039,1512,Jawa Tengah,toko,2023-09-25,8,149800.0,1198400.0,9,Monday
4155,00052,1573,Jawa Tengah,toko,2024-11-26,3,101700.0,305100.0,11,Tuesday
4156,00044,1323,Jawa Timur,online,2024-03-08,5,147300.0,736500.0,3,Friday
4157,00041,1062,Yogyakarta,toko,2023-04-16,1,64300.0,64300.0,4,Sunday
4158,00022,1565,Jawa Tengah,toko,2023-09-11,3,117400.0,352200.0,9,Monday
4159,00050,1392,Jawa Barat,online,2024-02-08,3,126000.0,378000.0,2,Thursday
4160,00024,1424,Yogyakarta,toko,2024-11-07,4,88400.0,353600.0,11,Thursday
4161,00015,1684,Jawa Barat,toko,2024-01-11,11,56500.0,621500.0,1,Thursday
4162,00013,1593,Yogyakarta,toko,2024-01-11,3,88800.0,266400.0,1,Thursday
4163,00031,1467,Jawa Barat,toko,2023-03-31,10,98250.0,982500.0,3,Friday
4164,00031,1660,Yogyakarta,online,2023-12-06,8,97500.0,780000.0,12,Wednesday
4165,00015,1746,Yogyakarta,reseller,2023-06-03,7,187900.0,1315300.0,6,Saturday
4166,00035,1453,Yogyakarta,online,2024-11-20,9,92400.0,831600.0,11,Wednesday
4167,00013,1234,Jawa Tengah,toko,2023-04-14,7,74600.0,522200.0,4,Friday
4168,00056,1731,Jawa Barat,toko,2024-08-17,2,74500.0,149000.0,8,Saturday
4169,00002,1269,Jawa Barat,online,2024-11-05,1,130400.0,130400.0,11,Tuesday
4170,00003,1624,Jawa Timur,online,2024-12-16,5,83500.0,417500.0,12,Monday
4171,00020,1663,Jawa Barat,online,2023-11-27,9,66500.0,598500.0,11,Monday
4172,00054,1685,Yogyakarta,toko,2024-07-13,9,118400.0,1065600.0,7,Saturday
4173,00013,1637,Jawa Barat,toko,2024-05-25,4,109800.0,439200.0,5,Saturday
4175,00020,1630,Yogyakarta,toko,2024-06-17,2,53500.0,107000.0,6,Monday
4176,00021,1012,Jawa Tengah,online,2023-12-04,2,217400.0,434800.0,12,Monday
4177,00007,1570,Jawa Barat,toko,2024-08-08,9,85500.0,769500.0,8,Thursday
4178,00043,1507,Jawa Tengah,toko,2024-07-30,7,205400.0,1437800.0,7,Tuesday
4179,00052,1673,Yogyakarta,toko,2024-03-18,4,143500.0,574000.0,3,Monday
4180,00049,1266,Jawa Barat,online,2023-06-18,11,96600.0,1062600.0,6,Sunday
4181,00009,1135,Jawa Barat,online,2024-11-02,5,87500.0,437500.0,11,Saturday
4182,00039,1698,Yogyakarta,online,2023-11-23,10,97500.0,975000.0,11,Thursday
4183,00027,1038,Jawa Tengah,toko,2024-05-18,2,68900.0,137800.0,5,Saturday
4184,00018,1313,Jawa Tengah,online,2023-04-04,3,80000.0,240000.0,4,Tuesday
4185,00046,1618,Yogyakarta,reseller,2024-01-02,9,61900.0,557100.0,1,Tuesday
4186,00037,1595,Jawa Tengah,toko,2023-11-20,10,91900.0,919000.0,11,Monday
4187,00051,1049,Yogyakarta,online,2024-09-12,5,57900.0,289500.0,9,Thursday
4188,00052,1196,Jawa Barat,online,2024-02-10,11,107900.0,1186900.0,2,Saturday
4189,00051,1531,Yogyakarta,toko,2023-09-22,4,47900.0,191600.0,9,Friday
4190,00007,1503,Yogyakarta,online,2023-05-08,11,136900.0,1505900.0,5,Monday
4191,00037,1731,Yogyakarta,online,2024-02-23,4,97500.0,390000.0,2,Friday
4192,00029,1720,Jawa Tengah,toko,2024-03-12,10,114100.0,1141000.0,3,Tuesday
4193,00011,1087,Yogyakarta,reseller,2024-06-04,2,70500.0,141000.0,6,Tuesday
4194,00002,1689,Yogyakarta,reseller,2023-04-18,2,214600.0,429200.0,4,Tuesday
4195,00013,1483,Jawa Barat,toko,2024-03-07,6,329300.0,1975800.0,3,Thursday
4196,00050,1293,Jawa Tengah,reseller,2023-12-28,5,93100.0,465500.0,12,Thursday
4197,00041,1218,Yogyakarta,online,2023-02-14,11,63800.0,701800.0,2,Tuesday
4198,00046,1385,Jawa Barat,online,2024-05-20,8,147000.0,1176000.0,5,Monday
4199,00054,1365,Jawa Barat,online,2023-05-09,10,98250.0,982500.0,5,Tuesday
4200,00003,1428,Jawa Timur,reseller,2024-06-16,10,109400.0,1094000.0,6,Sunday
4201,00025,1358,Yogyakarta,toko,2023-01-15,11,147200.0,1619200.0,1,Sunday
4202,00045,1275,Yogyakarta,toko,2023-11-13,10,45000.0,450000.0,11,Monday
4203,00044,1495,Yogyakarta,online,2024-02-24,7,154300.0,1080100.0,2,Saturday
4204,00041,1387,Jawa Barat,toko,2023-05-06,5,54100.0,270500.0,5,Saturday
4205,00009,1264,Jawa Tengah,online,2023-12-29,7,48000.0,336000.0,12,Friday
4206,00008,1771,Jawa Tengah,toko,2024-12-13,4,79900.0,319600.0,12,Friday
4207,00026,1125,Jawa Tengah,reseller,2024-04-26,4,237900.0,951600.0,4,Friday
4208,00031,1703,Jawa Tengah,online,2024-02-01,8,69100.0,552800.0,2,Thursday
4209,00019,1404,Jawa Tengah,online,2023-05-25,7,132100.0,924700.0,5,Thursday
4210,00041,1251,Jawa Barat,online,2023-12-22,4,57900.0,231600.0,12,Friday
4211,00014,1682,Jawa Barat,toko,2023-01-11,6,145200.0,871200.0,1,Wednesday
4212,00020,1547,Jawa Tengah,online,2023-01-28,5,121200.0,606000.0,1,Saturday
4213,00006,1086,Jawa Tengah,online,2023-05-04,9,198600.0,1787400.0,5,Thursday
4214,00030,1758,Yogyakarta,toko,2024-07-07,10,111500.0,1115000.0,7,Sunday
4215,00044,1335,Yogyakarta,toko,2024-07-17,9,100700.0,906300.0,7,Wednesday
4216,00058,1289,Jawa Tengah,toko,2024-07-28,4,33200.0,132800.0,7,Sunday
4217,00015,1308,Jawa Barat,toko,2023-03-10,8,120900.0,967200.0,3,Friday
4218,00038,1678,Jawa Timur,online,2024-06-09,10,160000.0,1600000.0,6,Sunday
4219,00003,1217,Jawa Tengah,toko,2023-01-15,6,112800.0,676800.0,1,Sunday
4220,00030,1637,Yogyakarta,reseller,2023-11-30,1,111700.0,111700.0,11,Thursday
4221,00053,1638,Jawa Timur,toko,2024-05-09,5,139800.0,699000.0,5,Thursday
4222,00004,1709,Yogyakarta,toko,2023-12-05,1,167600.0,167600.0,12,Tuesday
4223,00023,1652,Jawa Tengah,toko,2023-09-01,8,59000.0,472000.0,9,Friday
4224,00008,1067,Yogyakarta,reseller,2024-08-23,5,96000.0,480000.0,8,Friday
4225,00032,1080,Jawa Timur,toko,2023-12-16,7,129200.0,904400.0,12,Saturday
4226,00051,1738,Yogyakarta,reseller,2024-11-11,8,116500.0,932000.0,11,Monday
4227,00028,1369,Yogyakarta,online,2024-11-17,9,56900.0,512100.0,11,Sunday
4228,00044,1784,Yogyakarta,toko,2024-03-09,3,31000.0,93000.0,3,Saturday
4229,00018,1137,Jawa Timur,toko,2024-02-29,10,121000.0,1210000.0,2,Thursday
4230,00050,1193,Yogyakarta,toko,2024-04-11,11,153300.0,1686300.0,4,Thursday
4231,00014,1352,Jawa Barat,online,2023-08-25,3,269600.0,808800.0,8,Friday
4232,00035,1506,Jawa Tengah,online,2024-09-04,7,101700.0,711900.0,9,Wednesday
4233,00022,1151,Yogyakarta,toko,2023-09-09,2,97500.0,195000.0,9,Saturday
4234,00034,1072,Yogyakarta,online,2023-09-05,1,130200.0,130200.0,9,Tuesday
4235,00016,1454,Yogyakarta,online,2023-05-21,7,93500.0,654500.0,5,Sunday
4236,00032,1481,Yogyakarta,online,2023-05-09,3,67000.0,201000.0,5,Tuesday
4237,00016,1309,Yogyakarta,online,2024-01-25,2,42800.0,85600.0,1,Thursday
4238,00044,1566,Jawa Timur,toko,2024-07-02,10,95700.0,957000.0,7,Tuesday
4239,00014,1112,Yogyakarta,toko,2023-11-20,8,66200.0,529600.0,11,Monday
4240,00020,1596,Jawa Tengah,online,2024-03-25,2,101700.0,203400.0,3,Monday
4241,00001,1034,Jawa Tengah,toko,2024-03-26,9,103700.0,933300.0,3,Tuesday
4242,00030,1685,Jawa Timur,toko,2023-09-06,1,101000.0,101000.0,9,Wednesday
4243,00001,1775,Yogyakarta,online,2023-10-30,4,114400.0,457600.0,10,Monday
4244,00028,1234,Yogyakarta,toko,2024-09-06,3,309400.0,928200.0,9,Friday
4245,00051,1331,Yogyakarta,online,2024-03-05,10,96200.0,962000.0,3,Tuesday
4246,00040,1092,Jawa Tengah,toko,2024-07-04,1,224900.0,224900.0,7,Thursday
4247,00031,1649,Yogyakarta,toko,2024-07-12,7,97500.0,682500.0,7,Friday
4248,00013,1653,Yogyakarta,toko,2023-01-25,3,65100.0,195300.0,1,Wednesday
4249,00052,1244,Jawa Timur,reseller,2023-08-01,1,73200.0,73200.0,8,Tuesday
4250,00002,1020,Jawa Tengah,online,2024-01-05,6,34500.0,207000.0,1,Friday
4251,00012,1367,Jawa Barat,toko,2023-12-02,5,266100.0,1330500.0,12,Saturday
4252,00006,1186,Jawa Tengah,toko,2024-05-28,10,116000.0,1160000.0,5,Tuesday
4253,00021,1624,Jawa Tengah,toko,2023-02-19,11,153000.0,1683000.0,2,Sunday
4254,00011,1189,Jawa Tengah,online,2024-10-23,6,277600.0,1665600.0,10,Wednesday
4255,00009,1786,Yogyakarta,reseller,2024-11-25,2,130400.0,260800.0,11,Monday
4256,00051,1620,Jawa Tengah,toko,2024-06-01,7,261900.0,1833300.0,6,Saturday
4257,00033,1506,Jawa Timur,reseller,2023-08-17,3,24700.0,74100.0,8,Thursday
4258,00043,1353,Jawa Barat,toko,2023-06-22,2,212100.0,424200.0,6,Thursday
4259,00032,1003,Yogyakarta,toko,2023-09-21,9,119300.0,1073700.0,9,Thursday
4260,00045,1670,Jawa Tengah,toko,2023-04-21,4,71900.0,287600.0,4,Friday
4261,00045,1427,Jawa Tengah,toko,2023-10-09,2,189700.0,379400.0,10,Monday
4262,00027,1534,Yogyakarta,toko,2024-12-04,8,101500.0,812000.0,12,Wednesday
4263,00050,1080,Yogyakarta,online,2024-06-08,9,65900.0,593100.0,6,Saturday
4264,00007,1674,Jawa Timur,toko,2024-09-19,6,31500.0,189000.0,9,Thursday
4265,00056,1082,Jawa Tengah,online,2024-02-01,4,286800.0,1147200.0,2,Thursday
4266,00028,1628,Yogyakarta,toko,2023-11-06,11,97500.0,1072500.0,11,Monday
4267,00010,1234,Jawa Timur,online,2023-10-23,6,104000.0,624000.0,10,Monday
4268,00051,1704,Jawa Timur,toko,2023-10-28,5,257100.0,1285500.0,10,Saturday
4269,00040,1271,Jawa Tengah,toko,2023-08-21,4,147000.0,588000.0,8,Monday
4270,00031,1220,Jawa Tengah,reseller,2024-07-13,11,68800.0,756800.0,7,Saturday
4271,00016,1513,Jawa Timur,online,2024-06-20,2,85000.0,170000.0,6,Thursday
4272,00038,1284,Yogyakarta,online,2024-04-15,3,69300.0,207900.0,4,Monday
4273,00048,1297,Jawa Timur,online,2024-04-13,8,115600.0,924800.0,4,Saturday
4274,00023,1502,Jawa Timur,toko,2023-07-12,8,95300.0,762400.0,7,Wednesday
4275,00009,1238,Jawa Tengah,online,2023-09-19,10,46300.0,463000.0,9,Tuesday
4276,00009,1466,Yogyakarta,toko,2023-12-21,9,41600.0,374400.0,12,Thursday
4277,00047,1497,Yogyakarta,online,2023-08-25,9,196200.0,1765800.0,8,Friday
4278,00037,1622,Yogyakarta,online,2024-12-15,11,46600.0,512600.0,12,Sunday
4279,00015,1541,Yogyakarta,reseller,2024-05-07,10,50700.0,507000.0,5,Tuesday
4280,00029,1646,Yogyakarta,online,2023-11-25,2,396500.0,793000.0,11,Saturday
4281,00010,1267,Jawa Tengah,online,2023-02-17,11,60300.0,663300.0,2,Friday
4282,00021,1243,Jawa Tengah,toko,2023-01-16,7,45200.0,316400.0,1,Monday
4283,00048,1765,Jawa Timur,toko,2023-02-17,5,55600.0,278000.0,2,Friday
4284,00016,1096,Jawa Tengah,toko,2023-03-18,11,156300.0,1719300.0,3,Saturday
4285,00057,1562,Jawa Tengah,reseller,2023-03-21,3,63400.0,190200.0,3,Tuesday
4286,00042,1593,Yogyakarta,online,2023-04-22,6,91000.0,546000.0,4,Saturday
4287,00004,1791,Jawa Tengah,online,2024-12-03,6,24900.0,149400.0,12,Tuesday
4288,00019,1549,Jawa Tengah,online,2024-04-21,11,68300.0,751300.0,4,Sunday
4289,00019,1504,Jawa Tengah,online,2024-04-13,1,100700.0,100700.0,4,Saturday
4290,00034,1221,Jawa Barat,toko,2023-09-26,10,101500.0,1015000.0,9,Tuesday
4292,00016,1045,Jawa Barat,reseller,2024-04-26,4,133100.0,532400.0,4,Friday
4293,00011,1383,Jawa Barat,online,2024-03-02,3,17500.0,52500.0,3,Saturday
4294,00045,1018,Jawa Timur,toko,2023-07-28,6,37200.0,223200.0,7,Friday
4295,00037,1308,Jawa Tengah,reseller,2024-07-05,11,57700.0,634700.0,7,Friday
4296,00023,1198,Yogyakarta,online,2024-08-01,4,82200.0,328800.0,8,Thursday
4297,00042,1773,Yogyakarta,toko,2024-09-06,9,101000.0,909000.0,9,Friday
4298,00029,1218,Jawa Tengah,toko,2023-12-29,9,142500.0,1282500.0,12,Friday
4299,00053,1658,Yogyakarta,reseller,2023-01-22,10,35700.0,357000.0,1,Sunday
4300,00055,1165,Jawa Timur,reseller,2024-11-14,1,25800.0,25800.0,11,Thursday
4301,00019,1205,Jawa Tengah,toko,2023-01-11,7,156800.0,1097600.0,1,Wednesday
4302,00043,1040,Jawa Barat,online,2024-07-12,8,53600.0,428800.0,7,Friday
4303,00030,1552,Jawa Barat,toko,2023-04-19,11,23800.0,261800.0,4,Wednesday
4304,00044,1136,Jawa Barat,online,2023-12-16,1,55000.0,55000.0,12,Saturday
4305,00022,1659,Jawa Timur,toko,2024-06-26,3,74600.0,223800.0,6,Wednesday
4306,00021,1279,Yogyakarta,online,2024-12-11,1,47100.0,47100.0,12,Wednesday
4307,00002,1053,Yogyakarta,toko,2023-08-15,11,48100.0,529100.0,8,Tuesday
4308,00050,1073,Yogyakarta,toko,2023-08-24,9,178100.0,1602900.0,8,Thursday
4309,00031,1463,Jawa Tengah,toko,2024-07-18,3,50100.0,150300.0,7,Thursday
4310,00023,1165,Yogyakarta,reseller,2023-12-09,3,116500.0,349500.0,12,Saturday
4311,00032,1063,Jawa Timur,toko,2023-09-21,1,110400.0,110400.0,9,Thursday
4312,00059,1350,Jawa Timur,toko,2023-09-17,7,78300.0,548100.0,9,Sunday
4313,00050,1347,Yogyakarta,toko,2024-10-20,7,398800.0,2791600.0,10,Sunday
4314,00053,1678,Jawa Barat,toko,2023-01-24,11,43200.0,475200.0,1,Tuesday
4315,00023,1731,Jawa Tengah,online,2023-06-20,10,455700.0,4557000.0,6,Tuesday
4316,00039,1697,Jawa Tengah,toko,2023-08-15,2,54700.0,109400.0,8,Tuesday
4318,00050,1324,Jawa Tengah,toko,2023-02-21,5,116400.0,582000.0,2,Tuesday
4319,00044,1078,Yogyakarta,toko,2024-04-04,4,188600.0,754400.0,4,Thursday
4320,00033,1100,Jawa Tengah,online,2023-03-25,9,147700.0,1329300.0,3,Saturday
4321,00029,1352,Yogyakarta,toko,2023-12-30,1,78700.0,78700.0,12,Saturday
4322,00044,1215,Yogyakarta,online,2023-03-28,7,78800.0,551600.0,3,Tuesday
4323,00030,1584,Jawa Tengah,reseller,2023-04-29,5,196700.0,983500.0,4,Saturday
4324,00008,1539,Jawa Tengah,online,2023-09-29,7,244000.0,1708000.0,9,Friday
4325,00004,1610,Jawa Barat,toko,2024-02-05,9,98250.0,884250.0,2,Monday
4326,00059,1325,Yogyakarta,online,2024-02-11,3,202900.0,608700.0,2,Sunday
4327,00016,1105,Jawa Tengah,online,2024-02-19,3,136800.0,410400.0,2,Monday
4328,00048,1456,Yogyakarta,toko,2024-02-18,6,113600.0,681600.0,2,Sunday
4329,00007,1712,Jawa Tengah,reseller,2024-01-08,2,50400.0,100800.0,1,Monday
4330,00009,1589,Yogyakarta,toko,2024-04-09,10,45800.0,458000.0,4,Tuesday
4331,00002,1528,Jawa Tengah,toko,2024-09-07,2,126400.0,252800.0,9,Saturday
4332,00015,1527,Yogyakarta,online,2023-05-17,6,18500.0,111000.0,5,Wednesday
4333,00058,1681,Jawa Timur,toko,2024-01-24,8,72400.0,579200.0,1,Wednesday
4334,00034,1687,Yogyakarta,toko,2023-07-31,8,126100.0,1008800.0,7,Monday
4335,00001,1005,Yogyakarta,toko,2023-06-26,1,35900.0,35900.0,6,Monday
4336,00046,1068,Jawa Barat,toko,2023-04-03,8,259800.0,2078400.0,4,Monday
4337,00056,1392,Jawa Tengah,online,2024-04-10,3,101700.0,305100.0,4,Wednesday
4338,00009,1237,Jawa Tengah,toko,2024-10-22,5,51700.0,258500.0,10,Tuesday
4339,00033,1765,Yogyakarta,online,2023-10-05,11,91500.0,1006500.0,10,Thursday
4340,00057,1027,Yogyakarta,toko,2023-04-25,6,90700.0,544200.0,4,Tuesday
4341,00020,1545,Yogyakarta,reseller,2024-11-24,5,70600.0,353000.0,11,Sunday
4342,00021,1416,Jawa Barat,toko,2024-04-06,4,73000.0,292000.0,4,Saturday
4343,00037,1116,Yogyakarta,online,2024-09-28,11,130900.0,1439900.0,9,Saturday
4345,00055,1395,Jawa Barat,online,2024-03-13,7,103100.0,721700.0,3,Wednesday
4346,00045,1203,Yogyakarta,toko,2023-02-24,1,104500.0,104500.0,2,Friday
4347,00017,1100,Yogyakarta,online,2024-09-28,1,106300.0,106300.0,9,Saturday
4348,00029,1044,Jawa Barat,online,2024-08-29,10,64900.0,649000.0,8,Thursday
4349,00011,1748,Yogyakarta,toko,2023-10-21,3,142900.0,428700.0,10,Saturday
4350,00022,1371,Jawa Barat,toko,2024-01-05,4,73000.0,292000.0,1,Friday
4351,00057,1541,Jawa Barat,toko,2023-01-10,3,54400.0,163200.0,1,Tuesday
4352,00006,1134,Jawa Timur,toko,2024-02-14,8,145300.0,1162400.0,2,Wednesday
4354,00006,1155,Yogyakarta,reseller,2024-07-01,3,72600.0,217800.0,7,Monday
4355,00012,1665,Yogyakarta,toko,2023-09-08,4,97500.0,390000.0,9,Friday
4356,00038,1305,Jawa Tengah,reseller,2023-08-12,7,90700.0,634900.0,8,Saturday
4357,00023,1136,Yogyakarta,toko,2023-10-20,7,39000.0,273000.0,10,Friday
4358,00046,1756,Yogyakarta,reseller,2023-10-11,9,97500.0,877500.0,10,Wednesday
4359,00036,1138,Jawa Timur,toko,2024-12-07,6,90100.0,540600.0,12,Saturday
4360,00054,1288,Yogyakarta,toko,2023-04-15,8,141100.0,1128800.0,4,Saturday
4361,00019,1178,Jawa Barat,online,2024-12-15,6,91800.0,550800.0,12,Sunday
4362,00022,1567,Jawa Barat,reseller,2024-10-02,6,98250.0,589500.0,10,Wednesday
4363,00003,1760,Jawa Timur,online,2024-10-27,1,59600.0,59600.0,10,Sunday
4364,00056,1297,Yogyakarta,online,2023-10-06,11,99600.0,1095600.0,10,Friday
4365,00050,1183,Jawa Tengah,toko,2024-07-04,2,101700.0,203400.0,7,Thursday
4367,00014,1420,Yogyakarta,online,2023-08-05,5,175500.0,877500.0,8,Saturday
4368,00056,1112,Yogyakarta,online,2024-09-14,9,97400.0,876600.0,9,Saturday
4369,00031,1256,Yogyakarta,toko,2024-04-05,11,55000.0,605000.0,4,Friday
4370,00055,1147,Jawa Tengah,reseller,2023-10-24,2,101700.0,203400.0,10,Tuesday
4371,00019,1564,Jawa Timur,online,2024-06-06,3,65600.0,196800.0,6,Thursday
4372,00010,1616,Jawa Tengah,online,2024-03-11,6,220200.0,1321200.0,3,Monday
4373,00035,1132,Yogyakarta,toko,2023-07-15,4,83800.0,335200.0,7,Saturday
4374,00051,1343,Yogyakarta,toko,2023-06-23,1,62500.0,62500.0,6,Friday
4375,00007,1585,Jawa Tengah,toko,2023-07-26,1,86700.0,86700.0,7,Wednesday
4377,00003,1103,Jawa Tengah,online,2024-12-25,5,89100.0,445500.0,12,Wednesday
4378,00042,1789,Jawa Barat,toko,2023-08-19,10,132600.0,1326000.0,8,Saturday
4379,00052,1218,Jawa Barat,toko,2023-01-13,1,84400.0,84400.0,1,Friday
4380,00050,1702,Yogyakarta,toko,2024-11-09,9,75000.0,675000.0,11,Saturday
4381,00036,1294,Yogyakarta,online,2023-08-02,3,97400.0,292200.0,8,Wednesday
4382,00032,1211,Yogyakarta,toko,2024-05-03,1,124500.0,124500.0,5,Friday
4383,00008,1212,Jawa Tengah,online,2024-10-12,6,98700.0,592200.0,10,Saturday
4384,00030,1347,Jawa Tengah,toko,2024-10-17,1,136300.0,136300.0,10,Thursday
4385,00055,1514,Jawa Barat,online,2023-08-07,10,139500.0,1395000.0,8,Monday
4386,00022,1453,Yogyakarta,toko,2023-07-01,2,117200.0,234400.0,7,Saturday
4387,00017,1574,Jawa Tengah,toko,2024-01-17,5,151200.0,756000.0,1,Wednesday
4388,00052,1132,Jawa Tengah,online,2023-05-31,10,99500.0,995000.0,5,Wednesday
4389,00032,1564,Jawa Tengah,online,2023-02-17,6,194500.0,1167000.0,2,Friday
4390,00054,1341,Yogyakarta,online,2023-01-02,6,97500.0,585000.0,1,Monday
4391,00003,1709,Yogyakarta,online,2024-09-07,9,162500.0,1462500.0,9,Saturday
4392,00010,1227,Yogyakarta,online,2024-03-04,10,88000.0,880000.0,3,Monday
4393,00040,1417,Jawa Timur,toko,2024-05-12,9,42400.0,381600.0,5,Sunday
4394,00046,1648,Jawa Tengah,toko,2023-08-03,7,75700.0,529900.0,8,Thursday
4395,00058,1112,Jawa Barat,toko,2024-09-07,9,101100.0,909900.0,9,Saturday
4396,00017,1075,Jawa Timur,toko,2023-07-20,9,122900.0,1106100.0,7,Thursday
4397,00016,1694,Jawa Barat,online,2024-05-21,11,96700.0,1063700.0,5,Tuesday
4398,00011,1793,Yogyakarta,reseller,2023-11-26,2,236600.0,473200.0,11,Sunday
4399,00044,1282,Yogyakarta,reseller,2023-09-09,5,45700.0,228500.0,9,Saturday
4400,00012,1188,Yogyakarta,online,2024-02-19,8,34600.0,276800.0,2,Monday
4401,00054,1632,Yogyakarta,online,2023-05-12,5,44350000.0,221750000.0,5,Friday
4402,00034,1264,Jawa Barat,toko,2024-07-02,4,65900.0,263600.0,7,Tuesday
4403,00040,1337,Yogyakarta,online,2024-08-11,9,97500.0,877500.0,8,Sunday
4404,00017,1060,Yogyakarta,toko,2024-10-08,8,145900.0,1167200.0,10,Tuesday
4405,00043,1024,Jawa Timur,reseller,2024-04-06,4,492300.0,1969200.0,4,Saturday
4406,00015,1730,Yogyakarta,toko,2023-05-22,2,45300.0,90600.0,5,Monday
4407,00011,1059,Yogyakarta,toko,2024-12-19,8,52300.0,418400.0,12,Thursday
4408,00006,1662,Yogyakarta,toko,2023-12-27,4,97500.0,390000.0,12,Wednesday
4409,00009,1642,Jawa Timur,toko,2023-10-03,8,41200.0,329600.0,10,Tuesday
4410,00020,1054,Yogyakarta,online,2024-11-02,9,63000.0,567000.0,11,Saturday
4411,00007,1793,Jawa Tengah,toko,2023-06-14,4,211100.0,844400.0,6,Wednesday
4412,00046,1422,Yogyakarta,toko,2023-08-21,1,95300.0,95300.0,8,Monday
4413,00021,1357,Jawa Barat,toko,2024-02-28,5,97200.0,486000.0,2,Wednesday
4414,00002,1312,Jawa Barat,reseller,2024-02-09,2,98250.0,196500.0,2,Friday
4415,00053,1140,Jawa Tengah,reseller,2023-07-29,4,35900.0,143600.0,7,Saturday
4416,00029,1484,Yogyakarta,toko,2023-11-22,4,106100.0,424400.0,11,Wednesday
4417,00039,1742,Jawa Barat,reseller,2024-09-20,8,96000.0,768000.0,9,Friday
4418,00036,1268,Jawa Timur,toko,2024-06-30,3,115700.0,347100.0,6,Sunday
4419,00047,1216,Jawa Tengah,toko,2024-08-14,10,54900.0,549000.0,8,Wednesday
4420,00003,1765,Jawa Tengah,online,2024-06-15,10,76600.0,766000.0,6,Saturday
4421,00022,1170,Jawa Tengah,toko,2024-06-29,5,93000.0,465000.0,6,Saturday
4422,00018,1174,Yogyakarta,reseller,2023-10-19,10,152400.0,1524000.0,10,Thursday
4423,00034,1045,Yogyakarta,reseller,2023-03-17,2,64300.0,128600.0,3,Friday
4424,00054,1656,Yogyakarta,toko,2023-07-13,10,141900.0,1419000.0,7,Thursday
4426,00059,1214,Jawa Tengah,toko,2024-04-04,5,126800.0,634000.0,4,Thursday
4427,00028,1085,Jawa Tengah,reseller,2023-03-15,4,155900.0,623600.0,3,Wednesday
4428,00051,1519,Jawa Tengah,reseller,2024-11-13,7,57800.0,404600.0,11,Wednesday
4429,00057,1148,Yogyakarta,toko,2023-06-29,3,83100.0,249300.0,6,Thursday
4430,00011,1342,Yogyakarta,reseller,2023-10-21,7,97500.0,682500.0,10,Saturday
4431,00014,1075,Yogyakarta,online,2023-09-25,10,117100.0,1171000.0,9,Monday
4432,00046,1420,Yogyakarta,toko,2023-12-31,8,200100.0,1600800.0,12,Sunday
4433,00025,1454,Jawa Tengah,toko,2024-03-16,3,110400.0,331200.0,3,Saturday
4435,00019,1570,Jawa Tengah,toko,2024-09-06,8,88000.0,704000.0,9,Friday
4436,00011,1500,Jawa Timur,toko,2024-10-09,11,115800.0,1273800.0,10,Wednesday
4437,00050,1623,Jawa Tengah,toko,2023-01-31,8,156100.0,1248800.0,1,Tuesday
4438,00029,1054,Jawa Tengah,toko,2023-02-09,8,114800.0,918400.0,2,Thursday
4439,00001,1627,Yogyakarta,online,2024-01-29,8,71600.0,572800.0,1,Monday
4440,00055,1047,Jawa Barat,online,2023-10-06,1,81000.0,81000.0,10,Friday
4441,00008,1668,Yogyakarta,toko,2023-09-03,7,62100.0,434700.0,9,Sunday
4442,00052,1776,Yogyakarta,toko,2023-03-07,9,59300.0,533700.0,3,Tuesday
4443,00042,1590,Jawa Timur,online,2023-03-30,2,74200.0,148400.0,3,Thursday
4444,00024,1202,Yogyakarta,toko,2023-11-19,7,70500.0,493500.0,11,Sunday
4445,00024,1106,Jawa Tengah,toko,2023-05-17,1,154700.0,154700.0,5,Wednesday
4446,00004,1285,Jawa Timur,reseller,2024-03-13,9,49200.0,442800.0,3,Wednesday
4447,00024,1240,Jawa Barat,toko,2023-05-13,9,102900.0,926100.0,5,Saturday
4448,00054,1191,Jawa Tengah,reseller,2023-03-22,4,49700.0,198800.0,3,Wednesday
4449,00052,1278,Yogyakarta,online,2024-04-17,8,157000.0,1256000.0,4,Wednesday
4450,00059,1516,Jawa Tengah,toko,2024-05-01,3,117900.0,353700.0,5,Wednesday
4451,00040,1326,Yogyakarta,toko,2023-05-03,10,206500.0,2065000.0,5,Wednesday
4452,00031,1787,Jawa Timur,toko,2023-07-14,6,135800.0,814800.0,7,Friday
4453,00048,1710,Jawa Barat,reseller,2023-09-27,7,54300.0,380100.0,9,Wednesday
4454,00014,1322,Jawa Barat,online,2023-06-03,3,101000.0,303000.0,6,Saturday
4455,00054,1783,Yogyakarta,toko,2024-01-01,11,68400.0,752400.0,1,Monday
4456,00033,1257,Jawa Barat,online,2023-09-04,7,72800.0,509600.0,9,Monday
4457,00027,1449,Jawa Barat,toko,2024-05-12,3,54400.0,163200.0,5,Sunday
4458,00042,1279,Jawa Timur,reseller,2024-11-09,6,82500.0,495000.0,11,Saturday
4459,00035,1521,Jawa Tengah,toko,2024-05-07,4,104200.0,416800.0,5,Tuesday
4460,00029,1021,Jawa Tengah,toko,2024-10-05,8,111800.0,894400.0,10,Saturday
4461,00054,1394,Yogyakarta,toko,2024-12-06,5,419400.0,2097000.0,12,Friday
4462,00021,1071,Jawa Tengah,toko,2023-08-09,1,89800.0,89800.0,8,Wednesday
4463,00050,1239,Yogyakarta,online,2023-05-31,5,103900.0,519500.0,5,Wednesday
4464,00015,1038,Yogyakarta,online,2023-01-23,9,93700.0,843300.0,1,Monday
4465,00025,1478,Jawa Tengah,reseller,2024-03-28,1,85200.0,85200.0,3,Thursday
4466,00018,1259,Yogyakarta,toko,2023-03-13,2,82900.0,165800.0,3,Monday
4467,00011,1306,Yogyakarta,toko,2024-09-13,10,97500.0,975000.0,9,Friday
4468,00003,1787,Yogyakarta,toko,2023-11-27,6,88100.0,528600.0,11,Monday
4470,00016,1112,Jawa Tengah,toko,2023-01-19,5,126700.0,633500.0,1,Thursday
4471,00059,1263,Jawa Tengah,reseller,2023-06-12,4,59200.0,236800.0,6,Monday
4472,00057,1439,Jawa Barat,toko,2024-05-17,11,98250.0,1080750.0,5,Friday
4473,00019,1112,Jawa Tengah,online,2023-09-10,5,118200.0,591000.0,9,Sunday
4474,00001,1165,Jawa Timur,toko,2024-03-13,9,84300.0,758700.0,3,Wednesday
4475,00044,1535,Yogyakarta,toko,2023-03-05,8,86500.0,692000.0,3,Sunday
4476,00043,1029,Yogyakarta,reseller,2023-10-29,11,93600.0,1029600.0,10,Sunday
4477,00022,1609,Yogyakarta,online,2024-04-28,6,140800.0,844800.0,4,Sunday
4478,00047,1669,Jawa Tengah,toko,2023-04-20,3,109500.0,328500.0,4,Thursday
4479,00007,1324,Jawa Timur,online,2024-08-27,9,72300.0,650700.0,8,Tuesday
4480,00024,1101,Yogyakarta,toko,2024-11-28,6,96200.0,577200.0,11,Thursday
4481,00013,1393,Yogyakarta,toko,2024-12-13,6,201900.0,1211400.0,12,Friday
4482,00036,1108,Jawa Timur,toko,2023-09-26,10,56900.0,569000.0,9,Tuesday
4483,00005,1139,Yogyakarta,toko,2023-09-04,8,144400.0,1155200.0,9,Monday
4484,00014,1653,Jawa Tengah,toko,2023-06-30,10,85700.0,857000.0,6,Friday
4485,00010,1752,Yogyakarta,toko,2024-02-03,7,843700.0,5905900.0,2,Saturday
4486,00040,1194,Yogyakarta,online,2024-12-20,7,142200.0,995400.0,12,Friday
4487,00025,1788,Yogyakarta,toko,2024-08-22,9,102000.0,918000.0,8,Thursday
4488,00042,1159,Yogyakarta,online,2024-07-01,6,92900.0,557400.0,7,Monday
4489,00008,1761,Jawa Timur,online,2023-04-13,4,41200.0,164800.0,4,Thursday
4490,00044,1754,Yogyakarta,online,2024-01-31,3,73600.0,220800.0,1,Wednesday
4491,00035,1008,Yogyakarta,reseller,2023-11-29,10,314700.0,3147000.0,11,Wednesday
4492,00030,1155,Yogyakarta,online,2023-09-13,6,121700.0,730200.0,9,Wednesday
4493,00023,1461,Yogyakarta,online,2024-06-26,10,83800.0,838000.0,6,Wednesday
4494,00058,1665,Yogyakarta,online,2024-08-13,10,98400.0,984000.0,8,Tuesday
4495,00038,1391,Jawa Timur,online,2023-01-06,2,101500.0,203000.0,1,Friday
4496,00052,1245,Jawa Tengah,reseller,2024-05-27,8,57200.0,457600.0,5,Monday
4497,00015,1548,Jawa Tengah,online,2024-07-05,6,105200.0,631200.0,7,Friday
4498,00034,1452,Jawa Tengah,toko,2024-10-07,10,132700.0,1327000.0,10,Monday
4499,00042,1460,Jawa Tengah,toko,2024-06-07,9,101700.0,915300.0,6,Friday
4500,00041,1248,Jawa Barat,toko,2024-12-14,7,86200.0,603400.0,12,Saturday
4501,00026,1782,Jawa Tengah,reseller,2023-05-28,6,20500.0,123000.0,5,Sunday
4502,00017,1271,Jawa Timur,toko,2024-02-28,2,37600.0,75200.0,2,Wednesday
4503,00020,1396,Jawa Barat,toko,2024-02-01,9,159900.0,1439100.0,2,Thursday
4504,00056,1745,Jawa Tengah,reseller,2024-08-26,3,200400.0,601200.0,8,Monday
4506,00039,1726,Yogyakarta,online,2024-10-28,5,47100.0,235500.0,10,Monday
4507,00041,1353,Yogyakarta,toko,2024-10-16,5,94300.0,471500.0,10,Wednesday
4508,00053,1139,Yogyakarta,toko,2023-05-30,10,81600.0,816000.0,5,Tuesday
4509,00025,1776,Yogyakarta,toko,2023-08-13,9,182500.0,1642500.0,8,Sunday
4510,00018,1579,Jawa Tengah,toko,2024-04-03,6,119200.0,715200.0,4,Wednesday
4511,00005,1292,Yogyakarta,reseller,2023-02-17,9,103800.0,934200.0,2,Friday
4512,00058,1111,Yogyakarta,online,2024-09-11,11,139900.0,1538900.0,9,Wednesday
4513,00026,1193,Yogyakarta,online,2023-01-26,4,76300.0,305200.0,1,Thursday
4514,00007,1239,Yogyakarta,online,2024-08-06,6,173000.0,1038000.0,8,Tuesday
4515,00004,1321,Jawa Barat,toko,2023-07-14,2,81600.0,163200.0,7,Friday
4516,00032,1056,Jawa Tengah,toko,2024-06-24,9,186200.0,1675800.0,6,Monday
4517,00028,1322,Jawa Tengah,online,2024-12-18,3,101700.0,305100.0,12,Wednesday
4518,00007,1518,Yogyakarta,online,2023-12-02,8,113200.0,905600.0,12,Saturday
4519,00053,1062,Jawa Tengah,reseller,2023-12-22,9,51700.0,465300.0,12,Friday
4520,00012,1581,Jawa Timur,toko,2024-09-23,1,41000.0,41000.0,9,Monday
4521,00023,1716,Yogyakarta,toko,2024-11-30,11,40400.0,444400.0,11,Saturday
4522,00046,1597,Jawa Tengah,reseller,2023-12-25,5,131200.0,656000.0,12,Monday
4523,00026,1305,Jawa Tengah,toko,2024-10-06,11,29000.0,319000.0,10,Sunday
4524,00004,1619,Jawa Tengah,toko,2023-08-03,7,101700.0,711900.0,8,Thursday
4525,00040,1585,Jawa Tengah,online,2023-11-02,5,82300.0,411500.0,11,Thursday
4526,00023,1315,Jawa Barat,reseller,2023-11-21,11,45900.0,504900.0,11,Tuesday
4527,00044,1484,Yogyakarta,reseller,2023-11-04,8,97500.0,780000.0,11,Saturday
4528,00012,1141,Yogyakarta,online,2024-08-24,9,48700.0,438300.0,8,Saturday
4529,00036,1639,Jawa Barat,toko,2023-08-19,7,101300.0,709100.0,8,Saturday
4530,00051,1003,Yogyakarta,toko,2023-02-27,3,85000.0,255000.0,2,Monday
4531,00014,1585,Jawa Barat,online,2023-01-22,8,196500.0,1572000.0,1,Sunday
4532,00005,1352,Jawa Tengah,online,2023-01-09,4,165600.0,662400.0,1,Monday
4533,00029,1008,Yogyakarta,toko,2024-08-22,11,169300.0,1862300.0,8,Thursday
4534,00020,1746,Jawa Barat,online,2023-02-16,6,76100.0,456600.0,2,Thursday
4535,00037,1742,Yogyakarta,reseller,2024-05-19,8,202100.0,1616800.0,5,Sunday
4536,00051,1359,Yogyakarta,toko,2023-04-08,4,95100.0,380400.0,4,Saturday
4537,00055,1099,Yogyakarta,online,2023-02-24,3,105800.0,317400.0,2,Friday
4538,00041,1492,Jawa Tengah,toko,2023-06-19,5,127500.0,637500.0,6,Monday
4539,00056,1439,Jawa Timur,online,2024-09-16,5,115700.0,578500.0,9,Monday
4540,00042,1733,Jawa Barat,toko,2023-04-11,7,46200.0,323400.0,4,Tuesday
4541,00056,1361,Jawa Tengah,reseller,2024-10-11,1,143100.0,143100.0,10,Friday
4542,00059,1690,Yogyakarta,toko,2023-01-14,1,40000.0,40000.0,1,Saturday
4543,00011,1059,Jawa Tengah,online,2023-02-18,5,64700000.0,323500000.0,2,Saturday
4544,00002,1591,Jawa Tengah,toko,2023-07-16,5,95100.0,475500.0,7,Sunday
4545,00001,1182,Jawa Barat,toko,2023-07-18,2,103300.0,206600.0,7,Tuesday
4546,00040,1473,Jawa Tengah,reseller,2024-03-16,1,53000.0,53000.0,3,Saturday
4547,00022,1743,Jawa Timur,toko,2023-05-30,7,174800.0,1223600.0,5,Tuesday
4548,00044,1185,Yogyakarta,reseller,2024-06-26,1,90900.0,90900.0,6,Wednesday
4549,00052,1787,Yogyakarta,reseller,2023-04-03,8,160500.0,1284000.0,4,Monday
4550,00045,1598,Jawa Tengah,online,2023-12-12,10,65200.0,652000.0,12,Tuesday
4551,00024,1123,Yogyakarta,online,2023-11-09,10,65700.0,657000.0,11,Thursday
4552,00043,1334,Jawa Barat,toko,2024-11-07,1,102900.0,102900.0,11,Thursday
4553,00041,1094,Jawa Timur,online,2023-12-16,6,177900.0,1067400.0,12,Saturday
4554,00005,1565,Jawa Tengah,online,2023-02-01,8,46600.0,372800.0,2,Wednesday
4555,00003,1430,Yogyakarta,online,2024-02-29,10,71100.0,711000.0,2,Thursday
4556,00005,1178,Jawa Tengah,online,2024-10-04,9,74200.0,667800.0,10,Friday
4557,00032,1526,Yogyakarta,toko,2023-06-13,9,84800.0,763200.0,6,Tuesday
4558,00046,1752,Jawa Tengah,toko,2023-02-05,1,76200.0,76200.0,2,Sunday
4559,00049,1026,Jawa Barat,online,2024-08-03,1,182800.0,182800.0,8,Saturday
4560,00037,1131,Yogyakarta,toko,2024-03-13,1,148200.0,148200.0,3,Wednesday
4561,00057,1790,Jawa Barat,online,2024-03-05,11,100300.0,1103300.0,3,Tuesday
4562,00016,1632,Jawa Timur,toko,2023-05-30,1,160100.0,160100.0,5,Tuesday
4563,00015,1395,Yogyakarta,toko,2023-04-18,3,178100.0,534300.0,4,Tuesday
4564,00001,1712,Yogyakarta,toko,2024-06-07,10,69600.0,696000.0,6,Friday
4565,00008,1669,Jawa Timur,online,2023-01-20,11,65400.0,719400.0,1,Friday
4566,00032,1121,Jawa Barat,reseller,2024-06-29,6,98250.0,589500.0,6,Saturday
4567,00046,1650,Yogyakarta,reseller,2024-09-07,7,332400.0,2326800.0,9,Saturday
4568,00006,1692,Jawa Barat,online,2024-08-17,2,25600.0,51200.0,8,Saturday
4569,00050,1583,Jawa Barat,online,2023-12-09,3,69400.0,208200.0,12,Saturday
4570,00045,1515,Jawa Timur,toko,2023-08-04,11,154700.0,1701700.0,8,Friday
4571,00008,1124,Jawa Barat,toko,2023-07-07,9,62500.0,562500.0,7,Friday
4572,00021,1482,Jawa Barat,reseller,2023-04-26,7,162500.0,1137500.0,4,Wednesday
4573,00038,1528,Yogyakarta,toko,2023-11-30,8,112600.0,900800.0,11,Thursday
4574,00048,1203,Jawa Tengah,toko,2024-07-08,10,48400.0,484000.0,7,Monday
4575,00049,1400,Yogyakarta,toko,2023-07-11,4,76000.0,304000.0,7,Tuesday
4576,00006,1262,Yogyakarta,online,2024-05-16,2,122400.0,244800.0,5,Thursday
4577,00004,1459,Yogyakarta,reseller,2023-03-19,6,59400.0,356400.0,3,Sunday
4578,00030,1188,Jawa Tengah,toko,2023-11-28,7,138500.0,969500.0,11,Tuesday
4579,00014,1049,Jawa Timur,online,2024-08-21,11,118200.0,1300200.0,8,Wednesday
4580,00006,1353,Jawa Tengah,online,2023-11-12,9,101700.0,915300.0,11,Sunday
4581,00027,1555,Yogyakarta,online,2023-09-23,8,123700.0,989600.0,9,Saturday
4582,00047,1518,Yogyakarta,reseller,2024-01-01,5,80600.0,403000.0,1,Monday
4583,00032,1425,Yogyakarta,online,2023-04-23,3,97500.0,292500.0,4,Sunday
4584,00034,1582,Jawa Timur,online,2024-11-28,6,95700.0,574200.0,11,Thursday
4585,00037,1131,Jawa Tengah,toko,2024-10-17,3,221900.0,665700.0,10,Thursday
4586,00014,1564,Yogyakarta,online,2023-04-03,1,85100.0,85100.0,4,Monday
4587,00039,1226,Yogyakarta,online,2024-09-25,5,192100.0,960500.0,9,Wednesday
4588,00057,1277,Jawa Tengah,toko,2024-03-10,3,336600.0,1009800.0,3,Sunday
4589,00006,1013,Yogyakarta,toko,2024-03-15,6,243900.0,1463400.0,3,Friday
4590,00041,1268,Yogyakarta,online,2024-09-18,3,98000.0,294000.0,9,Wednesday
4591,00025,1366,Yogyakarta,toko,2023-11-17,11,108300.0,1191300.0,11,Friday
4592,00020,1610,Yogyakarta,online,2023-03-16,5,96600.0,483000.0,3,Thursday
4593,00009,1137,Jawa Barat,online,2024-11-28,7,118300.0,828100.0,11,Thursday
4594,00051,1779,Jawa Barat,toko,2024-06-26,1,61700.0,61700.0,6,Wednesday
4595,00026,1146,Jawa Tengah,toko,2023-03-03,10,35200.0,352000.0,3,Friday
4596,00023,1177,Jawa Timur,online,2024-08-20,1,119000.0,119000.0,8,Tuesday
4597,00058,1792,Yogyakarta,toko,2024-12-23,11,101700.0,1118700.0,12,Monday
4598,00056,1330,Yogyakarta,online,2023-07-01,7,238100.0,1666700.0,7,Saturday
4599,00006,1324,Yogyakarta,toko,2023-06-07,1,278700.0,278700.0,6,Wednesday
4600,00018,1220,Jawa Timur,reseller,2023-09-08,11,95700.0,1052700.0,9,Friday
4601,00018,1444,Jawa Timur,toko,2024-11-28,9,58200.0,523800.0,11,Thursday
4602,00059,1779,Jawa Barat,reseller,2023-11-09,3,154200.0,462600.0,11,Thursday
4603,00002,1744,Yogyakarta,toko,2023-08-18,1,194300.0,194300.0,8,Friday
4604,00004,1013,Jawa Tengah,toko,2024-12-23,6,101700.0,610200.0,12,Monday
4605,00050,1409,Yogyakarta,toko,2024-08-13,6,102500.0,615000.0,8,Tuesday
4606,00044,1713,Jawa Tengah,online,2024-10-24,6,34400.0,206400.0,10,Thursday
4607,00025,1020,Yogyakarta,toko,2023-06-28,5,366900.0,1834500.0,6,Wednesday
4608,00018,1613,Yogyakarta,online,2024-11-08,9,66400.0,597600.0,11,Friday
4609,00001,1335,Yogyakarta,toko,2024-09-23,3,136800.0,410400.0,9,Monday
4610,00026,1265,Jawa Tengah,reseller,2023-09-25,6,120500.0,723000.0,9,Monday
4611,00033,1161,Jawa Tengah,online,2023-07-28,7,59300.0,415100.0,7,Friday
4612,00038,1544,Yogyakarta,reseller,2024-10-07,6,161700.0,970200.0,10,Monday
4613,00021,1051,Yogyakarta,online,2023-09-17,2,228600.0,457200.0,9,Sunday
4614,00003,1295,Jawa Barat,toko,2023-12-29,1,96400.0,96400.0,12,Friday
4615,00016,1168,Yogyakarta,reseller,2023-12-14,7,107600.0,753200.0,12,Thursday
4616,00014,1509,Jawa Tengah,reseller,2024-03-12,1,144500.0,144500.0,3,Tuesday
4617,00057,1226,Yogyakarta,online,2024-10-11,10,173900.0,1739000.0,10,Friday
4618,00007,1340,Yogyakarta,online,2024-04-26,5,162600.0,813000.0,4,Friday
4619,00049,1334,Yogyakarta,toko,2023-08-08,8,59500.0,476000.0,8,Tuesday
4620,00044,1732,Jawa Barat,toko,2024-06-22,2,98250.0,196500.0,6,Saturday
4621,00028,1341,Yogyakarta,online,2023-06-03,5,72200.0,361000.0,6,Saturday
4623,00006,1699,Jawa Timur,toko,2023-11-05,6,46400.0,278400.0,11,Sunday
4624,00030,1649,Yogyakarta,online,2023-09-29,2,97500.0,195000.0,9,Friday
4625,00047,1521,Jawa Tengah,online,2024-02-27,2,101700.0,203400.0,2,Tuesday
4626,00020,1461,Yogyakarta,toko,2023-04-02,9,97500.0,877500.0,4,Sunday
4627,00047,1769,Yogyakarta,toko,2023-04-27,9,164300.0,1478700.0,4,Thursday
4628,00014,1297,Yogyakarta,toko,2024-09-27,4,120100.0,480400.0,9,Friday
4629,00018,1597,Jawa Tengah,reseller,2023-12-15,1,158600.0,158600.0,12,Friday
4630,00056,1773,Jawa Timur,toko,2023-11-27,8,89900.0,719200.0,11,Monday
4631,00035,1541,Yogyakarta,reseller,2024-07-31,5,97500.0,487500.0,7,Wednesday
4632,00030,1156,Yogyakarta,toko,2024-12-01,7,60300.0,422100.0,12,Sunday
4633,00033,1737,Jawa Tengah,online,2023-10-10,10,114000.0,1140000.0,10,Tuesday
4634,00039,1726,Yogyakarta,online,2023-07-13,8,35100.0,280800.0,7,Thursday
4635,00034,1523,Yogyakarta,toko,2024-08-28,4,60100.0,240400.0,8,Wednesday
4636,00042,1785,Jawa Timur,toko,2024-04-03,3,138600.0,415800.0,4,Wednesday
4637,00014,1203,Yogyakarta,online,2024-07-29,5,161100.0,805500.0,7,Monday
4638,00049,1679,Yogyakarta,online,2024-12-28,2,95400.0,190800.0,12,Saturday
4639,00001,1196,Jawa Timur,online,2023-11-11,8,51200.0,409600.0,11,Saturday
4640,00016,1488,Yogyakarta,online,2024-05-25,10,137200.0,1372000.0,5,Saturday
4641,00019,1232,Yogyakarta,online,2023-08-02,8,64900.0,519200.0,8,Wednesday
4642,00005,1497,Yogyakarta,toko,2024-10-15,6,92200.0,553200.0,10,Tuesday
4643,00048,1635,Yogyakarta,reseller,2023-10-23,2,56800.0,113600.0,10,Monday
4644,00028,1742,Yogyakarta,online,2024-11-11,8,280800.0,2246400.0,11,Monday
4645,00043,1038,Jawa Tengah,reseller,2023-09-03,11,232600.0,2558600.0,9,Sunday
4646,00011,1346,Jawa Tengah,reseller,2024-01-26,5,61000.0,305000.0,1,Friday
4647,00059,1713,Jawa Tengah,toko,2024-07-11,1,50700.0,50700.0,7,Thursday
4648,00002,1659,Yogyakarta,toko,2023-05-13,1,96000.0,96000.0,5,Saturday
4649,00038,1329,Yogyakarta,online,2023-07-04,1,141600.0,141600.0,7,Tuesday
4650,00055,1619,Jawa Barat,online,2024-04-04,2,202800.0,405600.0,4,Thursday
4651,00052,1223,Jawa Timur,reseller,2024-02-05,6,95700.0,574200.0,2,Monday
4652,00037,1686,Yogyakarta,toko,2024-04-21,2,48600.0,97200.0,4,Sunday
4653,00058,1446,Jawa Barat,online,2023-08-14,7,117100.0,819700.0,8,Monday
4654,00025,1352,Yogyakarta,toko,2023-08-23,1,115100.0,115100.0,8,Wednesday
4655,00021,1446,Jawa Tengah,toko,2024-11-09,11,39800.0,437800.0,11,Saturday
4656,00009,1522,Yogyakarta,online,2023-05-14,8,85200.0,681600.0,5,Sunday
4657,00041,1220,Jawa Tengah,online,2024-03-30,11,83400.0,917400.0,3,Saturday
4658,00045,1073,Jawa Barat,toko,2023-09-12,11,56400.0,620400.0,9,Tuesday
4659,00004,1152,Yogyakarta,toko,2023-03-21,5,112300.0,561500.0,3,Tuesday
4660,00032,1057,Jawa Timur,toko,2024-07-23,5,180800.0,904000.0,7,Tuesday
4661,00037,1602,Jawa Timur,reseller,2024-04-30,6,176400.0,1058400.0,4,Tuesday
4662,00011,1085,Yogyakarta,online,2023-08-21,11,59300.0,652300.0,8,Monday
4663,00031,1167,Yogyakarta,online,2024-06-28,9,70600.0,635400.0,6,Friday
4664,00058,1588,Yogyakarta,toko,2024-08-03,2,146900.0,293800.0,8,Saturday
4665,00047,1443,Jawa Tengah,reseller,2023-08-31,3,81700.0,245100.0,8,Thursday
4666,00057,1284,Yogyakarta,toko,2023-09-22,4,80900.0,323600.0,9,Friday
4668,00055,1726,Jawa Timur,online,2024-08-09,7,22800.0,159600.0,8,Friday
4669,00057,1321,Jawa Barat,toko,2024-09-09,2,68000.0,136000.0,9,Monday
4670,00049,1063,Jawa Timur,reseller,2024-03-20,8,61100.0,488800.0,3,Wednesday
4671,00026,1630,Jawa Timur,online,2024-10-16,5,95900.0,479500.0,10,Wednesday
4672,00032,1137,Jawa Tengah,online,2024-11-17,1,262900.0,262900.0,11,Sunday
4673,00028,1741,Jawa Tengah,reseller,2024-11-26,9,91000.0,819000.0,11,Tuesday
4674,00018,1669,Jawa Tengah,online,2023-06-15,10,83900.0,839000.0,6,Thursday
4675,00034,1432,Jawa Tengah,online,2023-09-12,6,54100000.0,324600000.0,9,Tuesday
4676,00039,1334,Jawa Tengah,online,2024-07-16,11,83000.0,913000.0,7,Tuesday
4677,00050,1663,Yogyakarta,toko,2024-04-03,9,122800.0,1105200.0,4,Wednesday
4678,00009,1176,Jawa Tengah,toko,2023-11-24,4,423900.0,1695600.0,11,Friday
4679,00031,1123,Yogyakarta,toko,2023-05-07,5,66600.0,333000.0,5,Sunday
4680,00037,1624,Yogyakarta,online,2023-05-31,4,87800.0,351200.0,5,Wednesday
4681,00037,1241,Yogyakarta,toko,2024-05-13,2,94700.0,189400.0,5,Monday
4683,00044,1599,Jawa Tengah,toko,2024-11-05,9,139700.0,1257300.0,11,Tuesday
4684,00001,1778,Jawa Timur,online,2023-06-30,5,95300.0,476500.0,6,Friday
4685,00038,1660,Jawa Timur,toko,2023-09-18,10,95700.0,957000.0,9,Monday
4686,00043,1219,Jawa Tengah,toko,2024-05-10,6,84600.0,507600.0,5,Friday
4687,00018,1659,Yogyakarta,online,2023-12-01,6,108500.0,651000.0,12,Friday
4688,00021,1686,Yogyakarta,reseller,2024-09-12,10,59200.0,592000.0,9,Thursday
4689,00017,1584,Jawa Tengah,toko,2024-04-04,7,184200.0,1289400.0,4,Thursday
4690,00042,1383,Yogyakarta,online,2023-08-10,8,70200.0,561600.0,8,Thursday
4691,00013,1555,Jawa Barat,reseller,2023-12-27,6,42000.0,252000.0,12,Wednesday
4692,00047,1748,Jawa Barat,toko,2023-09-05,2,156400.0,312800.0,9,Tuesday
4693,00018,1026,Jawa Barat,online,2023-03-24,10,91300.0,913000.0,3,Friday
4694,00050,1237,Jawa Barat,toko,2023-03-31,4,106900.0,427600.0,3,Friday
4695,00057,1593,Jawa Tengah,online,2023-11-13,5,39200.0,196000.0,11,Monday
4696,00037,1740,Jawa Timur,reseller,2024-01-22,10,44700.0,447000.0,1,Monday
4697,00002,1268,Jawa Tengah,toko,2024-02-04,1,55300.0,55300.0,2,Sunday
4698,00050,1242,Jawa Timur,online,2023-03-22,11,90400.0,994400.0,3,Wednesday
4699,00045,1706,Yogyakarta,toko,2024-03-13,6,91300.0,547800.0,3,Wednesday
4700,00039,1358,Jawa Tengah,online,2023-08-18,4,217500.0,870000.0,8,Friday
4701,00054,1027,Jawa Tengah,toko,2024-06-21,8,238300.0,1906400.0,6,Friday
4702,00055,1506,Jawa Barat,online,2024-10-23,1,53200000.0,53200000.0,10,Wednesday
4703,00027,1007,Jawa Tengah,online,2024-10-02,1,93400.0,93400.0,10,Wednesday
4704,00053,1443,Jawa Tengah,toko,2024-01-14,9,292800.0,2635200.0,1,Sunday
4706,00003,1536,Jawa Tengah,toko,2023-08-15,3,176200.0,528600.0,8,Tuesday
4707,00031,1227,Yogyakarta,toko,2024-09-22,1,74700.0,74700.0,9,Sunday
4708,00016,1556,Jawa Tengah,toko,2024-07-04,3,93100.0,279300.0,7,Thursday
4709,00044,1089,Yogyakarta,toko,2024-11-14,5,84200.0,421000.0,11,Thursday
4710,00023,1214,Yogyakarta,online,2023-01-01,5,66400.0,332000.0,1,Sunday
4711,00044,1754,Yogyakarta,online,2024-03-10,7,122300.0,856100.0,3,Sunday
4712,00015,1007,Yogyakarta,toko,2024-06-23,1,61500.0,61500.0,6,Sunday
4713,00050,1790,Yogyakarta,online,2023-07-08,10,92700.0,927000.0,7,Saturday
4714,00011,1578,Jawa Timur,online,2024-08-11,8,125000.0,1000000.0,8,Sunday
4715,00013,1389,Jawa Tengah,toko,2023-01-26,4,330400.0,1321600.0,1,Thursday
4716,00052,1480,Jawa Tengah,toko,2023-12-22,10,33200.0,332000.0,12,Friday
4717,00044,1301,Jawa Tengah,toko,2023-10-26,5,103000.0,515000.0,10,Thursday
4718,00002,1450,Jawa Tengah,online,2023-06-05,4,143700.0,574800.0,6,Monday
4719,00027,1177,Yogyakarta,toko,2024-02-24,11,81000.0,891000.0,2,Saturday
4720,00011,1396,Jawa Tengah,online,2023-06-13,8,162500.0,1300000.0,6,Tuesday
4721,00053,1327,Yogyakarta,toko,2024-06-01,11,133700.0,1470700.0,6,Saturday
4722,00045,1742,Jawa Barat,online,2024-10-19,2,98250.0,196500.0,10,Saturday
4723,00046,1752,Jawa Barat,online,2023-03-23,9,77600.0,698400.0,3,Thursday
4724,00014,1237,Yogyakarta,toko,2024-06-06,4,87300.0,349200.0,6,Thursday
4725,00043,1499,Yogyakarta,toko,2023-08-01,2,86700.0,173400.0,8,Tuesday
4726,00016,1729,Jawa Tengah,toko,2024-12-11,2,56000.0,112000.0,12,Wednesday
4727,00036,1285,Jawa Tengah,toko,2023-12-09,9,109500.0,985500.0,12,Saturday
4728,00058,1134,Jawa Tengah,online,2023-05-20,2,53900.0,107800.0,5,Saturday
4729,00047,1779,Jawa Timur,toko,2023-01-31,2,57900.0,115800.0,1,Tuesday
4730,00045,1555,Yogyakarta,reseller,2023-11-03,4,44600.0,178400.0,11,Friday
4731,00010,1239,Jawa Barat,reseller,2024-04-02,9,185400.0,1668600.0,4,Tuesday
4732,00027,1753,Yogyakarta,toko,2024-07-24,5,71400.0,357000.0,7,Wednesday
4733,00034,1703,Jawa Barat,toko,2023-01-04,8,59400.0,475200.0,1,Wednesday
4734,00009,1123,Jawa Tengah,toko,2024-03-03,1,155400.0,155400.0,3,Sunday
4735,00038,1311,Yogyakarta,toko,2024-03-26,7,77700.0,543900.0,3,Tuesday
4736,00016,1616,Yogyakarta,toko,2023-12-20,8,119500.0,956000.0,12,Wednesday
4737,00059,1194,Jawa Barat,online,2023-08-15,8,89100.0,712800.0,8,Tuesday
4738,00058,1218,Jawa Tengah,online,2023-04-07,8,121300.0,970400.0,4,Friday
4739,00031,1415,Jawa Tengah,toko,2024-03-22,5,110000.0,550000.0,3,Friday
4740,00047,1047,Jawa Tengah,online,2024-11-19,4,28600.0,114400.0,11,Tuesday
4741,00057,1369,Jawa Timur,online,2024-11-21,10,95700.0,957000.0,11,Thursday
4742,00005,1344,Yogyakarta,online,2023-06-04,5,175200.0,876000.0,6,Sunday
4743,00012,1098,Yogyakarta,reseller,2023-11-16,11,42800.0,470800.0,11,Thursday
4744,00042,1559,Jawa Barat,online,2024-06-09,3,164200.0,492600.0,6,Sunday
4745,00012,1450,Yogyakarta,online,2024-04-02,7,86700.0,606900.0,4,Tuesday
4746,00023,1226,Yogyakarta,reseller,2024-03-16,2,105400.0,210800.0,3,Saturday
4747,00053,1381,Jawa Barat,reseller,2024-09-09,9,205600.0,1850400.0,9,Monday
4748,00043,1760,Jawa Tengah,online,2024-07-25,11,174300.0,1917300.0,7,Thursday
4749,00027,1251,Jawa Tengah,toko,2023-07-21,6,172500.0,1035000.0,7,Friday
4750,00018,1001,Yogyakarta,online,2024-07-16,11,311100.0,3422100.0,7,Tuesday
4751,00025,1127,Jawa Timur,online,2023-09-10,4,184000.0,736000.0,9,Sunday
4752,00008,1214,Yogyakarta,online,2023-12-03,6,69900.0,419400.0,12,Sunday
4753,00050,1088,Jawa Timur,toko,2023-04-28,3,47500.0,142500.0,4,Friday
4754,00002,1273,Yogyakarta,online,2024-01-28,10,159200.0,1592000.0,1,Sunday
4755,00008,1347,Jawa Barat,toko,2024-10-31,9,37100.0,333900.0,10,Thursday
4756,00018,1296,Jawa Barat,toko,2023-02-27,6,80700.0,484200.0,2,Monday
4757,00024,1529,Jawa Tengah,reseller,2024-01-01,9,80300.0,722700.0,1,Monday
4758,00051,1239,Yogyakarta,reseller,2024-07-02,11,66000.0,726000.0,7,Tuesday
4759,00045,1144,Jawa Tengah,toko,2023-02-16,2,101700.0,203400.0,2,Thursday
4760,00053,1017,Jawa Tengah,online,2023-07-25,7,118600.0,830200.0,7,Tuesday
4761,00041,1603,Jawa Barat,toko,2024-06-05,4,86800.0,347200.0,6,Wednesday
4762,00041,1167,Yogyakarta,reseller,2023-03-28,10,164600.0,1646000.0,3,Tuesday
4763,00013,1219,Jawa Tengah,toko,2023-12-11,11,78100.0,859100.0,12,Monday
4764,00045,1209,Jawa Tengah,online,2023-02-02,7,196000.0,1372000.0,2,Thursday
4765,00026,1774,Jawa Tengah,toko,2024-09-08,3,317400.0,952200.0,9,Sunday
4766,00012,1537,Jawa Tengah,toko,2023-08-02,7,91600.0,641200.0,8,Wednesday
4767,00050,1485,Yogyakarta,online,2023-09-22,10,97500.0,975000.0,9,Friday
4768,00021,1301,Yogyakarta,online,2023-04-06,7,190600.0,1334200.0,4,Thursday
4769,00058,1672,Jawa Timur,reseller,2024-06-22,10,32200.0,322000.0,6,Saturday
4770,00054,1577,Jawa Timur,online,2023-05-04,10,48200.0,482000.0,5,Thursday
4771,00049,1757,Jawa Barat,online,2023-01-02,5,54900.0,274500.0,1,Monday
4772,00059,1353,Yogyakarta,online,2023-10-22,2,39200.0,78400.0,10,Sunday
4773,00017,1183,Yogyakarta,toko,2024-03-23,9,98400.0,885600.0,3,Saturday
4774,00027,1272,Yogyakarta,toko,2023-09-10,8,116800.0,934400.0,9,Sunday
4775,00012,1638,Yogyakarta,online,2024-07-18,9,97100.0,873900.0,7,Thursday
4776,00046,1127,Yogyakarta,toko,2023-07-16,8,97100.0,776800.0,7,Sunday
4777,00024,1482,Jawa Tengah,toko,2023-02-12,10,166300.0,1663000.0,2,Sunday
4778,00056,1182,Jawa Barat,toko,2023-05-12,11,182000.0,2002000.0,5,Friday
4779,00010,1683,Yogyakarta,toko,2024-01-12,2,200600.0,401200.0,1,Friday
4780,00059,1721,Jawa Barat,toko,2024-03-21,4,90900.0,363600.0,3,Thursday
4781,00012,1552,Yogyakarta,toko,2023-06-26,10,99600.0,996000.0,6,Monday
4782,00018,1364,Jawa Tengah,online,2024-01-29,8,228700.0,1829600.0,1,Monday
4783,00057,1515,Jawa Timur,toko,2023-08-30,3,124700.0,374100.0,8,Wednesday
4784,00039,1250,Yogyakarta,toko,2023-10-13,5,209400.0,1047000.0,10,Friday
4785,00028,1513,Jawa Barat,reseller,2024-08-18,8,75200.0,601600.0,8,Sunday
4786,00024,1174,Jawa Tengah,toko,2023-05-22,7,96100.0,672700.0,5,Monday
4787,00017,1313,Yogyakarta,toko,2024-05-03,5,68400.0,342000.0,5,Friday
4788,00028,1701,Yogyakarta,toko,2024-07-26,1,97400.0,97400.0,7,Friday
4789,00013,1083,Yogyakarta,online,2024-11-03,8,125700.0,1005600.0,11,Sunday
4790,00028,1563,Jawa Barat,toko,2023-03-16,10,76300.0,763000.0,3,Thursday
4791,00034,1253,Yogyakarta,reseller,2024-03-10,9,302100.0,2718900.0,3,Sunday
4792,00017,1555,Yogyakarta,toko,2023-10-07,3,42200.0,126600.0,10,Saturday
4793,00022,1552,Jawa Timur,toko,2023-06-14,3,161600.0,484800.0,6,Wednesday
4794,00002,1643,Yogyakarta,online,2023-05-31,6,53000.0,318000.0,5,Wednesday
4795,00053,1510,Jawa Tengah,reseller,2024-04-09,10,116800.0,1168000.0,4,Tuesday
4796,00046,1193,Yogyakarta,reseller,2024-06-13,2,63500.0,127000.0,6,Thursday
4797,00059,1511,Jawa Tengah,toko,2024-10-26,10,102700.0,1027000.0,10,Saturday
4798,00042,1584,Jawa Tengah,online,2024-01-26,11,101700.0,1118700.0,1,Friday
4799,00059,1366,Jawa Tengah,toko,2024-03-19,6,62400.0,374400.0,3,Tuesday
4800,00050,1057,Yogyakarta,online,2024-10-26,8,49100.0,392800.0,10,Saturday
4801,00011,1685,Jawa Tengah,online,2023-09-18,3,65600.0,196800.0,9,Monday
4802,00010,1531,Yogyakarta,toko,2024-05-01,10,99700.0,997000.0,5,Wednesday
4803,00039,1216,Jawa Timur,online,2023-08-11,10,156600.0,1566000.0,8,Friday
4804,00014,1257,Jawa Barat,toko,2024-04-15,9,246500.0,2218500.0,4,Monday
4805,00045,1707,Yogyakarta,online,2023-07-31,6,36900.0,221400.0,7,Monday
4806,00036,1529,Jawa Timur,toko,2023-02-27,10,127800.0,1278000.0,2,Monday
4807,00058,1603,Yogyakarta,online,2024-11-06,3,75300.0,225900.0,11,Wednesday
4808,00056,1181,Yogyakarta,reseller,2023-01-09,8,99100.0,792800.0,1,Monday
4809,00050,1137,Jawa Timur,online,2024-11-16,9,118100.0,1062900.0,11,Saturday
4810,00028,1282,Jawa Barat,reseller,2024-04-12,1,154800.0,154800.0,4,Friday
4811,00041,1604,Jawa Barat,reseller,2024-05-15,11,124100.0,1365100.0,5,Wednesday
4812,00012,1536,Jawa Tengah,online,2024-07-26,1,97100.0,97100.0,7,Friday
4813,00055,1189,Jawa Barat,online,2024-10-08,7,239900.0,1679300.0,10,Tuesday
4814,00036,1751,Jawa Barat,online,2024-09-21,9,115500.0,1039500.0,9,Saturday
4815,00037,1102,Yogyakarta,online,2024-07-17,8,98200.0,785600.0,7,Wednesday
4816,00057,1272,Yogyakarta,online,2024-12-22,4,188400.0,753600.0,12,Sunday
4817,00027,1528,Yogyakarta,online,2023-05-05,7,97500.0,682500.0,5,Friday
4818,00052,1135,Yogyakarta,reseller,2024-10-01,8,57600.0,460800.0,10,Tuesday
4819,00044,1389,Yogyakarta,toko,2024-07-31,8,225400.0,1803200.0,7,Wednesday
4820,00054,1099,Jawa Tengah,toko,2024-02-08,5,87800.0,439000.0,2,Thursday
4821,00009,1615,Jawa Barat,toko,2024-09-28,6,35600.0,213600.0,9,Saturday
4822,00025,1537,Jawa Tengah,online,2024-05-16,10,155000.0,1550000.0,5,Thursday
4823,00036,1018,Yogyakarta,toko,2024-04-02,5,195400.0,977000.0,4,Tuesday
4824,00016,1715,Yogyakarta,toko,2023-09-16,4,63200.0,252800.0,9,Saturday
4825,00022,1701,Jawa Tengah,toko,2023-02-18,1,46700.0,46700.0,2,Saturday
4826,00052,1013,Jawa Tengah,online,2024-12-14,2,95400.0,190800.0,12,Saturday
4827,00052,1464,Jawa Tengah,reseller,2023-05-04,10,120400.0,1204000.0,5,Thursday
4828,00047,1275,Jawa Tengah,online,2024-12-12,10,101700.0,1017000.0,12,Thursday
4829,00014,1352,Jawa Barat,toko,2023-04-11,10,58300.0,583000.0,4,Tuesday
4830,00051,1135,Yogyakarta,online,2024-05-31,4,97500.0,390000.0,5,Friday
4831,00006,1181,Jawa Tengah,toko,2024-08-23,11,132800.0,1460800.0,8,Friday
4832,00024,1763,Jawa Timur,toko,2023-06-19,5,39700.0,198500.0,6,Monday
4833,00006,1218,Jawa Barat,toko,2024-04-24,4,51900.0,207600.0,4,Wednesday
4834,00017,1105,Jawa Timur,online,2024-02-15,9,81500.0,733500.0,2,Thursday
4835,00046,1634,Yogyakarta,toko,2024-01-20,1,68500.0,68500.0,1,Saturday
4836,00015,1054,Jawa Timur,online,2024-05-14,3,110600.0,331800.0,5,Tuesday
4837,00029,1784,Jawa Barat,toko,2023-12-22,3,131100.0,393300.0,12,Friday
4838,00052,1614,Jawa Tengah,online,2024-08-16,11,281200.0,3093200.0,8,Friday
4839,00016,1004,Jawa Barat,toko,2024-09-21,3,120100.0,360300.0,9,Saturday
4840,00055,1799,Yogyakarta,toko,2024-04-15,1,165300.0,165300.0,4,Monday
4841,00035,1415,Jawa Timur,toko,2023-07-31,5,40300.0,201500.0,7,Monday
4842,00022,1619,Jawa Tengah,toko,2024-08-06,9,66000.0,594000.0,8,Tuesday
4843,00038,1478,Yogyakarta,toko,2023-07-13,11,178400.0,1962400.0,7,Thursday
4844,00052,1091,Yogyakarta,online,2024-07-20,10,42800.0,428000.0,7,Saturday
4845,00020,1495,Yogyakarta,reseller,2024-12-16,7,209300.0,1465100.0,12,Monday
4846,00023,1326,Yogyakarta,toko,2024-04-21,7,133500.0,934500.0,4,Sunday
4847,00005,1598,Jawa Tengah,toko,2023-07-04,8,105500.0,844000.0,7,Tuesday
4848,00027,1416,Jawa Tengah,reseller,2023-03-26,3,91300.0,273900.0,3,Sunday
4849,00020,1444,Yogyakarta,online,2023-10-04,4,50400.0,201600.0,10,Wednesday
4850,00034,1718,Yogyakarta,reseller,2024-06-22,2,52900.0,105800.0,6,Saturday
4851,00037,1285,Jawa Tengah,toko,2024-05-05,4,72300.0,289200.0,5,Sunday
4852,00014,1602,Yogyakarta,online,2023-12-09,9,76500.0,688500.0,12,Saturday
4853,00020,1134,Jawa Tengah,online,2023-05-22,8,196300.0,1570400.0,5,Monday
4854,00016,1048,Jawa Tengah,online,2024-08-06,9,54700.0,492300.0,8,Tuesday
4855,00005,1524,Jawa Tengah,toko,2024-06-23,4,68400.0,273600.0,6,Sunday
4856,00016,1362,Jawa Barat,toko,2023-03-21,9,36300.0,326700.0,3,Tuesday
4857,00041,1444,Yogyakarta,toko,2024-07-27,9,107000.0,963000.0,7,Saturday
4858,00016,1622,Yogyakarta,toko,2023-12-24,11,97400.0,1071400.0,12,Sunday
4859,00025,1529,Yogyakarta,toko,2023-01-14,7,181500.0,1270500.0,1,Saturday
4860,00031,1434,Jawa Tengah,toko,2023-08-20,7,289900.0,2029300.0,8,Sunday
4861,00001,1715,Yogyakarta,reseller,2024-05-10,2,132200.0,264400.0,5,Friday
4862,00006,1533,Yogyakarta,toko,2023-12-19,11,60000.0,660000.0,12,Tuesday
4863,00003,1784,Jawa Timur,online,2023-06-22,10,110800.0,1108000.0,6,Thursday
4864,00047,1773,Jawa Tengah,online,2024-12-17,11,114600.0,1260600.0,12,Tuesday
4866,00011,1782,Jawa Tengah,toko,2024-07-15,7,52800.0,369600.0,7,Monday
4867,00010,1127,Jawa Barat,toko,2023-12-30,6,118500.0,711000.0,12,Saturday
4868,00027,1669,Jawa Tengah,online,2024-10-04,9,49000.0,441000.0,10,Friday
4869,00007,1757,Jawa Tengah,reseller,2023-05-15,7,92900.0,650300.0,5,Monday
4870,00038,1457,Yogyakarta,toko,2024-09-03,2,82100.0,164200.0,9,Tuesday
4871,00042,1159,Jawa Barat,online,2024-11-19,2,22500.0,45000.0,11,Tuesday
4872,00009,1246,Jawa Tengah,toko,2023-02-15,11,137700.0,1514700.0,2,Wednesday
4873,00059,1646,Jawa Tengah,toko,2023-12-06,3,326200.0,978600.0,12,Wednesday
4874,00025,1127,Jawa Tengah,toko,2024-06-10,6,79200.0,475200.0,6,Monday
4875,00050,1338,Yogyakarta,toko,2023-07-26,7,68600.0,480200.0,7,Wednesday
4876,00034,1133,Jawa Tengah,toko,2024-06-27,6,165200.0,991200.0,6,Thursday
4877,00052,1796,Yogyakarta,toko,2024-02-13,4,46300.0,185200.0,2,Tuesday
4879,00019,1017,Yogyakarta,toko,2024-06-15,3,111800.0,335400.0,6,Saturday
4880,00053,1618,Jawa Barat,toko,2023-07-04,10,70800.0,708000.0,7,Tuesday
4881,00053,1152,Jawa Timur,toko,2024-09-14,2,93500.0,187000.0,9,Saturday
4882,00047,1686,Jawa Tengah,toko,2023-09-30,4,60200.0,240800.0,9,Saturday
4883,00040,1457,Yogyakarta,online,2023-04-06,5,70100.0,350500.0,4,Thursday
4884,00008,1731,Jawa Barat,toko,2024-04-17,9,142000.0,1278000.0,4,Wednesday
4885,00046,1108,Jawa Barat,reseller,2023-03-18,6,59400.0,356400.0,3,Saturday
4886,00050,1230,Yogyakarta,toko,2023-07-18,10,70400.0,704000.0,7,Tuesday
4887,00039,1145,Yogyakarta,online,2024-10-18,3,65600.0,196800.0,10,Friday
4888,00033,1267,Jawa Tengah,toko,2024-01-05,5,130000.0,650000.0,1,Friday
4889,00039,1694,Jawa Timur,toko,2024-05-10,5,78800.0,394000.0,5,Friday
4890,00041,1156,Yogyakarta,online,2023-10-28,5,60100.0,300500.0,10,Saturday
4891,00007,1692,Jawa Barat,online,2024-12-01,11,117600.0,1293600.0,12,Sunday
4892,00010,1435,Yogyakarta,toko,2023-02-25,10,31200.0,312000.0,2,Saturday
4893,00017,1006,Jawa Tengah,toko,2024-04-16,4,33100.0,132400.0,4,Tuesday
4894,00028,1757,Jawa Barat,reseller,2023-02-22,4,114800.0,459200.0,2,Wednesday
4895,00024,1269,Yogyakarta,online,2023-08-03,5,280100.0,1400500.0,8,Thursday
4896,00042,1606,Jawa Barat,toko,2023-05-31,9,73800.0,664200.0,5,Wednesday
4897,00036,1320,Yogyakarta,toko,2023-03-12,2,97500.0,195000.0,3,Sunday
4898,00048,1349,Jawa Tengah,online,2023-11-28,10,44300.0,443000.0,11,Tuesday
4899,00013,1072,Yogyakarta,toko,2024-06-10,2,104500.0,209000.0,6,Monday
4900,00048,1127,Yogyakarta,toko,2024-10-30,5,108900.0,544500.0,10,Wednesday
4901,00014,1490,Jawa Timur,online,2024-07-05,1,135000.0,135000.0,7,Friday
4902,00013,1674,Yogyakarta,online,2024-07-10,4,97500.0,390000.0,7,Wednesday
4903,00055,1348,Jawa Barat,toko,2023-10-21,2,292000.0,584000.0,10,Saturday
4904,00050,1716,Jawa Barat,toko,2023-08-13,3,56600.0,169800.0,8,Sunday
4905,00007,1721,Jawa Tengah,toko,2023-02-27,1,230800.0,230800.0,2,Monday
4906,00034,1614,Jawa Tengah,online,2024-07-27,3,53000.0,159000.0,7,Saturday
4907,00057,1629,Yogyakarta,toko,2023-06-11,11,152700.0,1679700.0,6,Sunday
4908,00040,1233,Yogyakarta,toko,2024-08-13,10,208800.0,2088000.0,8,Tuesday
4909,00033,1167,Jawa Barat,online,2023-04-23,1,334500.0,334500.0,4,Sunday
4910,00051,1312,Jawa Timur,toko,2024-11-08,4,91400.0,365600.0,11,Friday
4911,00036,1734,Yogyakarta,online,2024-06-06,11,38300.0,421300.0,6,Thursday
4912,00024,1466,Jawa Tengah,toko,2024-05-27,3,157700.0,473100.0,5,Monday
4913,00054,1552,Jawa Barat,online,2024-01-09,9,65300.0,587700.0,1,Tuesday
4914,00055,1734,Yogyakarta,toko,2024-03-26,8,53100.0,424800.0,3,Tuesday
4915,00055,1657,Jawa Tengah,reseller,2024-01-30,7,70000.0,490000.0,1,Tuesday
4916,00052,1194,Jawa Barat,toko,2024-05-04,4,58300.0,233200.0,5,Saturday
4917,00016,1668,Yogyakarta,online,2024-07-19,9,150800.0,1357200.0,7,Friday
4918,00048,1335,Jawa Timur,online,2023-02-24,4,108800.0,435200.0,2,Friday
4919,00019,1605,Jawa Tengah,toko,2023-04-30,8,144200.0,1153600.0,4,Sunday
4920,00023,1048,Yogyakarta,online,2024-03-10,11,159500.0,1754500.0,3,Sunday
4921,00035,1192,Jawa Tengah,toko,2023-12-14,1,78500.0,78500.0,12,Thursday
4922,00032,1002,Jawa Barat,online,2023-01-31,11,146000.0,1606000.0,1,Tuesday
4923,00053,1792,Jawa Tengah,online,2024-03-17,5,195100.0,975500.0,3,Sunday
4924,00011,1194,Jawa Tengah,reseller,2024-04-07,9,281400.0,2532600.0,4,Sunday
4925,00036,1591,Yogyakarta,toko,2023-02-13,1,107800.0,107800.0,2,Monday
4926,00045,1647,Yogyakarta,toko,2024-05-01,9,84400.0,759600.0,5,Wednesday
4927,00026,1207,Jawa Tengah,toko,2024-01-01,4,101700.0,406800.0,1,Monday
4928,00053,1540,Jawa Barat,online,2023-10-03,5,78400.0,392000.0,10,Tuesday
4929,00045,1380,Yogyakarta,toko,2024-04-09,4,97500.0,390000.0,4,Tuesday
4930,00010,1381,Yogyakarta,toko,2023-05-07,4,113100.0,452400.0,5,Sunday
4931,00009,1202,Jawa Timur,reseller,2024-04-01,3,45700.0,137100.0,4,Monday
4932,00044,1327,Jawa Tengah,online,2024-01-12,10,78000.0,780000.0,1,Friday
4933,00023,1170,Jawa Tengah,online,2024-02-02,1,87500.0,87500.0,2,Friday
4934,00041,1211,Jawa Timur,toko,2023-04-25,6,70000.0,420000.0,4,Tuesday
4935,00045,1288,Jawa Barat,toko,2024-11-29,7,69300.0,485100.0,11,Friday
4936,00003,1612,Yogyakarta,online,2023-10-06,3,119500.0,358500.0,10,Friday
4937,00042,1565,Yogyakarta,toko,2023-12-06,6,56400.0,338400.0,12,Wednesday
4938,00055,1390,Jawa Barat,toko,2024-05-30,4,128300.0,513200.0,5,Thursday
4939,00049,1270,Yogyakarta,toko,2023-02-05,1,53200.0,53200.0,2,Sunday
4940,00029,1056,Jawa Tengah,reseller,2023-01-24,9,110900.0,998100.0,1,Tuesday
4941,00029,1233,Jawa Timur,toko,2024-08-30,5,52200.0,261000.0,8,Friday
4942,00016,1501,Yogyakarta,online,2024-11-13,5,191800.0,959000.0,11,Wednesday
4943,00030,1699,Jawa Tengah,toko,2024-12-26,3,149500.0,448500.0,12,Thursday
4944,00002,1794,Jawa Tengah,online,2024-10-09,9,210300.0,1892700.0,10,Wednesday
4945,00012,1656,Jawa Tengah,toko,2024-06-10,1,60900.0,60900.0,6,Monday
4946,00047,1058,Yogyakarta,toko,2023-09-25,3,46400.0,139200.0,9,Monday
4947,00019,1541,Jawa Tengah,toko,2023-10-14,5,46400.0,232000.0,10,Saturday
4948,00020,1797,Jawa Barat,toko,2024-08-23,1,86400.0,86400.0,8,Friday
4949,00042,1084,Jawa Timur,online,2023-08-26,1,179600.0,179600.0,8,Saturday
4950,00031,1079,Jawa Tengah,online,2024-08-19,2,146800.0,293600.0,8,Monday
4951,00027,1736,Yogyakarta,reseller,2023-12-11,11,143900.0,1582900.0,12,Monday
4952,00012,1246,Yogyakarta,toko,2024-06-02,2,48700.0,97400.0,6,Sunday
4953,00021,1776,Yogyakarta,toko,2023-04-21,11,181800.0,1999800.0,4,Friday
4954,00036,1781,Jawa Timur,reseller,2023-11-02,3,148800.0,446400.0,11,Thursday
4955,00037,1390,Jawa Tengah,toko,2024-12-21,8,101700.0,813600.0,12,Saturday
4956,00024,1777,Jawa Timur,toko,2023-09-22,11,23000.0,253000.0,9,Friday
4957,00041,1416,Yogyakarta,online,2024-04-04,5,62400.0,312000.0,4,Thursday
4958,00048,1147,Jawa Tengah,toko,2023-05-29,8,91000.0,728000.0,5,Monday
4959,00006,1478,Yogyakarta,online,2024-01-11,1,97500.0,97500.0,1,Thursday
4960,00040,1576,Yogyakarta,online,2024-08-08,5,111000.0,555000.0,8,Thursday
4961,00043,1466,Yogyakarta,reseller,2024-10-29,3,94600.0,283800.0,10,Tuesday
4962,00043,1490,Yogyakarta,online,2024-05-05,2,242500.0,485000.0,5,Sunday
4963,00017,1277,Jawa Barat,online,2024-07-07,6,237900.0,1427400.0,7,Sunday
4964,00015,1318,Jawa Timur,toko,2024-12-07,9,121800.0,1096200.0,12,Saturday
4965,00026,1053,Yogyakarta,reseller,2023-06-16,10,139800.0,1398000.0,6,Friday
4966,00004,1626,Jawa Barat,toko,2024-03-27,8,98250.0,786000.0,3,Wednesday
4967,00018,1741,Yogyakarta,online,2023-09-09,4,65100.0,260400.0,9,Saturday
4968,00052,1507,Yogyakarta,online,2023-01-04,3,123700.0,371100.0,1,Wednesday
4969,00050,1284,Yogyakarta,toko,2023-09-02,3,77100.0,231300.0,9,Saturday
4970,00056,1180,Yogyakarta,toko,2023-05-27,6,56600.0,339600.0,5,Saturday
4971,00002,1722,Jawa Tengah,toko,2024-05-02,4,101700.0,406800.0,5,Thursday
4972,00038,1392,Yogyakarta,online,2023-02-02,10,184500.0,1845000.0,2,Thursday
4973,00004,1706,Jawa Barat,toko,2024-09-14,3,285600.0,856800.0,9,Saturday
4974,00055,1567,Yogyakarta,reseller,2023-07-31,11,153000.0,1683000.0,7,Monday
4975,00031,1172,Jawa Tengah,reseller,2024-11-30,11,188300.0,2071300.0,11,Saturday
4977,00014,1129,Yogyakarta,toko,2024-09-28,8,41700.0,333600.0,9,Saturday
4978,00036,1434,Jawa Tengah,online,2024-02-07,7,68500.0,479500.0,2,Wednesday
4979,00050,1188,Jawa Barat,online,2024-01-06,9,123700.0,1113300.0,1,Saturday
4980,00025,1590,Jawa Tengah,toko,2024-03-18,6,70200.0,421200.0,3,Monday
4981,00047,1471,Jawa Tengah,online,2023-06-02,8,294400.0,2355200.0,6,Friday
4982,00021,1107,Jawa Tengah,online,2023-09-26,5,197700.0,988500.0,9,Tuesday
4983,00014,1328,Yogyakarta,online,2024-08-04,11,88100.0,969100.0,8,Sunday
4984,00029,1034,Yogyakarta,reseller,2024-10-29,1,265600.0,265600.0,10,Tuesday
4985,00041,1770,Yogyakarta,reseller,2024-11-19,9,142900.0,1286100.0,11,Tuesday
4986,00014,1026,Yogyakarta,toko,2023-11-16,4,252400.0,1009600.0,11,Thursday
4987,00031,1376,Jawa Tengah,reseller,2024-07-05,8,89100.0,712800.0,7,Friday
4988,00026,1496,Yogyakarta,reseller,2023-06-22,10,97500.0,975000.0,6,Thursday
4989,00051,1207,Jawa Tengah,online,2024-09-22,7,86600.0,606200.0,9,Sunday
4990,00030,1347,Jawa Tengah,toko,2023-10-29,4,99600.0,398400.0,10,Sunday
4991,00001,1250,Jawa Barat,reseller,2024-11-24,2,190600.0,381200.0,11,Sunday
4992,00002,1668,Jawa Tengah,online,2023-10-09,8,91940400.00000022,735523200.0,10,Monday
4993,00030,1567,Jawa Barat,toko,2024-05-19,7,106200.0,743400.0,5,Sunday
4994,00024,1777,Jawa Barat,toko,2023-05-12,11,98250.0,1080750.0,5,Friday
4995,00005,1666,Yogyakarta,reseller,2024-10-27,5,59700.0,298500.0,10,Sunday
4996,00017,1089,Jawa Barat,toko,2024-02-23,9,87700.0,789300.0,2,Friday
4997,00021,1694,Jawa Tengah,online,2023-07-30,9,131400.0,1182600.0,7,Sunday
4999,00013,1281,Yogyakarta,online,2024-01-18,1,77200.0,77200.0,1,Thursday
5000,00048,1335,Yogyakarta,online,2023-01-11,3,52200.0,156600.0,1,Wednesday
